time,left_gaze_origin_x,left_gaze_origin_y,left_gaze_origin_z,left_gaze_direction_x,left_gaze_direction_y,left_gaze_direction_z,right_gaze_origin_x,right_gaze_origin_y,right_gaze_origin_z,right_gaze_direction_x,right_gaze_direction_y,right_gaze_direction_z,combined_gaze_origin_x,combined_gaze_origin_y,combined_gaze_origin_z,combined_gaze_direction_x,combined_gaze_direction_y,combined_gaze_direction_z,eye_openness_left,eye_openness_right,pupil_diameter_left,pupil_diameter_right,focus_point_x,focus_point_y,focus_point_z,focus_distance,focus_object,tracking_provider
0,NaN,NaN,NaN,NaN,NaN,NaN,NaN,NaN,NaN,NaN,NaN,NaN,NaN,NaN,NaN,NaN,NaN,NaN,NaN,NaN,NaN,NaN,NaN,NaN,NaN,NaN,None,Unavailable
0.0199999921,NaN,NaN,NaN,NaN,NaN,NaN,NaN,NaN,NaN,NaN,NaN,NaN,NaN,NaN,NaN,NaN,NaN,NaN,NaN,NaN,NaN,NaN,NaN,NaN,NaN,NaN,None,Unavailable
0.1914358,NaN,NaN,NaN,NaN,NaN,NaN,NaN,NaN,NaN,NaN,NaN,NaN,NaN,NaN,NaN,NaN,NaN,NaN,NaN,NaN,NaN,NaN,NaN,NaN,NaN,NaN,None,Unavailable
0.22190389,NaN,NaN,NaN,NaN,NaN,NaN,NaN,NaN,NaN,NaN,NaN,NaN,NaN,NaN,NaN,NaN,NaN,NaN,NaN,NaN,NaN,NaN,NaN,NaN,NaN,NaN,None,Unavailable
0.2346105,NaN,NaN,NaN,NaN,NaN,NaN,NaN,NaN,NaN,NaN,NaN,NaN,NaN,NaN,NaN,NaN,NaN,NaN,NaN,NaN,NaN,NaN,NaN,NaN,NaN,NaN,None,Unavailable
0.243150592,0.0492318869,-0.009003043,-0.0322743058,-0.04531748,-0.1753127,0.983469248,0.0492318869,-0.009003043,-0.0322743058,-0.04531748,-0.1753127,0.983469248,0.0492318869,-0.009003043,-0.0322743058,-0.04531748,-0.1753127,0.983469248,NaN,NaN,NaN,NaN,-0.0234044529,-3.199056E-20,0.144072667,1.60283279,Plane,XR.DevicePose:Eye Tracking OpenXR
0.3252368,0.047298342,-0.008083105,-0.0409104824,-0.07625542,-0.185731977,0.979637,0.047298342,-0.008083105,-0.0409104824,-0.07625542,-0.185731977,0.979637,0.047298342,-0.008083105,-0.0409104824,-0.07625542,-0.185731977,0.979637,NaN,NaN,NaN,NaN,-0.068447426,-1.0225845E-20,0.04605311,1.51786923,Plane,XR.DevicePose:Eye Tracking OpenXR
0.3371742,0.04676059,-0.007709384,-0.0417664647,-0.08135077,-0.184948713,0.9793753,0.04676059,-0.007709384,-0.0417664647,-0.08135077,-0.184948713,0.9793753,0.04676059,-0.007709384,-0.0417664647,-0.08135077,-0.184948713,0.9793753,NaN,NaN,NaN,NaN,-0.07740658,-1.178214E-20,0.05306204,1.52631819,Plane,XR.DevicePose:Eye Tracking OpenXR
0.3440013,0.046462208,-0.007526517,-0.0422124863,-0.08238206,-0.183167949,0.979623735,0.046462208,-0.007526517,-0.0422124863,-0.08238206,-0.183167949,0.979623735,0.046462208,-0.007526517,-0.0422124863,-0.08238206,-0.183167949,0.979623735,NaN,NaN,NaN,NaN,-0.08058374,-1.52152183E-20,0.06852325,1.54215539,Plane,XR.DevicePose:Eye Tracking OpenXR
0.3579791,0.04586658,-0.00704944134,-0.0430628657,-0.0912805,-0.18167536,0.9791128,0.04586658,-0.00704944134,-0.0430628657,-0.0912805,-0.18167536,0.9791128,0.04586658,-0.00704944134,-0.0430628657,-0.0912805,-0.18167536,0.9791128,NaN,NaN,NaN,NaN,-0.09629835,-1.817656E-20,0.0818599463,1.55745137,Plane,XR.DevicePose:Eye Tracking OpenXR
0.3682363,0.0454717278,-0.00675618649,-0.04358369,-0.093134135,-0.178569689,0.979509532,0.0454717278,-0.00675618649,-0.04358369,-0.093134135,-0.178569689,0.979509532,0.0454717278,-0.00675618649,-0.04358369,-0.093134135,-0.178569689,0.979509532,NaN,NaN,NaN,NaN,-0.102255844,-2.44465879E-20,0.110097639,1.58618069,Plane,XR.DevicePose:Eye Tracking OpenXR
0.3762624,0.0449695,-0.00640761852,-0.0442324281,-0.102202922,-0.177326441,0.9788309,0.0449695,-0.00640761852,-0.0442324281,-0.102202922,-0.177326441,0.9788309,0.0449695,-0.00640761852,-0.0442324281,-0.102202922,-0.177326441,0.9788309,NaN,NaN,NaN,NaN,-0.118480273,-2.69082661E-20,0.121184051,1.59926713,Plane,XR.DevicePose:Eye Tracking OpenXR
0.387953877,0.04453647,-0.00619936,-0.0447454453,-0.0662663952,-0.153899416,0.985861957,0.04453647,-0.00619936,-0.0447454453,-0.0662663952,-0.153899416,0.985861957,0.04453647,-0.00619936,-0.0447454453,-0.0662663952,-0.153899416,0.985861957,NaN,NaN,NaN,NaN,-0.0776631,-8.287594E-20,0.373240083,1.84406543,Plane,XR.DevicePose:Eye Tracking OpenXR
0.398684,0.04369247,-0.00591480732,-0.045673728,-0.07236672,-0.1515665,0.9857944,0.04369247,-0.00591480732,-0.045673728,-0.07236672,-0.1515665,0.9857944,0.04369247,-0.00591480732,-0.045673728,-0.07236672,-0.1515665,0.9857944,NaN,NaN,NaN,NaN,-0.0919464156,-8.926927E-20,0.402033,1.87432671,Plane,XR.DevicePose:Eye Tracking OpenXR
0.4101387,0.0431167781,-0.00573050976,-0.04633975,-0.0793633461,-0.151847109,0.9852126,0.0431167781,-0.00573050976,-0.04633975,-0.0793633461,-0.151847109,0.9852126,0.0431167781,-0.00573050976,-0.04633975,-0.0793633461,-0.151847109,0.9852126,NaN,NaN,NaN,NaN,-0.105457522,-8.83854634E-20,0.398052722,1.87207687,Plane,XR.DevicePose:Eye Tracking OpenXR
0.4288244,0.0419730246,-0.00541710854,-0.04765737,-0.0337024741,-0.150967643,0.987964034,0.0419730246,-0.00541710854,-0.04765737,-0.0337024741,-0.150967643,0.987964034,0.0419730246,-0.00541710854,-0.04765737,-0.0337024741,-0.150967643,0.987964034,NaN,NaN,NaN,NaN,-0.02155812,-9.208458E-20,0.414712071,1.88505864,Plane,XR.DevicePose:Eye Tracking OpenXR
0.4354211,0.0416589677,-0.005330801,-0.0479519367,-0.03352795,-0.150745854,0.98800385,0.0416589677,-0.005330801,-0.0479519367,-0.03352795,-0.150745854,0.98800385,0.0416589677,-0.005330801,-0.0479519367,-0.03352795,-0.150745854,0.98800385,NaN,NaN,NaN,NaN,-0.0216553751,-9.27684E-20,0.417791724,1.88840461,Plane,XR.DevicePose:Eye Tracking OpenXR
0.443061,0.0412075222,-0.005166054,-0.0483883023,-0.0422564521,-0.1503079,0.987735748,0.0412075222,-0.005166054,-0.0483883023,-0.0422564521,-0.1503079,0.987735748,0.0412075222,-0.005166054,-0.0483883023,-0.0422564521,-0.1503079,0.987735748,NaN,NaN,NaN,NaN,-0.0388685837,-9.400733E-20,0.423371375,1.89500308,Plane,XR.DevicePose:Eye Tracking OpenXR
0.454517,0.0405931175,-0.00489473343,-0.04891461,-0.0506419428,-0.149457544,0.987470448,0.0405931175,-0.00489473343,-0.04891461,-0.0506419428,-0.149457544,0.987470448,0.0405931175,-0.00489473343,-0.04891461,-0.0506419428,-0.149457544,0.987470448,NaN,NaN,NaN,NaN,-0.05601146,-9.654433E-20,0.434797,1.90760028,Plane,XR.DevicePose:Eye Tracking OpenXR
0.4655804,0.0397827923,-0.00453293324,-0.04945624,-0.05894912,-0.147669569,0.9872784,0.0397827923,-0.00453293324,-0.04945624,-0.05894912,-0.147669569,0.9872784,0.0397827923,-0.00453293324,-0.04945624,-0.05894912,-0.147669569,0.9872784,NaN,NaN,NaN,NaN,-0.07417456,-1.01938527E-19,0.4590903,1.93314731,Plane,XR.DevicePose:Eye Tracking OpenXR
0.476775,0.0392455459,-0.004311204,-0.04968947,-0.058305,-0.146330789,0.987516,0.0392455459,-0.004311204,-0.04968947,-0.058305,-0.146330789,0.987516,0.0392455459,-0.004311204,-0.04968947,-0.058305,-0.146330789,0.987516,NaN,NaN,NaN,NaN,-0.0745861456,-1.06201415E-19,0.478288621,1.952349,Plane,XR.DevicePose:Eye Tracking OpenXR
0.4879399,0.0385231972,-0.003982663,-0.0498682261,-0.234289289,-0.223587751,0.946106255,0.0385231972,-0.003982663,-0.0498682261,-0.234289289,-0.223587751,0.946106255,0.0385231972,-0.003982663,-0.0498682261,-0.234289289,-0.223587751,0.946106255,NaN,NaN,NaN,NaN,-0.26118356,5.32002536E-20,-0.239592627,1.27921724,Plane,XR.DevicePose:Eye Tracking OpenXR
0.499483883,0.0378242135,-0.00364112854,-0.0498819947,-0.240297481,-0.22145544,0.9451003,0.0378242135,-0.00364112854,-0.0498819947,-0.240297481,-0.22145544,0.9451003,0.0378242135,-0.00364112854,-0.0498819947,-0.240297481,-0.22145544,0.9451003,NaN,NaN,NaN,NaN,-0.272898644,5.058061E-20,-0.227794826,1.29307663,Plane,XR.DevicePose:Eye Tracking OpenXR
0.510167,0.0374225974,-0.00344622135,-0.0498837233,-0.2413468,-0.218042567,0.9456263,0.0374225974,-0.00344622135,-0.0498837233,-0.2413468,-0.218042567,0.9456263,0.0374225974,-0.00344622135,-0.0498837233,-0.2413468,-0.218042567,0.9456263,NaN,NaN,NaN,NaN,-0.279757649,4.59925054E-20,-0.207131818,1.31421,Plane,XR.DevicePose:Eye Tracking OpenXR
0.5219243,0.0368987322,-0.00326621532,-0.04993081,-0.23652792,-0.216775492,0.9471341,0.0368987322,-0.00326621532,-0.04993081,-0.23652792,-0.216775492,0.9471341,0.0368987322,-0.00326621532,-0.04993081,-0.23652792,-0.216775492,0.9471341,NaN,NaN,NaN,NaN,-0.275961816,4.37728632E-20,-0.197135448,1.32272232,Plane,XR.DevicePose:Eye Tracking OpenXR
0.5392833,0.0360628366,-0.00313079357,-0.0500746965,-0.24003154,-0.218926281,0.9457569,0.0360628366,-0.00313079357,-0.0500746965,-0.24003154,-0.218926281,0.9457569,0.0360628366,-0.00313079357,-0.0500746965,-0.24003154,-0.218926281,0.9457569,NaN,NaN,NaN,NaN,-0.2784615,4.68082736E-20,-0.210805729,1.31034613,Plane,XR.DevicePose:Eye Tracking OpenXR
0.5453081,0.03584522,-0.003088355,-0.0501880646,-0.237862915,-0.220171258,0.9460158,0.03584522,-0.003088355,-0.0501880646,-0.237862915,-0.220171258,0.9460158,0.03584522,-0.003088355,-0.0501880646,-0.237862915,-0.220171258,0.9460158,NaN,NaN,NaN,NaN,-0.2741207,4.82740344E-20,-0.217406914,1.30312932,Plane,XR.DevicePose:Eye Tracking OpenXR
0.5550649,0.0355094075,-0.00298500061,-0.0503793955,-0.236890718,-0.222369879,0.9457454,0.0355094075,-0.00298500061,-0.0503793955,-0.236890718,-0.222369879,0.9457454,0.0355094075,-0.00298500061,-0.0503793955,-0.236890718,-0.222369879,0.9457454,NaN,NaN,NaN,NaN,-0.270247668,5.100285E-20,-0.229696423,1.29070985,Plane,XR.DevicePose:Eye Tracking OpenXR
0.5663176,0.0351128876,-0.002837181,-0.0506808162,-0.2344547,-0.224007875,0.9459659,0.0351128876,-0.002837181,-0.0506808162,-0.2344547,-0.224007875,0.9459659,0.0351128876,-0.002837181,-0.0506808162,-0.2344547,-0.224007875,0.9459659,NaN,NaN,NaN,NaN,-0.265441984,5.2850382E-20,-0.238016948,1.28193164,Plane,XR.DevicePose:Eye Tracking OpenXR
0.5775427,0.03467977,-0.00272429,-0.0510491729,-0.179070175,-0.237567663,0.9547227,0.03467977,-0.00272429,-0.0510491729,-0.179070175,-0.237567663,0.9547227,0.03467977,-0.00272429,-0.0510491729,-0.179070175,-0.237567663,0.9547227,NaN,NaN,NaN,NaN,-0.181858584,6.585014E-20,-0.296562672,1.20923734,Plane,XR.DevicePose:Eye Tracking OpenXR
0.588501,0.03447604,-0.00265407562,-0.051192522,-0.175593227,-0.239100471,0.954985857,0.03447604,-0.00265407562,-0.051192522,-0.175593227,-0.239100471,0.954985857,0.03447604,-0.00265407562,-0.051192522,-0.175593227,-0.239100471,0.954985857,NaN,NaN,NaN,NaN,-0.1765482,6.739287E-20,-0.303510517,1.20177889,Plane,XR.DevicePose:Eye Tracking OpenXR
0.5994184,0.034293294,-0.00242841244,-0.0512391925,-0.182567656,-0.242109865,0.9529176,0.034293294,-0.00242841244,-0.0512391925,-0.182567656,-0.242109865,0.9529176,0.034293294,-0.00242841244,-0.0512391925,-0.182567656,-0.242109865,0.9529176,NaN,NaN,NaN,NaN,-0.182555646,7.09186659E-20,-0.3193893,1.187773,Plane,XR.DevicePose:Eye Tracking OpenXR
0.6113277,0.0341061354,-0.00186252594,-0.051112473,-0.181182519,-0.231366232,0.9558465,0.0341061354,-0.00186252594,-0.051112473,-0.181182519,-0.231366232,0.9558465,0.0341061354,-0.00186252594,-0.051112473,-0.181182519,-0.231366232,0.9558465,NaN,NaN,NaN,NaN,-0.191533834,5.78929E-20,-0.260726422,1.24537385,Plane,XR.DevicePose:Eye Tracking OpenXR
0.6222459,0.0340319276,-0.00142562389,-0.0509643555,-0.181033254,-0.228352815,0.9565992,0.0340319276,-0.00142562389,-0.0509643555,-0.181033254,-0.228352815,0.9565992,0.0340319276,-0.00142562389,-0.0509643555,-0.181033254,-0.228352815,0.9565992,NaN,NaN,NaN,NaN,-0.194743678,5.37546326E-20,-0.242089346,1.26372147,Plane,XR.DevicePose:Eye Tracking OpenXR
0.6332345,0.0339506865,-0.0007761717,-0.05068779,-0.178897738,-0.22311388,0.9582358,0.0339506865,-0.0007761717,-0.05068779,-0.178897738,-0.22311388,0.9582358,0.0339506865,-0.0007761717,-0.05068779,-0.178897738,-0.22311388,0.9582358,NaN,NaN,NaN,NaN,-0.197955459,4.63009921E-20,-0.208521128,1.29630566,Plane,XR.DevicePose:Eye Tracking OpenXR
0.6445422,0.0338691771,-7.43866E-05,-0.05036241,-0.172766924,-0.218999535,0.960307658,0.0338691771,-7.43866E-05,-0.05036241,-0.172766924,-0.218999535,0.960307658,0.0338691771,-7.43866E-05,-0.05036241,-0.172766924,-0.218999535,0.960307658,NaN,NaN,NaN,NaN,-0.194850549,3.97561129E-20,-0.179045618,1.32386386,Plane,XR.DevicePose:Eye Tracking OpenXR
0.6557086,0.03387904,0.00042951107,-0.0499889255,-0.169775829,-0.215080842,0.9617258,0.03387904,0.00042951107,-0.0499889255,-0.169775829,-0.215080842,0.9617258,0.03387904,0.00042951107,-0.0499889255,-0.169775829,-0.215080842,0.9617258,NaN,NaN,NaN,NaN,-0.195373759,3.36051882E-20,-0.151344314,1.350327,Plane,XR.DevicePose:Eye Tracking OpenXR
0.6663308,0.0338872075,0.000801563263,-0.0495635867,-0.0330246761,-0.0591047741,0.99770534,0.0338872075,0.000801563263,-0.0495635867,-0.0330246761,-0.0591047741,0.99770534,0.0338872075,0.000801563263,-0.0495635867,-0.0330246761,-0.0591047741,0.99770534,NaN,NaN,NaN,NaN,-0.128597572,-7.68107871E-19,3.45925021,4.920102,Plane,XR.DevicePose:Eye Tracking OpenXR
0.6774558,0.03382933,0.0010869503,-0.04919523,-0.0315385759,-0.0555695333,0.9979566,0.03382933,0.0010869503,-0.04919523,-0.0315385759,-0.0555695333,0.9979566,0.03382933,0.0010869503,-0.04919523,-0.0315385759,-0.0555695333,0.9979566,NaN,NaN,NaN,NaN,-0.131377533,-8.389603E-19,3.778341,5.238247,Plane,XR.DevicePose:Eye Tracking OpenXR
0.6887797,0.0335864127,0.00139689445,-0.0486804247,-0.02790823,-0.05190127,0.998262167,0.0335864127,0.00139689445,-0.0486804247,-0.02790823,-0.05190127,0.998262167,0.0335864127,0.00139689445,-0.0486804247,-0.02790823,-0.05190127,0.998262167,NaN,NaN,NaN,NaN,-0.123102859,-9.228169E-19,4.15599775,5.614446,Plane,XR.DevicePose:Eye Tracking OpenXR
0.7001348,0.03335297,0.00156784058,-0.04827267,-0.0263998136,-0.0511213765,0.998343468,0.03335297,0.00156784058,-0.04827267,-0.0263998136,-0.0511213765,0.998343468,0.03335297,0.00156784058,-0.04827267,-0.0263998136,-0.0511213765,0.998343468,NaN,NaN,NaN,NaN,-0.117216833,-9.427414E-19,4.24573,5.70344162,Plane,XR.DevicePose:Eye Tracking OpenXR
0.7112865,0.03305015,0.00170183182,-0.0477741361,-0.0260378942,-0.0500093326,0.9984093,0.03305015,0.00170183182,-0.0477741361,-0.0260378942,-0.0500093326,0.9984093,0.03305015,0.00170183182,-0.0477741361,-0.0260378942,-0.0500093326,0.9984093,NaN,NaN,NaN,NaN,-0.118827514,-9.716435E-19,4.37589264,5.83294725,Plane,XR.DevicePose:Eye Tracking OpenXR
0.7221003,0.03270632,0.00176465511,-0.0472438931,-0.0243621543,-0.0475242771,0.998572946,0.03270632,0.00176465511,-0.0472438931,-0.0243621543,-0.0475242771,0.998572946,0.03270632,0.00176465511,-0.0472438931,-0.0243621543,-0.0475242771,0.998572946,NaN,NaN,NaN,NaN,-0.116859667,-1.03989455E-18,4.683269,6.13927555,Plane,XR.DevicePose:Eye Tracking OpenXR
0.7336971,0.03233242,0.00181376934,-0.0466597676,-0.0232146569,-0.04508416,0.998713434,0.03233242,0.00181376934,-0.0466597676,-0.0232146569,-0.04508416,0.998713434,0.03233242,0.00181376934,-0.0466597676,-0.0232146569,-0.04508416,0.998713434,NaN,NaN,NaN,NaN,-0.117927775,-1.11414342E-18,5.017656,6.472644,Plane,XR.DevicePose:Eye Tracking OpenXR
0.7446159,0.031953603,0.00187385082,-0.0460041761,-0.022795314,-0.0446070246,0.9987445,0.031953603,0.00187385082,-0.0460041761,-0.022795314,-0.0446070246,0.9987445,0.031953603,0.00187385082,-0.0460041761,-0.022795314,-0.0446070246,0.9987445,NaN,NaN,NaN,NaN,-0.117201291,-1.12998538E-18,5.08900166,6.543226,Plane,XR.DevicePose:Eye Tracking OpenXR
0.7557176,0.03158939,0.00201058388,-0.04524511,-0.0217659641,-0.04130083,0.998909652,0.03158939,0.00201058388,-0.04524511,-0.0217659641,-0.04130083,0.998909652,0.03158939,0.00201058388,-0.04524511,-0.0217659641,-0.04130083,0.998909652,NaN,NaN,NaN,NaN,-0.1223032,-1.24731009E-18,5.61738539,7.070331,Plane,XR.DevicePose:Eye Tracking OpenXR
0.7667795,0.0311914682,0.002099514,-0.044321835,-0.0213235077,-0.0386602469,0.999024868,0.0311914682,0.002099514,-0.044321835,-0.0213235077,-0.0386602469,0.999024868,0.0311914682,0.002099514,-0.044321835,-0.0213235077,-0.0386602469,0.999024868,NaN,NaN,NaN,NaN,-0.1299194,-1.35533088E-18,6.10386753,7.555551,Plane,XR.DevicePose:Eye Tracking OpenXR
0.7778287,0.0308856666,0.002149105,-0.0436164141,-0.02001672,-0.0362206735,0.9991433,0.0308856666,0.002149105,-0.0436164141,-0.02001672,-0.0362206735,0.9991433,0.0308856666,0.002149105,-0.0436164141,-0.02001672,-0.0362206735,0.9991433,NaN,NaN,NaN,NaN,-0.13056539,-1.46888707E-18,6.61527872,8.06581,Plane,XR.DevicePose:Eye Tracking OpenXR
0.7891612,0.03046444,0.002127409,-0.04270196,-0.0189852975,-0.03304771,0.9992734,0.03046444,0.002127409,-0.04270196,-0.0189852975,-0.03304771,0.9992734,0.03046444,0.002127409,-0.04270196,-0.0189852975,-0.03304771,0.9992734,NaN,NaN,NaN,NaN,-0.137357339,-1.64100608E-18,7.39043427,8.839565,Plane,XR.DevicePose:Eye Tracking OpenXR
0.8000887,0.0301921666,0.00212848186,-0.0420467854,-0.0185952373,-0.0317397974,0.9993232,0.0301921666,0.00212848186,-0.0420467854,-0.0185952373,-0.0317397974,0.9993232,0.0301921666,0.00212848186,-0.0420467854,-0.0185952373,-0.0317397974,0.9993232,NaN,NaN,NaN,NaN,-0.1409557,-1.72208354E-18,7.7555747,9.203854,Plane,XR.DevicePose:Eye Tracking OpenXR
0.8115587,0.02988547,0.002166748,-0.0411633253,-0.0180466976,-0.0313950554,0.9993441,0.02988547,0.002166748,-0.0411633253,-0.0180466976,-0.0313950554,0.9993441,0.02988547,0.002166748,-0.0411633253,-0.0180466976,-0.0313950554,0.9993441,NaN,NaN,NaN,NaN,-0.1380596,-1.74501939E-18,7.8588686,9.306138,Plane,XR.DevicePose:Eye Tracking OpenXR
0.8223643,0.0296360254,0.002205491,-0.0404292941,-0.0162623376,-0.0288379937,0.9994518,0.0296360254,0.002205491,-0.0404292941,-0.0162623376,-0.0288379937,0.9994518,0.0296360254,0.002205491,-0.0404292941,-0.0162623376,-0.0288379937,0.9994518,NaN,NaN,NaN,NaN,-0.135144651,-1.92882947E-18,8.686676,10.1326571,Plane,XR.DevicePose:Eye Tracking OpenXR
0.8338369,0.0293223858,0.00226676464,-0.03951955,-0.0137901157,-0.0250888467,0.9995901,0.0293223858,0.00226676464,-0.03951955,-0.0137901157,-0.0250888467,0.9995901,0.0293223858,0.00226676464,-0.03951955,-0.0137901157,-0.0250888467,0.9995901,NaN,NaN,NaN,NaN,-0.1313224,-2.26595954E-18,10.2049742,11.64927,Plane,XR.DevicePose:Eye Tracking OpenXR
0.8447323,0.0290510952,0.00235402584,-0.0386323929,-0.0112409871,-0.021775987,0.999699652,0.0290510952,0.00235402584,-0.0386323929,-0.0112409871,-0.021775987,0.999699652,0.0290510952,0.00235402584,-0.0386323929,-0.0112409871,-0.021775987,0.999699652,NaN,NaN,NaN,NaN,-0.121865012,-2.66072942E-18,11.9828606,13.4255219,Plane,XR.DevicePose:Eye Tracking OpenXR
0.8564324,0.02882126,0.00257480145,-0.037679553,-0.0090077,-0.01809469,0.9997957,0.02882126,0.00257480145,-0.037679553,-0.0090077,-0.01809469,0.9997957,0.02882126,0.00257480145,-0.037679553,-0.0090077,-0.01809469,0.9997957,NaN,NaN,NaN,NaN,-0.116825089,-3.270296E-18,14.7281036,16.169096,Plane,XR.DevicePose:Eye Tracking OpenXR
0.8672579,0.0286697745,0.00278604031,-0.0369432569,-0.008018109,-0.0183932744,0.999798656,0.0286697745,0.00278604031,-0.0369432569,-0.008018109,-0.0183932744,0.999798656,0.0286697745,0.00278604031,-0.0369432569,-0.008018109,-0.0183932744,0.999798656,NaN,NaN,NaN,NaN,-0.09896329,-3.21475163E-18,14.477953,15.9181,Plane,XR.DevicePose:Eye Tracking OpenXR
0.8782413,0.0285826325,0.00292265415,-0.03638345,-0.00610388862,-0.0153588206,0.9998634,0.0285826325,0.00292265415,-0.03638345,-0.00610388862,-0.0153588206,0.9998634,0.0285826325,0.00292265415,-0.03638345,-0.00610388862,-0.0153588206,0.9998634,NaN,NaN,NaN,NaN,-0.08447945,0.008431554,17.0840569,18.5229721,Grass(Clone),XR.DevicePose:Eye Tracking OpenXR
0.890175164,0.0284340084,0.00310242176,-0.0353682041,0.09886602,0.11827904,0.988046348,0.0284340084,0.00310242176,-0.0353682041,0.09886602,0.11827904,0.988046348,0.0284340084,0.00310242176,-0.0353682041,0.09886602,0.11827904,0.988046348,NaN,NaN,NaN,NaN,1.89056122,2.5208714,17.1743412,18.8348541,Grass(Clone),XR.DevicePose:Eye Tracking OpenXR
0.90065527,0.0283107162,0.003062129,-0.03459072,0.0988033041,0.11802268,0.988083243,0.0283107162,0.003062129,-0.03459072,0.0988033041,0.11802268,0.988083243,0.0283107162,0.003062129,-0.03459072,0.0988033041,0.11802268,0.988083243,NaN,NaN,NaN,NaN,1.8890866,2.51579952,17.1741123,18.8331337,Grass(Clone),XR.DevicePose:Eye Tracking OpenXR
0.9117765,0.028211832,0.00300216675,-0.0339998,0.100860469,0.118270963,0.9878457,0.028211832,0.00300216675,-0.0339998,0.100860469,0.118270963,0.9878457,0.028211832,0.00300216675,-0.0339998,0.100860469,0.118270963,0.9878457,NaN,NaN,NaN,NaN,1.927748,2.52043581,17.1703987,18.8333054,Grass(Clone),XR.DevicePose:Eye Tracking OpenXR
0.922929168,0.0280182958,0.00282478333,-0.0330733657,0.103988439,0.116220266,0.9877648,0.0280182958,0.00282478333,-0.0330733657,0.103988439,0.116220266,0.9877648,0.0280182958,0.00282478333,-0.0330733657,0.103988439,0.116220266,0.9877648,NaN,NaN,NaN,NaN,1.98557091,2.48063922,17.16132,18.82472,Grass(Clone),XR.DevicePose:Eye Tracking OpenXR
0.9342982,0.0278672874,0.002687335,-0.0323706269,0.105641313,0.112656765,0.9880022,0.0278672874,0.002687335,-0.0323706269,0.105641313,0.112656765,0.9880022,0.0278672874,0.002687335,-0.0323706269,0.105641313,0.112656765,0.9880022,NaN,NaN,NaN,NaN,2.01509619,2.4118855,17.1530323,18.8110981,Grass(Clone),XR.DevicePose:Eye Tracking OpenXR
0.9453687,0.0277168751,0.00254058838,-0.03160268,0.108244859,0.110540375,0.987959445,0.0277168751,0.00254058838,-0.03160268,0.108244859,0.110540375,0.987959445,0.0277168751,0.00254058838,-0.03160268,0.108244859,0.110540375,0.987959445,NaN,NaN,NaN,NaN,2.06303549,2.37102246,17.1449127,18.8029137,Grass(Clone),XR.DevicePose:Eye Tracking OpenXR
0.9566118,0.0276148319,0.00244832039,-0.03075552,0.110303842,0.107324921,0.9880862,0.0276148319,0.00244832039,-0.03075552,0.110303842,0.107324921,0.9880862,0.0276148319,0.00244832039,-0.03075552,0.110303842,0.107324921,0.9880862,NaN,NaN,NaN,NaN,2.10032964,2.309187,17.13633,18.7909584,Grass(Clone),XR.DevicePose:Eye Tracking OpenXR
0.9679222,0.02755323,0.00235998631,-0.0299405456,0.1126248,0.105160736,0.988057137,0.02755323,0.00235998631,-0.0299405456,0.1126248,0.105160736,0.988057137,0.02755323,0.00235998631,-0.0299405456,0.1126248,0.105160736,0.988057137,NaN,NaN,NaN,NaN,2.142982,2.26759219,17.12871,18.7829742,Grass(Clone),XR.DevicePose:Eye Tracking OpenXR
0.9788703,0.0274820924,0.002256155,-0.0291341543,0.11481671,0.102752261,0.988058269,0.0274820924,0.002256155,-0.0291341543,0.11481671,0.102752261,0.988058269,0.0274820924,0.002256155,-0.0291341543,0.11481671,0.102752261,0.988058269,NaN,NaN,NaN,NaN,2.18309021,2.22136283,17.1210079,18.7743416,Grass(Clone),XR.DevicePose:Eye Tracking OpenXR
0.9902118,0.0274105072,0.0021045208,-0.02862686,0.11607676,0.101895735,0.987999737,0.0274105072,0.0021045208,-0.02862686,0.11607676,0.101895735,0.987999737,0.0274105072,0.0021045208,-0.02862686,0.11607676,0.101895735,0.987999737,NaN,NaN,NaN,NaN,2.20631123,2.20481086,17.11732,18.7712078,Grass(Clone),XR.DevicePose:Eye Tracking OpenXR
1.00100982,0.02726984,0.00177800655,-0.0279490948,0.118561819,0.09958923,0.987939835,0.02726984,0.00177800655,-0.0279490948,0.118561819,0.09958923,0.987939835,0.02726984,0.00177800655,-0.0279490948,0.118561819,0.09958923,0.987939835,NaN,NaN,NaN,NaN,2.25189519,2.16041327,17.10918,18.76342,Grass(Clone),XR.DevicePose:Eye Tracking OpenXR
1.012675,0.027123183,0.00137877464,-0.02732569,0.12118981,0.0968352556,0.9878947,0.027123183,0.00137877464,-0.02732569,0.12118981,0.0968352556,0.9878947,0.027123183,0.00137877464,-0.02732569,0.12118981,0.0968352556,0.9878947,NaN,NaN,NaN,NaN,2.299976,2.10747552,17.1001339,18.75449,Grass(Clone),XR.DevicePose:Eye Tracking OpenXR
1.02355206,0.0268729329,0.00068748,-0.0265428424,0.123531759,0.09310376,0.9879634,0.0268729329,0.00068748,-0.0265428424,0.123531759,0.09310376,0.9879634,0.0268729329,0.00068748,-0.0265428424,0.123531759,0.09310376,0.9879634,NaN,NaN,NaN,NaN,2.3421247,2.03565264,17.0900249,18.7421589,Grass(Clone),XR.DevicePose:Eye Tracking OpenXR
1.03455758,0.02667287,0.000280737877,-0.0260902643,0.123940594,0.09145696,0.988065958,0.02667287,0.000280737877,-0.0260902643,0.123940594,0.09145696,0.988065958,0.02667287,0.000280737877,-0.0260902643,0.123940594,0.09145696,0.988065958,NaN,NaN,NaN,NaN,2.34886217,2.00384617,17.0866184,18.7363071,Grass(Clone),XR.DevicePose:Eye Tracking OpenXR
1.046133,0.0264048874,-0.000212907791,-0.0255410671,0.125259668,0.08827342,0.988189161,0.0264048874,-0.000212907791,-0.0255410671,0.125259668,0.08827342,0.988189161,0.0264048874,-0.000212907791,-0.0255410671,0.125259668,0.08827342,0.988189161,NaN,NaN,NaN,NaN,2.37192726,1.94273162,17.0785789,18.72528,Grass(Clone),XR.DevicePose:Eye Tracking OpenXR
1.05744314,0.02606371,-0.0007429123,-0.0248951912,0.126763925,0.0867993757,0.9881279,0.02606371,-0.0007429123,-0.0248951912,0.126763925,0.0867993757,0.9881279,0.02606371,-0.0007429123,-0.0248951912,0.126763925,0.0867993757,0.9881279,NaN,NaN,NaN,NaN,2.39902616,1.91410136,17.0724068,18.71954,Grass(Clone),XR.DevicePose:Eye Tracking OpenXR
1.06802559,0.0258789659,-0.0009930134,-0.0245403647,0.127452046,0.08548675,0.9881538,0.0258789659,-0.0009930134,-0.0245403647,0.127452046,0.08548675,0.9881538,0.0258789659,-0.0009930134,-0.0245403647,0.127452046,0.08548675,0.9881538,NaN,NaN,NaN,NaN,2.41113687,1.88888693,17.0687065,18.7149467,Grass(Clone),XR.DevicePose:Eye Tracking OpenXR
1.07921779,0.0255630612,-0.001352191,-0.0240622163,0.12655437,0.0865742341,0.9881745,0.0255630612,-0.001352191,-0.0240622163,0.12655437,0.0865742341,0.9881745,0.0255630612,-0.001352191,-0.0240622163,0.12655437,0.0865742341,0.9881745,NaN,NaN,NaN,NaN,2.39442348,1.90915537,17.0727119,18.7181263,Grass(Clone),XR.DevicePose:Eye Tracking OpenXR
1.09060681,0.0251181424,-0.00175464153,-0.0234960914,0.128182948,0.08424772,0.9881657,0.0251181424,-0.00175464153,-0.0234960914,0.128182948,0.08424772,0.9881657,0.0251181424,-0.00175464153,-0.0234960914,0.128182948,0.08424772,0.9881657,NaN,NaN,NaN,NaN,2.423416,1.86451733,17.0650463,18.7099628,Grass(Clone),XR.DevicePose:Eye Tracking OpenXR
1.10162926,0.0246974826,-0.00207400322,-0.0230946541,0.1272006,0.08495978,0.988231659,0.0246974826,-0.00207400322,-0.0230946541,0.1272006,0.08495978,0.988231659,0.0246974826,-0.00207400322,-0.0230946541,0.1272006,0.08495978,0.988231659,NaN,NaN,NaN,NaN,2.404886,1.87770081,17.06878,18.7120857,Grass(Clone),XR.DevicePose:Eye Tracking OpenXR
1.11279368,0.0242595971,-0.002398491,-0.0227400064,0.127016738,0.08377274,0.98835665,0.0242595971,-0.002398491,-0.0227400064,0.127016738,0.08377274,0.98835665,0.0242595971,-0.002398491,-0.0227400064,0.127016738,0.08377274,0.98835665,NaN,NaN,NaN,NaN,2.40052176,1.85484409,17.0676937,18.7082615,Grass(Clone),XR.DevicePose:Eye Tracking OpenXR
1.12421072,0.0237820148,-0.00273656845,-0.0224594474,0.126514509,0.0825581849,0.988523245,0.0237820148,-0.00273656845,-0.0224594474,0.126514509,0.0825581849,0.988523245,0.0237820148,-0.00273656845,-0.0224594474,0.126514509,0.0825581849,0.988523245,NaN,NaN,NaN,NaN,2.390182,1.83147919,17.0674477,18.7045765,Grass(Clone),XR.DevicePose:Eye Tracking OpenXR
1.13547361,0.0233269632,-0.00307512283,-0.022175014,0.124852009,0.08134414,0.9888352,0.0233269632,-0.00307512283,-0.022175014,0.124852009,0.08134414,0.9888352,0.0233269632,-0.00307512283,-0.022175014,0.124852009,0.08134414,0.9888352,NaN,NaN,NaN,NaN,2.35823059,1.80817223,17.0704,18.7013721,Grass(Clone),XR.DevicePose:Eye Tracking OpenXR
1.14645946,0.0229002237,-0.003376484,-0.0219709873,0.122819707,0.08155562,0.9890723,0.0229002237,-0.003376484,-0.0219709873,0.122819707,0.08155562,0.9890723,0.0229002237,-0.003376484,-0.0219709873,0.122819707,0.08155562,0.9890723,NaN,NaN,NaN,NaN,2.31988549,1.811885,17.07575,18.7020931,Grass(Clone),XR.DevicePose:Eye Tracking OpenXR
1.15820658,0.0225040019,-0.003631115,-0.0218033791,0.120415,0.07940591,0.9895428,0.0225040019,-0.003631115,-0.0218033791,0.120415,0.07940591,0.9895428,0.0225040019,-0.003631115,-0.0218033791,0.120415,0.07940591,0.9895428,NaN,NaN,NaN,NaN,2.27364063,1.77084756,17.0775166,18.6948128,Grass(Clone),XR.DevicePose:Eye Tracking OpenXR
1.16998172,0.0219573677,-0.00395786762,-0.0216860771,0.118254304,0.07896061,0.989838958,0.0219573677,-0.00395786762,-0.0216860771,0.118254304,0.07896061,0.989838958,0.0219573677,-0.00395786762,-0.0216860771,0.118254304,0.07896061,0.989838958,NaN,NaN,NaN,NaN,2.23246217,1.76203787,17.0811787,18.6928043,Grass(Clone),XR.DevicePose:Eye Tracking OpenXR
1.18114281,0.02160579,-0.004140258,-0.0215926766,0.118271276,0.078054145,0.9899088,0.02160579,-0.004140258,-0.0215926766,0.118271276,0.078054145,0.9899088,0.02160579,-0.004140258,-0.0215926766,0.118271276,0.078054145,0.9899088,NaN,NaN,NaN,NaN,2.23210883,1.74470067,17.0799084,18.6901073,Grass(Clone),XR.DevicePose:Eye Tracking OpenXR
1.19170785,0.0211575329,-0.004276395,-0.0215328336,0.117589839,0.0771436,0.990061343,0.0211575329,-0.004276395,-0.0215328336,0.117589839,0.0771436,0.990061343,0.0211575329,-0.004276395,-0.0215328336,0.117589839,0.0771436,0.990061343,NaN,NaN,NaN,NaN,2.218592,1.72732818,17.080019,18.6872787,Grass(Clone),XR.DevicePose:Eye Tracking OpenXR
1.20287,0.0207260549,-0.004335046,-0.0214810967,0.116999246,0.0769894645,0.9901433,0.0207260549,-0.004335046,-0.0214810967,0.116999246,0.0769894645,0.9901433,0.0207260549,-0.004335046,-0.0214810967,0.116999246,0.0769894645,0.9901433,NaN,NaN,NaN,NaN,2.20705318,1.72434223,17.081007,18.686676,Grass(Clone),XR.DevicePose:Eye Tracking OpenXR
1.21343243,0.0204128623,-0.00434041,-0.0214409232,0.116113722,0.07837132,0.9901391,0.0204128623,-0.00434041,-0.0214409232,0.116113722,0.07837132,0.9901391,0.0204128623,-0.00434041,-0.0214409232,0.116113722,0.07837132,0.9901391,NaN,NaN,NaN,NaN,2.19063044,1.75045526,17.0847034,18.6904469,Grass(Clone),XR.DevicePose:Eye Tracking OpenXR
1.224873,0.0198868513,-0.00431764126,-0.0214039087,0.114944987,0.07930412,0.990201235,0.0198868513,-0.00431764126,-0.0214039087,0.114944987,0.07930412,0.990201235,0.0198868513,-0.00431764126,-0.0214039087,0.114944987,0.07930412,0.990201235,NaN,NaN,NaN,NaN,2.16854525,1.76810861,17.088356,18.6929245,Grass(Clone),XR.DevicePose:Eye Tracking OpenXR
1.23598731,0.01949659,-0.004310131,-0.0214059949,0.03371761,0.197412744,0.979740441,0.01949659,-0.004310131,-0.0214059949,0.03371761,0.197412744,0.979740441,0.01949659,-0.004310131,-0.0214059949,0.03371761,0.197412744,0.979740441,NaN,NaN,NaN,NaN,0.6664342,4.07343626,17.3768082,19.1869354,Grass(Clone),XR.DevicePose:Eye Tracking OpenXR
1.24701583,0.01916951,-0.00433659554,-0.021417737,0.03163352,0.194419309,0.9804083,0.01916951,-0.00433659554,-0.021417737,0.03163352,0.194419309,0.9804083,0.01916951,-0.00433659554,-0.021417737,0.03163352,0.194419309,0.9804083,NaN,NaN,NaN,NaN,0.6255873,4.012701,17.3731079,19.1701,Grass(Clone),XR.DevicePose:Eye Tracking OpenXR
1.25827622,0.01886475,-0.004396677,-0.0214108229,0.0317199938,0.195541829,0.98018223,0.01886475,-0.004396677,-0.0214108229,0.0317199938,0.195541829,0.98018223,0.01886475,-0.004396677,-0.0214108229,0.0317199938,0.195541829,0.98018223,NaN,NaN,NaN,NaN,0.627134264,4.03535652,17.3747749,19.1762161,Grass(Clone),XR.DevicePose:Eye Tracking OpenXR
1.26960325,0.01858437,-0.00446558,-0.0214301944,0.0312830172,0.195426866,0.980219245,0.01858437,-0.00446558,-0.0214301944,0.0312830172,0.195426866,0.980219245,0.01858437,-0.00446558,-0.0214301944,0.0312830172,0.195426866,0.980219245,NaN,NaN,NaN,NaN,0.61845237,4.032945,17.3747768,19.1755123,Grass(Clone),XR.DevicePose:Eye Tracking OpenXR
1.28052235,0.01832366,-0.004588723,-0.021468699,0.03143414,0.1962212,0.9800557,0.01832366,-0.004588723,-0.021468699,0.03143414,0.1962212,0.9800557,0.01832366,-0.004588723,-0.021468699,0.03143414,0.1962212,0.9800557,NaN,NaN,NaN,NaN,0.6212279,4.048918,17.3759174,19.1799145,Grass(Clone),XR.DevicePose:Eye Tracking OpenXR
1.29150164,0.0181666017,-0.004683137,-0.0215193033,0.0295123439,0.195785508,0.980202556,0.0181666017,-0.004683137,-0.0215193033,0.0295123439,0.195785508,0.980202556,0.0181666017,-0.004683137,-0.0215193033,0.0295123439,0.195785508,0.980202556,NaN,NaN,NaN,NaN,0.584130764,4.03993559,17.37602,19.1772,Grass(Clone),XR.DevicePose:Eye Tracking OpenXR
1.30307078,0.0178436637,-0.00486111641,-0.0216319561,0.0290549733,0.19562681,0.9802479,0.0178436637,-0.00486111641,-0.0216319561,0.0290549733,0.19562681,0.9802479,0.0178436637,-0.00486111641,-0.0216319561,0.0290549733,0.19562681,0.9802479,NaN,NaN,NaN,NaN,0.575012445,4.03655052,17.3759575,19.176363,Grass(Clone),XR.DevicePose:Eye Tracking OpenXR
1.31366217,0.01763907,-0.00500381,-0.0217401981,0.0285809189,0.195134878,0.9803599,0.01763907,-0.00500381,-0.0217401981,0.0285809189,0.195134878,0.9803599,0.01763907,-0.00500381,-0.0217401981,0.0285809189,0.195134878,0.9803599,NaN,NaN,NaN,NaN,0.565641344,4.02645636,17.3753967,19.173708,Grass(Clone),XR.DevicePose:Eye Tracking OpenXR
1.32496846,0.0174034536,-0.00527191162,-0.0218884349,0.0288487077,0.195301652,0.980318844,0.0174034536,-0.00527191162,-0.0218884349,0.0288487077,0.195301652,0.980318844,0.0174034536,-0.00527191162,-0.0218884349,0.0288487077,0.195301652,0.980318844,NaN,NaN,NaN,NaN,0.570571661,4.029599,17.3755283,19.174799,Grass(Clone),XR.DevicePose:Eye Tracking OpenXR
1.33612108,0.0171995461,-0.00557673,-0.0220522881,0.0277470648,0.194675758,0.9804751,0.0171995461,-0.00557673,-0.0220522881,0.0277470648,0.194675758,0.9804751,0.0171995461,-0.00557673,-0.0220522881,0.0277470648,0.194675758,0.9804751,NaN,NaN,NaN,NaN,0.549149036,4.01662636,17.3750038,19.1713753,Grass(Clone),XR.DevicePose:Eye Tracking OpenXR
1.34714031,0.01702562,-0.00582671165,-0.02219671,0.02677204,0.194383949,0.9805601,0.01702562,-0.00582671165,-0.02219671,0.02677204,0.194383949,0.9805601,0.01702562,-0.00582671165,-0.02219671,0.02677204,0.194383949,0.9805601,NaN,NaN,NaN,NaN,0.5302401,4.010475,17.374939,19.1697941,Grass(Clone),XR.DevicePose:Eye Tracking OpenXR
1.3580507,0.01674965,-0.006193042,-0.02233094,0.0256631877,0.194930524,0.980481267,0.01674965,-0.006193042,-0.02233094,0.0256631877,0.194930524,0.980481267,0.01674965,-0.006193042,-0.02233094,0.0256631877,0.194930524,0.980481267,NaN,NaN,NaN,NaN,0.5087835,4.02116156,17.37619,19.1727486,Grass(Clone),XR.DevicePose:Eye Tracking OpenXR
1.36951613,0.01651746,-0.00647878647,-0.0224482417,0.02390243,0.195160016,0.980480134,0.01651746,-0.00647878647,-0.0224482417,0.02390243,0.195160016,0.980480134,0.01651746,-0.00647878647,-0.0224482417,0.02390243,0.195160016,0.980480134,NaN,NaN,NaN,NaN,0.474821448,4.02551,17.3772278,19.1739464,Grass(Clone),XR.DevicePose:Eye Tracking OpenXR
1.38061678,0.0162969828,-0.006744623,-0.022565484,0.0218180325,0.1954917,0.9804626,0.0162969828,-0.006744623,-0.022565484,0.0218180325,0.1954917,0.9804626,0.0162969828,-0.006744623,-0.022565484,0.0218180325,0.1954917,0.9804626,NaN,NaN,NaN,NaN,0.434674382,4.031958,17.3785515,19.1757622,Grass(Clone),XR.DevicePose:Eye Tracking OpenXR
1.39193523,0.0161372125,-0.006898403,-0.0226737857,0.0211287383,0.195566311,0.980462849,0.0161372125,-0.006898403,-0.0226737857,0.0211287383,0.195566311,0.980462849,0.0161372125,-0.006898403,-0.0226737857,0.0211287383,0.195566311,0.980462849,NaN,NaN,NaN,NaN,0.4213074,4.033333,17.3789349,19.1762581,Grass(Clone),XR.DevicePose:Eye Tracking OpenXR
1.40306413,0.0158967376,-0.00710082054,-0.0228142142,0.0192757044,0.195253953,0.9805633,0.0158967376,-0.00710082054,-0.0228142142,0.0192757044,0.195253953,0.9805633,0.0158967376,-0.00710082054,-0.0228142142,0.0192757044,0.195253953,0.9805633,NaN,NaN,NaN,NaN,0.3855027,4.026837,17.3791981,19.1747036,Grass(Clone),XR.DevicePose:Eye Tracking OpenXR
1.414401,0.0155231953,-0.00743293762,-0.023004055,0.0167738572,0.19472605,0.980714262,0.0155231953,-0.00743293762,-0.023004055,0.0167738572,0.19472605,0.980714262,0.0155231953,-0.00743293762,-0.023004055,0.0167738572,0.19472605,0.980714262,NaN,NaN,NaN,NaN,0.337114036,4.01588345,17.37939,19.172142,Grass(Clone),XR.DevicePose:Eye Tracking OpenXR
1.42585444,0.0151809752,-0.00771582127,-0.0231738091,0.0145027917,0.193718687,0.980949938,0.0151809752,-0.00771582127,-0.0231738091,0.0145027917,0.193718687,0.980949938,0.0151809752,-0.00771582127,-0.0231738091,0.0145027917,0.193718687,0.980949938,NaN,NaN,NaN,NaN,0.293157041,3.99530554,17.378767,19.1670742,Grass(Clone),XR.DevicePose:Eye Tracking OpenXR
1.43676662,0.0148144066,-0.00801098347,-0.02336353,0.0120431837,0.192387417,0.98124516,0.0148144066,-0.00801098347,-0.02336353,0.0120431837,0.192387417,0.98124516,0.0148144066,-0.00801098347,-0.02336353,0.0120431837,0.192387417,0.98124516,NaN,NaN,NaN,NaN,0.245567173,3.96821833,17.3777313,19.1604443,Grass(Clone),XR.DevicePose:Eye Tracking OpenXR
1.44780374,0.014624238,-0.008147955,-0.0234581232,0.01181962,0.1919045,0.981342435,0.014624238,-0.008147955,-0.0234581232,0.01181962,0.1919045,0.981342435,0.014624238,-0.008147955,-0.0234581232,0.01181962,0.1919045,0.981342435,NaN,NaN,NaN,NaN,0.24106431,3.95835686,17.3770866,19.1579876,Grass(Clone),XR.DevicePose:Eye Tracking OpenXR
1.45895016,0.0139073133,-0.008564949,-0.0238331556,-0.502374232,0.180441737,0.845612764,0.0139073133,-0.008564949,-0.0238331556,-0.502374232,0.180441737,0.845612764,0.0139073133,-0.008564949,-0.0238331556,-0.502374232,0.180441737,0.845612764,NaN,NaN,NaN,NaN,-9.583148,3.72848535,14.7302456,19.1033974,Grass(Clone),XR.DevicePose:Eye Tracking OpenXR
1.47016132,0.0134706795,-0.00873494148,-0.0240875483,-0.5097747,0.170578554,0.843227565,0.0134706795,-0.00873494148,-0.0240875483,-0.5097747,0.170578554,0.843227565,0.0134706795,-0.00873494148,-0.0240875483,-0.5097747,0.170578554,0.843227565,NaN,NaN,NaN,NaN,-9.701173,3.53193736,14.6450825,19.0567417,Grass(Clone),XR.DevicePose:Eye Tracking OpenXR
1.48128688,0.0130532086,-0.00880670547,-0.024302721,-0.5091343,0.173148572,0.8430907,0.0130532086,-0.00880670547,-0.024302721,-0.5091343,0.173148572,0.8430907,0.0130532086,-0.00880670547,-0.024302721,-0.5091343,0.173148572,0.8430907,NaN,NaN,NaN,NaN,-9.695679,3.58298063,14.6526747,19.0690956,Grass(Clone),XR.DevicePose:Eye Tracking OpenXR
1.49235368,0.0127065182,-0.008776426,-0.0244704485,-0.5108596,0.170414641,0.8426039,0.0127065182,-0.008776426,-0.0244704485,-0.5108596,0.170414641,0.8426039,0.0127065182,-0.008776426,-0.0244704485,-0.5108596,0.170414641,0.8426039,NaN,NaN,NaN,NaN,-9.722198,3.52863336,14.6321287,19.0559273,Grass(Clone),XR.DevicePose:Eye Tracking OpenXR
1.50409877,0.0123188794,-0.008666873,-0.024677515,-0.5116072,0.171259016,0.8419789,0.0123188794,-0.008666873,-0.024677515,-0.5116072,0.171259016,0.8419789,0.0123188794,-0.008666873,-0.024677515,-0.5116072,0.171259016,0.8419789,NaN,NaN,NaN,NaN,-9.738729,3.54546881,14.6231337,19.0596352,Grass(Clone),XR.DevicePose:Eye Tracking OpenXR
1.51449108,0.0119627714,-0.008496523,-0.024853766,-0.5124469,0.170877114,0.841545761,0.0119627714,-0.008496523,-0.024853766,-0.5124469,0.170877114,0.841545761,0.0119627714,-0.008496523,-0.024853766,-0.5124469,0.170877114,0.841545761,NaN,NaN,NaN,NaN,-9.75394,3.5379777,14.6128149,19.0573959,Grass(Clone),XR.DevicePose:Eye Tracking OpenXR
1.52589583,0.0117053986,-0.008346915,-0.0249730945,-0.51453197,0.169363588,0.840578854,0.0117053986,-0.008346915,-0.0249730945,-0.51453197,0.169363588,0.840578854,0.0117053986,-0.008346915,-0.0249730945,-0.51453197,0.169363588,0.840578854,NaN,NaN,NaN,NaN,-9.789742,3.50790334,14.5874224,19.04925,Grass(Clone),XR.DevicePose:Eye Tracking OpenXR
1.53704321,0.0113409162,-0.00813055,-0.0251324177,-0.51452,0.170477957,0.8403609,0.0113409162,-0.00813055,-0.0251324177,-0.51452,0.170477957,0.8403609,0.0113409162,-0.00813055,-0.0251324177,-0.51452,0.170477957,0.8403609,NaN,NaN,NaN,NaN,-9.792617,3.53025436,14.5875835,19.05457,Grass(Clone),XR.DevicePose:Eye Tracking OpenXR
1.54826367,0.0110098124,-0.007881403,-0.0252566338,-0.5151923,0.171122521,0.8398178,0.0110098124,-0.007881403,-0.0252566338,-0.5151923,0.171122521,0.8398178,0.0110098124,-0.007881403,-0.0252566338,-0.5151923,0.171122521,0.8398178,NaN,NaN,NaN,NaN,-9.807209,3.54326868,14.5794792,19.05739,Grass(Clone),XR.DevicePose:Eye Tracking OpenXR
1.55947948,0.0106898844,-0.0076571703,-0.0253472328,-0.516854167,0.169827163,0.8390593,0.0106898844,-0.0076571703,-0.0253472328,-0.516854167,0.169827163,0.8390593,0.0106898844,-0.0076571703,-0.0253472328,-0.516854167,0.169827163,0.8390593,NaN,NaN,NaN,NaN,-9.835643,3.51763773,14.5591574,19.0505085,Grass(Clone),XR.DevicePose:Eye Tracking OpenXR
1.57085574,0.0103693306,-0.00741004944,-0.0254573822,-0.5159057,0.170502216,0.83950603,0.0103693306,-0.00741004944,-0.0254573822,-0.5159057,0.170502216,0.83950603,0.0103693306,-0.00741004944,-0.0254573822,-0.5159057,0.170502216,0.83950603,NaN,NaN,NaN,NaN,-9.819698,3.531341,14.5704937,19.0540047,Grass(Clone),XR.DevicePose:Eye Tracking OpenXR
1.58180237,0.0101512671,-0.00717759132,-0.0256013274,-0.5163406,0.170413971,0.8392565,0.0101512671,-0.00717759132,-0.0256013274,-0.5163406,0.170413971,0.8392565,0.0101512671,-0.00717759132,-0.0256013274,-0.5163406,0.170413971,0.8392565,NaN,NaN,NaN,NaN,-9.827923,3.52979851,14.5651369,19.0534573,Grass(Clone),XR.DevicePose:Eye Tracking OpenXR
1.59307921,0.0100192428,-0.00701296329,-0.02572006,-0.516814947,0.171760708,0.8386898,0.0100192428,-0.00701296329,-0.02572006,-0.516814947,0.171760708,0.8386898,0.0100192428,-0.00701296329,-0.02572006,-0.516814947,0.171760708,0.8386898,NaN,NaN,NaN,NaN,-9.840409,3.55672622,14.5596046,19.05988,Grass(Clone),XR.DevicePose:Eye Tracking OpenXR
1.60389924,0.009897321,-0.006772518,-0.0258294344,-0.5156114,0.172184408,0.8393434,0.009897321,-0.006772518,-0.0258294344,-0.5156114,0.172184408,0.8393434,0.009897321,-0.006772518,-0.0258294344,-0.5156114,0.172184408,0.8393434,NaN,NaN,NaN,NaN,-9.818878,3.56547213,14.5740461,19.06237,Grass(Clone),XR.DevicePose:Eye Tracking OpenXR
1.61574686,0.009761214,-0.006389141,-0.025904417,-0.5154558,0.17320013,0.83923,0.009761214,-0.006389141,-0.025904417,-0.5154558,0.17320013,0.83923,0.009761214,-0.006389141,-0.025904417,-0.5154558,0.17320013,0.83923,NaN,NaN,NaN,NaN,-9.81864,3.58608747,14.5760288,19.0673981,Grass(Clone),XR.DevicePose:Eye Tracking OpenXR
1.626855,0.009629488,-0.00592958927,-0.0259151459,-0.515954435,0.175515816,0.838442147,0.009629488,-0.00592958927,-0.0259151459,-0.515954435,0.175515816,0.838442147,0.009629488,-0.00592958927,-0.0259151459,-0.515954435,0.175515816,0.838442147,NaN,NaN,NaN,NaN,-9.834056,3.63266683,14.5703821,19.0785961,Grass(Clone),XR.DevicePose:Eye Tracking OpenXR
1.63750243,0.009524703,-0.005629182,-0.0259119868,-0.516847849,0.1777582,0.837418854,0.009524703,-0.005629182,-0.0259119868,-0.516847849,0.1777582,0.837418854,0.009524703,-0.005629182,-0.0259119868,-0.516847849,0.1777582,0.837418854,NaN,NaN,NaN,NaN,-9.85681,3.67767572,14.5599413,19.0894356,Grass(Clone),XR.DevicePose:Eye Tracking OpenXR
1.64906335,0.009388715,-0.005326152,-0.0258786678,-0.517040968,0.179997712,0.836821,0.009388715,-0.005326152,-0.0258786678,-0.517040968,0.179997712,0.836821,0.009388715,-0.005326152,-0.0258786678,-0.517040968,0.179997712,0.836821,NaN,NaN,NaN,NaN,-9.866382,3.72273159,14.557868,19.1005573,Grass(Clone),XR.DevicePose:Eye Tracking OpenXR
1.659988,0.00925084949,-0.005135417,-0.0258087516,-0.517680764,0.181977823,0.835996866,0.00925084949,-0.005135417,-0.0258087516,-0.517680764,0.181977823,0.835996866,0.00925084949,-0.005135417,-0.0258087516,-0.517680764,0.181977823,0.835996866,NaN,NaN,NaN,NaN,-9.883793,3.76251936,14.5503531,19.1103134,Grass(Clone),XR.DevicePose:Eye Tracking OpenXR
1.67140555,0.009153992,-0.00506615639,-0.0257557034,-0.5171903,0.182063818,0.836281657,0.009153992,-0.00506615639,-0.0257557034,-0.5171903,0.182063818,0.836281657,0.009153992,-0.00506615639,-0.0257557034,-0.5171903,0.182063818,0.836281657,NaN,NaN,NaN,NaN,-9.87476,3.764318,14.5562458,19.1107883,Grass(Clone),XR.DevicePose:Eye Tracking OpenXR
1.68234253,0.009015799,-0.005037427,-0.025693953,-0.518239558,0.182815969,0.8354676,0.009015799,-0.005037427,-0.025693953,-0.518239558,0.182815969,0.8354676,0.009015799,-0.005037427,-0.025693953,-0.518239558,0.182815969,0.8354676,NaN,NaN,NaN,NaN,-9.896738,3.77935171,14.5436325,19.1142387,Grass(Clone),XR.DevicePose:Eye Tracking OpenXR
1.69329989,0.008864462,-0.00502228737,-0.02565515,-0.4559633,0.0306748413,0.8894698,0.008864462,-0.00502228737,-0.02565515,-0.4559633,0.0306748413,0.8894698,0.008864462,-0.00502228737,-0.02565515,-0.4559633,0.0306748413,0.8894698,NaN,NaN,NaN,NaN,-8.46359348,0.854960561,15.10198,18.5814457,Grass(Clone),XR.DevicePose:Eye Tracking OpenXR
1.70451963,0.008666068,-0.005022645,-0.02561301,-0.4556871,0.03435628,0.8894768,0.008666068,-0.005022645,-0.02561301,-0.4556871,0.03435628,0.8894768,0.008666068,-0.005022645,-0.02561301,-0.4556871,0.03435628,0.8894768,NaN,NaN,NaN,NaN,-8.46198,0.923617,15.108634,18.5887337,Grass(Clone),XR.DevicePose:Eye Tracking OpenXR
1.715615,0.008536816,-0.00506401062,-0.0255661011,-0.4554839,0.0343221426,0.889582157,0.008536816,-0.00506401062,-0.0255661011,-0.4554839,0.0343221426,0.889582157,0.008536816,-0.00506401062,-0.0255661011,-0.4554839,0.0343221426,0.889582157,NaN,NaN,NaN,NaN,-8.458268,0.922936559,15.1105175,18.5885963,Grass(Clone),XR.DevicePose:Eye Tracking OpenXR
1.72674763,0.008325547,-0.00521314144,-0.0255148411,-0.4537549,0.0352587923,0.8904287,0.008325547,-0.00521314144,-0.0255148411,-0.4537549,0.0352587923,0.8904287,0.008325547,-0.00521314144,-0.0255148411,-0.4537549,0.0352587923,0.8904287,NaN,NaN,NaN,NaN,-8.427296,0.940272748,15.1281767,18.5907,Grass(Clone),XR.DevicePose:Eye Tracking OpenXR
1.73796415,0.008204877,-0.005312443,-0.0254778862,-0.453399062,0.03503022,0.890619,0.008204877,-0.005312443,-0.0254778862,-0.453399062,0.03503022,0.890619,0.008204877,-0.005312443,-0.0254778862,-0.453399062,0.03503022,0.890619,NaN,NaN,NaN,NaN,-8.420579,0.9359066,15.1313181,18.5902119,Grass(Clone),XR.DevicePose:Eye Tracking OpenXR
1.749472,0.008045077,-0.005461693,-0.0254451632,-0.454365283,0.0351651534,0.8901211,0.008045077,-0.005461693,-0.0254451632,-0.454365283,0.0351651534,0.8901211,0.008045077,-0.005461693,-0.0254451632,-0.454365283,0.0351651534,0.8901211,NaN,NaN,NaN,NaN,-8.438682,0.9382647,15.1220541,18.590168,Grass(Clone),XR.DevicePose:Eye Tracking OpenXR
1.76088965,0.007880777,-0.00556921959,-0.0254166126,-0.454097956,0.036779575,0.8901923,0.007880777,-0.00556921959,-0.0254166126,-0.454097956,0.036779575,0.8901923,0.007880777,-0.00556921959,-0.0254166126,-0.454097956,0.036779575,0.8901923,NaN,NaN,NaN,NaN,-8.435366,0.968290269,15.1263285,18.59345,Grass(Clone),XR.DevicePose:Eye Tracking OpenXR
1.771729,0.00777065754,-0.005620837,-0.0253821015,-0.452349335,0.0370563343,0.891070664,0.00777065754,-0.005620837,-0.0253821015,-0.452349335,0.0370563343,0.891070664,0.00777065754,-0.005620837,-0.0253821015,-0.452349335,0.0370563343,0.891070664,NaN,NaN,NaN,NaN,-8.403367,0.973417461,15.1434908,18.5943413,Grass(Clone),XR.DevicePose:Eye Tracking OpenXR
1.78256679,0.007715076,-0.005612612,-0.0253112912,-0.4515414,0.03700435,0.891482532,0.007715076,-0.005612612,-0.0253112912,-0.4515414,0.03700435,0.891482532,0.007715076,-0.005612612,-0.0253112912,-0.4515414,0.03700435,0.891482532,NaN,NaN,NaN,NaN,-8.388405,0.9724593,15.1512318,18.5943546,Grass(Clone),XR.DevicePose:Eye Tracking OpenXR
1.793698,0.00767943263,-0.00557041168,-0.0251885056,-0.4512107,0.0385818668,0.8915831,0.00767943263,-0.00557041168,-0.0251885056,-0.4512107,0.0385818668,0.8915831,0.00767943263,-0.00557041168,-0.0251885056,-0.4512107,0.0385818668,0.8915831,NaN,NaN,NaN,NaN,-8.383774,1.00196147,15.15615,18.59764,Grass(Clone),XR.DevicePose:Eye Tracking OpenXR
1.805132,0.007680118,-0.00549793243,-0.02504617,-0.450718522,0.03961327,0.891786754,0.007680118,-0.00549793243,-0.02504617,-0.450718522,0.03961327,0.891786754,0.007680118,-0.00549793243,-0.02504617,-0.450718522,0.03961327,0.891786754,NaN,NaN,NaN,NaN,-8.375616,1.02130294,15.1620512,18.5998478,Grass(Clone),XR.DevicePose:Eye Tracking OpenXR
1.81617987,0.00767737627,-0.005400181,-0.0249011517,-0.450044483,0.0411272272,0.8920586,0.00767737627,-0.005400181,-0.0249011517,-0.450044483,0.0411272272,0.8920586,0.00767737627,-0.005400181,-0.0249011517,-0.450044483,0.0411272272,0.8920586,NaN,NaN,NaN,NaN,-8.36458,1.04969716,15.1702232,18.603178,Grass(Clone),XR.DevicePose:Eye Tracking OpenXR
1.82768571,0.00769510865,-0.005274892,-0.0247541666,-0.448558122,0.040972665,0.89281404,0.00769510865,-0.005274892,-0.0247541666,-0.448558122,0.040972665,0.89281404,0.00769510865,-0.005274892,-0.0247541666,-0.448558122,0.040972665,0.89281404,NaN,NaN,NaN,NaN,-8.336924,1.04694808,15.18445,18.6032047,Grass(Clone),XR.DevicePose:Eye Tracking OpenXR
1.83841407,0.00770798326,-0.005149007,-0.0245806575,-0.4474021,0.04334061,0.8932821,0.00770798326,-0.005149007,-0.0245806575,-0.4474021,0.04334061,0.8932821,0.00770798326,-0.005149007,-0.0245806575,-0.4474021,0.04334061,0.8932821,NaN,NaN,NaN,NaN,-8.317839,1.09136081,15.1981859,18.6086426,Grass(Clone),XR.DevicePose:Eye Tracking OpenXR
1.84980285,0.00774928927,-0.00507128239,-0.0244262815,-0.446133047,0.0431959666,0.8939236,0.00774928927,-0.00507128239,-0.0244262815,-0.446133047,0.0431959666,0.8939236,0.00774928927,-0.00507128239,-0.0244262815,-0.446133047,0.0431959666,0.8939236,NaN,NaN,NaN,NaN,-8.294203,1.08874929,15.2103214,18.6086922,Grass(Clone),XR.DevicePose:Eye Tracking OpenXR
1.86093593,0.007832617,-0.00492548943,-0.0242111683,-0.4441936,0.0439695455,0.8948512,0.007832617,-0.00492548943,-0.0242111683,-0.4441936,0.0439695455,0.8948512,0.007832617,-0.00492548943,-0.0242111683,-0.4441936,0.0439695455,0.8948512,NaN,NaN,NaN,NaN,-8.259083,1.103395,15.2299213,18.6110668,Grass(Clone),XR.DevicePose:Eye Tracking OpenXR
1.872014,0.007975489,-0.00478303432,-0.0240425467,-0.4427779,0.0444859937,0.895527065,0.007975489,-0.00478303432,-0.0240425467,-0.4427779,0.0444859937,0.895527065,0.007975489,-0.00478303432,-0.0240425467,-0.4427779,0.0444859937,0.895527065,NaN,NaN,NaN,NaN,-8.232869,1.11317623,15.2432289,18.6116886,Grass(Clone),XR.DevicePose:Eye Tracking OpenXR
1.88353741,0.008181453,-0.00460541248,-0.0238441229,-0.440887064,0.04481362,0.8964432,0.008181453,-0.00460541248,-0.0238441229,-0.440887064,0.04481362,0.8964432,0.008181453,-0.00460541248,-0.0238441229,-0.440887064,0.04481362,0.8964432,NaN,NaN,NaN,NaN,-8.197443,1.1194489,15.26042,18.6116257,Grass(Clone),XR.DevicePose:Eye Tracking OpenXR
1.89457572,0.008366734,-0.00448405743,-0.0236894488,-0.439360976,0.0441768467,0.897223651,0.008366734,-0.00448405743,-0.0236894488,-0.439360976,0.0441768467,0.897223651,0.008366734,-0.00448405743,-0.0236894488,-0.439360976,0.0441768467,0.897223651,NaN,NaN,NaN,NaN,-8.167976,1.10763061,15.2733059,18.6096268,Grass(Clone),XR.DevicePose:Eye Tracking OpenXR
1.90574694,0.00861451,-0.004410863,-0.0234960914,-0.436525643,0.04493155,0.898569167,0.00861451,-0.004410863,-0.0234960914,-0.436525643,0.04493155,0.898569167,0.00861451,-0.004410863,-0.0234960914,-0.436525643,0.04493155,0.898569167,NaN,NaN,NaN,NaN,-8.11531448,1.12178433,15.29926,18.6104259,Grass(Clone),XR.DevicePose:Eye Tracking OpenXR
1.91667557,0.008861959,-0.004377842,-0.02334416,-0.433030754,0.0457907245,0.900215268,0.008861959,-0.004377842,-0.02334416,-0.433030754,0.0457907245,0.900215268,0.008861959,-0.004377842,-0.02334416,-0.433030754,0.0457907245,0.900215268,NaN,NaN,NaN,NaN,-8.050524,1.13786,15.3310814,18.6115761,Grass(Clone),XR.DevicePose:Eye Tracking OpenXR
1.927689,0.00923094153,-0.004380822,-0.0231818557,0.2849794,0.06450808,0.9563605,0.00923094153,-0.004380822,-0.0231818557,0.2849794,0.06450808,0.9563605,0.00923094153,-0.004380822,-0.0231818557,0.2849794,0.06450808,0.9563605,NaN,NaN,NaN,NaN,5.325325,1.4889729,16.4170628,18.6543083,Grass(Clone),XR.DevicePose:Eye Tracking OpenXR
1.93914151,0.0097438395,-0.00433945656,-0.0229889154,0.290139556,0.06434465,0.9548187,0.0097438395,-0.00433945656,-0.0229889154,0.290139556,0.06434465,0.9548187,0.0097438395,-0.00433945656,-0.0229889154,0.290139556,0.06434465,0.9548187,NaN,NaN,NaN,NaN,5.42186451,1.48591363,16.3877316,18.6535072,Grass(Clone),XR.DevicePose:Eye Tracking OpenXR
1.95020723,0.0103143752,-0.00430583954,-0.02286762,0.292589873,0.0635203645,0.954125941,0.0103143752,-0.00430583954,-0.02286762,0.292589873,0.0635203645,0.954125941,0.0103143752,-0.00430583954,-0.02286762,0.292589873,0.0635203645,0.954125941,NaN,NaN,NaN,NaN,5.46717739,1.470362,16.3717823,18.65021,Grass(Clone),XR.DevicePose:Eye Tracking OpenXR
1.96185493,0.0104472339,-0.00429153442,-0.0228429437,0.292997926,0.06335993,0.9540114,0.0104472339,-0.00429153442,-0.0228429437,0.292997926,0.06335993,0.9540114,0.0104472339,-0.00429153442,-0.0228429437,0.292997926,0.06335993,0.9540114,NaN,NaN,NaN,NaN,5.47474146,1.4673456,16.3690853,18.6496,Grass(Clone),XR.DevicePose:Eye Tracking OpenXR
1.97266,0.0113620758,-0.004294038,-0.0226300955,0.2976037,0.06347302,0.9525771,0.0113620758,-0.004294038,-0.0226300955,0.2976037,0.06347302,0.9525771,0.0113620758,-0.004294038,-0.0226300955,0.2976037,0.06347302,0.9525771,NaN,NaN,NaN,NaN,5.561123,1.46936047,16.3411789,18.6481571,Grass(Clone),XR.DevicePose:Eye Tracking OpenXR
1.98355651,0.0117778182,-0.00428175926,-0.0225290656,0.300652146,0.06284887,0.9516608,0.0117778182,-0.00428175926,-0.0225290656,0.300652146,0.06284887,0.9516608,0.0117778182,-0.00428175926,-0.0225290656,0.300652146,0.06284887,0.9516608,NaN,NaN,NaN,NaN,5.617656,1.45758116,16.32188,18.64573,Grass(Clone),XR.DevicePose:Eye Tracking OpenXR
1.99465311,0.01217708,-0.00425970554,-0.0224461555,0.303758472,0.0623356551,0.9507077,0.01217708,-0.00425970554,-0.0224461555,0.303758472,0.0623356551,0.9507077,0.01217708,-0.00425970554,-0.0224461555,0.303758472,0.0623356551,0.9507077,NaN,NaN,NaN,NaN,5.67538929,1.44791377,16.3023586,18.6438,Grass(Clone),XR.DevicePose:Eye Tracking OpenXR
2.006354,0.0128490329,-0.004225254,-0.0223276019,0.307444066,0.0623183958,0.9495233,0.0128490329,-0.004225254,-0.0223276019,0.307444066,0.0623183958,0.9495233,0.0128490329,-0.004225254,-0.0223276019,0.307444066,0.0623183958,0.9495233,NaN,NaN,NaN,NaN,5.744597,1.44759047,16.2798462,18.64322,Grass(Clone),XR.DevicePose:Eye Tracking OpenXR
2.01725459,0.01333189,-0.00423944,-0.0222460628,0.308476031,0.06217618,0.9491979,0.01333189,-0.00423944,-0.0222460628,0.308476031,0.06217618,0.9491979,0.01333189,-0.00423944,-0.0222460628,0.308476031,0.06217618,0.9491979,NaN,NaN,NaN,NaN,5.7641325,1.44488728,16.2732868,18.6426163,Grass(Clone),XR.DevicePose:Eye Tracking OpenXR
2.02818251,0.0138954818,-0.00431609154,-0.0221773386,0.31240052,0.06110323,0.947983265,0.0138954818,-0.00431609154,-0.0221773386,0.31240052,0.06110323,0.947983265,0.0138954818,-0.00431609154,-0.0221773386,0.31240052,0.06110323,0.947983265,NaN,NaN,NaN,NaN,5.836972,1.42463434,16.2480221,18.6397781,Grass(Clone),XR.DevicePose:Eye Tracking OpenXR
2.0395956,0.014389962,-0.004397154,-0.0221151114,0.316260725,0.0592987835,0.9468172,0.014389962,-0.004397154,-0.0221151114,0.316260725,0.0592987835,0.9468172,0.014389962,-0.004397154,-0.0221151114,0.316260725,0.0592987835,0.9468172,NaN,NaN,NaN,NaN,5.90805054,1.39066207,16.2222481,18.6354485,Grass(Clone),XR.DevicePose:Eye Tracking OpenXR
2.050543,0.0149447024,-0.004466057,-0.0220960975,0.319675654,0.0558378,0.945880353,0.0149447024,-0.004466057,-0.0220960975,0.319675654,0.0558378,0.945880353,0.0149447024,-0.004466057,-0.0220960975,0.319675654,0.0558378,0.945880353,NaN,NaN,NaN,NaN,5.96964169,1.32564151,16.19711,18.6273079,Grass(Clone),XR.DevicePose:Eye Tracking OpenXR
2.06170678,0.0151880383,-0.004494548,-0.02207601,0.31988433,0.0558194555,0.945810854,0.0151880383,-0.004494548,-0.02207601,0.31988433,0.0558194555,0.945810854,0.0151880383,-0.004494548,-0.02207601,0.31988433,0.0558194555,0.945810854,NaN,NaN,NaN,NaN,5.97374153,1.32526612,16.1957474,18.6272125,Grass(Clone),XR.DevicePose:Eye Tracking OpenXR
2.07287741,0.0158920288,-0.004434347,-0.0220386982,0.325676858,0.05558454,0.9438458,0.0158920288,-0.004434347,-0.0220386982,0.325676858,0.05558454,0.9438458,0.0158920288,-0.004434347,-0.0220386982,0.325676858,0.05558454,0.9438458,NaN,NaN,NaN,NaN,6.082638,1.32100093,16.1600285,18.6281147,Grass(Clone),XR.DevicePose:Eye Tracking OpenXR
2.08416939,0.0164958537,-0.00429999828,-0.0219951272,0.332152784,0.0557349734,0.9415775,0.0164958537,-0.00429999828,-0.0219951272,0.332152784,0.0557349734,0.9415775,0.0164958537,-0.00429999828,-0.0219951272,0.332152784,0.0557349734,0.9415775,NaN,NaN,NaN,NaN,6.20347548,1.32387054,16.116684,18.6269112,Grass(Clone),XR.DevicePose:Eye Tracking OpenXR
2.09489822,0.0173320174,-0.0041435957,-0.0219025612,0.33906132,0.0564451143,0.9390694,0.0173320174,-0.0041435957,-0.0219025612,0.33906132,0.0564451143,0.9390694,0.0173320174,-0.0041435957,-0.0219025612,0.33906132,0.0564451143,0.9390694,NaN,NaN,NaN,NaN,6.33284569,1.33722937,16.0696411,18.6264648,Grass(Clone),XR.DevicePose:Eye Tracking OpenXR
2.10641336,0.0181269944,-0.004049182,-0.0218481421,0.3459418,0.0565009639,0.9365532,0.0181269944,-0.004049182,-0.0218481421,0.3459418,0.0565009639,0.9365532,0.0181269944,-0.004049182,-0.0218481421,0.3459418,0.0565009639,0.9365532,NaN,NaN,NaN,NaN,6.4614563,1.338308,16.0218964,18.6254711,Grass(Clone),XR.DevicePose:Eye Tracking OpenXR
2.1173408,0.018995285,-0.00404393673,-0.0218187571,0.353327632,0.0562224351,0.9338087,0.018995285,-0.00404393673,-0.0218187571,0.353327632,0.0562224351,0.9338087,0.018995285,-0.00404393673,-0.0218187571,0.353327632,0.0562224351,0.9338087,NaN,NaN,NaN,NaN,6.59961939,1.33308232,15.9700966,18.6247082,Grass(Clone),XR.DevicePose:Eye Tracking OpenXR
2.12913418,0.0197314918,-0.00412035,-0.021812737,0.354551077,0.0550372675,0.9334155,0.0197314918,-0.00412035,-0.021812737,0.354551077,0.0550372675,0.9334155,0.0197314918,-0.00412035,-0.021812737,0.354551077,0.0550372675,0.9334155,NaN,NaN,NaN,NaN,6.622071,1.310767,15.9599609,18.62169,Grass(Clone),XR.DevicePose:Eye Tracking OpenXR
2.13960028,0.0205792487,-0.00417876244,-0.0218557715,0.363013625,0.0529263541,0.9302795,0.0205792487,-0.00417876244,-0.0218557715,0.363013625,0.0529263541,0.9302795,0.0205792487,-0.00417876244,-0.0218557715,0.363013625,0.0529263541,0.9302795,NaN,NaN,NaN,NaN,6.77926445,1.2712183,15.8983374,18.6182671,Grass(Clone),XR.DevicePose:Eye Tracking OpenXR
2.15127563,0.0213686526,-0.004190922,-0.021866262,0.3721471,0.05108729,0.926766753,0.0213686526,-0.004190922,-0.021866262,0.3721471,0.05108729,0.926766753,0.0213686526,-0.004190922,-0.021866262,0.3721471,0.05108729,0.926766753,NaN,NaN,NaN,NaN,6.94794846,1.23667073,15.8275595,18.6124783,Grass(Clone),XR.DevicePose:Eye Tracking OpenXR
2.16206431,0.0221191347,-0.00414633751,-0.0218580961,0.375189126,0.0499930941,0.925599158,0.0221191347,-0.00414633751,-0.0218580961,0.375189126,0.0499930941,0.925599158,0.0221191347,-0.00414633751,-0.0218580961,0.375189126,0.0499930941,0.925599158,NaN,NaN,NaN,NaN,7.003912,1.2161622,15.8023663,18.6087284,Grass(Clone),XR.DevicePose:Eye Tracking OpenXR
2.17361116,0.0235412419,-0.004056692,-0.021850884,0.5349169,-0.0185156167,0.8447018,0.0235412419,-0.004056692,-0.021850884,0.5349169,-0.0185156167,0.8447018,0.0235412419,-0.004056692,-0.021850884,0.5349169,-0.0185156167,0.8447018,NaN,NaN,NaN,NaN,8.284441,-2.58086286E-18,11.6231728,15.4433575,Plane,XR.DevicePose:Eye Tracking OpenXR
2.18436575,0.0249777138,-0.00396347046,-0.02180922,0.5409085,-0.01766164,0.8408959,0.0249777138,-0.00396347046,-0.02180922,0.5409085,-0.01766164,0.8408959,0.0249777138,-0.00396347046,-0.02180922,0.5409086,-0.0176616423,0.840895951,NaN,NaN,NaN,NaN,8.785174,-2.70823027E-18,12.196784,16.19535,Plane,XR.DevicePose:Eye Tracking OpenXR
2.195768,0.0262367725,-0.00386619568,-0.0217665434,0.553862035,-0.0174128022,0.832426369,0.0262367725,-0.00386619568,-0.0217665434,0.553862035,-0.0174128022,0.832426369,0.0262367725,-0.00386619568,-0.0217665434,0.553862035,-0.0174128022,0.832426369,NaN,NaN,NaN,NaN,9.127496,-2.72159482E-18,12.2569723,16.4323788,Plane,XR.DevicePose:Eye Tracking OpenXR
2.20708537,0.0275003314,-0.00376188755,-0.0217373967,0.5646757,-0.0150174908,0.8251763,0.0275003314,-0.00376188755,-0.0217373967,0.5646757,-0.0150174908,0.8251763,0.0275003314,-0.00376188755,-0.0217373967,0.5646757,-0.0150174908,0.8251763,NaN,NaN,NaN,NaN,10.4663858,0.008617133,13.8328953,18.4865131,Grass(Clone),XR.DevicePose:Eye Tracking OpenXR
2.21804953,0.0275003314,-0.00376188755,-0.0217373967,0.5646757,-0.0150174908,0.8251763,0.0275003314,-0.00376188755,-0.0217373967,0.5646757,-0.0150174908,0.8251763,0.0275003314,-0.00376188755,-0.0217373967,0.5646757,-0.0150174908,0.8251763,NaN,NaN,NaN,NaN,10.4663858,0.008617133,13.8328953,18.4865131,Grass(Clone),XR.DevicePose:Eye Tracking OpenXR
2.22931838,0.0298670828,-0.0035431385,-0.021689117,0.5839429,-0.0119777787,0.8117064,0.0298670828,-0.0035431385,-0.021689117,0.5839429,-0.0119777787,0.8117064,0.0298670828,-0.0035431385,-0.021689117,0.5839429,-0.0119777787,0.8117064,NaN,NaN,NaN,NaN,10.8272905,0.06498109,13.5872068,18.4905472,Grass(Clone),XR.DevicePose:Eye Tracking OpenXR
2.24047756,0.0348343253,-0.00323975086,-0.0217548013,0.612040937,-0.008132471,0.7907843,0.0348343253,-0.00323975086,-0.0217548013,0.612040937,-0.008132471,0.7907843,0.0348343253,-0.00323975086,-0.0217548013,0.612040937,-0.008132471,0.7907843,NaN,NaN,NaN,NaN,11.3508987,0.136398345,13.1991091,18.4890671,Grass(Clone),XR.DevicePose:Eye Tracking OpenXR
2.251866,0.0369983,-0.00318837166,-0.0218583941,0.6299278,-0.00734251365,0.776619,0.0369983,-0.00318837166,-0.0218583941,0.6299278,-0.00734251365,0.776619,0.0369983,-0.00318837166,-0.0218583941,0.6299278,-0.00734251365,0.776619,NaN,NaN,NaN,NaN,11.6825323,0.151069939,12.9355688,18.487093,Grass(Clone),XR.DevicePose:Eye Tracking OpenXR
2.262139,0.0392667353,-0.00312984,-0.0220379233,0.6494424,-0.005813293,0.760388553,0.0392667353,-0.00312984,-0.0220379233,0.6494424,-0.005813293,0.760388553,0.0392667353,-0.00312984,-0.0220379233,0.6494424,-0.005813293,0.760388553,NaN,NaN,NaN,NaN,12.0469,0.1793875,12.6368942,18.4891434,Grass(Clone),XR.DevicePose:Eye Tracking OpenXR
2.273392,0.0392667353,-0.00312984,-0.0220379233,0.6494424,-0.005813293,0.760388553,0.0392667353,-0.00312984,-0.0220379233,0.6494424,-0.005813293,0.760388553,0.0392667353,-0.00312984,-0.0220379233,0.6494424,-0.005813293,0.760388553,NaN,NaN,NaN,NaN,12.0469,0.1793875,12.6368942,18.4891434,Grass(Clone),XR.DevicePose:Eye Tracking OpenXR
2.284612,0.0445267558,-0.00317788124,-0.0226334929,0.5179574,0.004958581,0.855392039,0.0445267558,-0.00317788124,-0.0226334929,0.5179574,0.004958581,0.855392039,0.0445267558,-0.00317788124,-0.0226334929,0.5179574,0.004958581,0.855392039,NaN,NaN,NaN,NaN,9.63145351,0.378601074,14.4099054,18.5091019,Grass(Clone),XR.DevicePose:Eye Tracking OpenXR
2.29597187,0.046826303,-0.003292799,-0.0229694247,0.5226066,0.004271116,0.852563262,0.046826303,-0.003292799,-0.0229694247,0.5226066,0.004271116,0.852563262,0.046826303,-0.003292799,-0.0229694247,0.5226066,0.004271116,0.852563262,NaN,NaN,NaN,NaN,9.717813,0.3657453,14.3539581,18.5052872,Grass(Clone),XR.DevicePose:Eye Tracking OpenXR
2.30684519,0.04877937,-0.00348711014,-0.023296833,0.5265201,0.0127949771,0.8500664,0.04877937,-0.00348711014,-0.023296833,0.5265201,0.0127949771,0.8500664,0.04877937,-0.00348711014,-0.023296833,0.5265201,0.0127949771,0.8500664,NaN,NaN,NaN,NaN,9.798116,0.52343154,14.3170033,18.516552,Grass(Clone),XR.DevicePose:Eye Tracking OpenXR
2.318184,0.0516324639,-0.003837943,-0.0238658786,0.5300632,0.008372581,0.8479168,0.0516324639,-0.003837943,-0.0238658786,0.5300632,0.008372581,0.8479168,0.0516324639,-0.003837943,-0.0238658786,0.5300632,0.008372581,0.8479168,NaN,NaN,NaN,NaN,9.861929,0.4411199,14.2691946,18.5077839,Grass(Clone),XR.DevicePose:Eye Tracking OpenXR
2.329645,0.05385682,-0.004139304,-0.0243112445,0.5317664,0.00140254386,0.8468899,0.05385682,-0.004139304,-0.0243112445,0.5317664,0.00140254386,0.8468899,0.05385682,-0.004139304,-0.0243112445,0.5317664,0.00140254386,0.8468899,NaN,NaN,NaN,NaN,9.889635,0.311802715,14.2401247,18.4964256,Grass(Clone),XR.DevicePose:Eye Tracking OpenXR
2.34035158,0.05585417,-0.004377961,-0.0247274041,0.535842538,0.00717169046,0.8442875,0.05585417,-0.004377961,-0.0247274041,0.535842538,0.00717169046,0.8442875,0.05585417,-0.004377961,-0.0247274041,0.535842538,0.00717169046,0.8442875,NaN,NaN,NaN,NaN,9.971052,0.418326378,14.1979179,18.50394,Grass(Clone),XR.DevicePose:Eye Tracking OpenXR
2.35157228,0.0576189458,-0.00460147858,-0.025161922,0.5359036,0.00277894363,0.84427464,0.0576189458,-0.00460147858,-0.025161922,0.5359036,0.00277894363,0.84427464,0.0576189458,-0.00460147858,-0.025161922,0.5359036,0.00277894363,0.84427464,NaN,NaN,NaN,NaN,9.970144,0.336800337,14.1912527,18.4968433,Grass(Clone),XR.DevicePose:Eye Tracking OpenXR
2.36299944,0.0591677427,-0.004805565,-0.02552247,0.53047055,0.0018799277,0.847701252,0.0591677427,-0.004805565,-0.02552247,0.53047055,0.0018799277,0.847701252,0.0591677427,-0.004805565,-0.02552247,0.53047055,0.0018799277,0.847701252,NaN,NaN,NaN,NaN,9.870426,0.319964349,14.25304,18.495388,Grass(Clone),XR.DevicePose:Eye Tracking OpenXR
2.3740437,0.0604323149,-0.00510430336,-0.0258349776,0.529162467,-0.004551351,0.8485083,0.0604323149,-0.00510430336,-0.0258349776,0.529162467,-0.004551351,0.8485083,0.0604323149,-0.00510430336,-0.0258349776,0.529162467,-0.004551351,0.8485083,NaN,NaN,NaN,NaN,9.842738,0.20075728,14.2600222,18.486393,Grass(Clone),XR.DevicePose:Eye Tracking OpenXR
2.38547921,0.0615189373,-0.00531339645,-0.026050806,0.522732854,-0.007945031,0.85245955,0.0615189373,-0.00531339645,-0.026050806,0.522732854,-0.007945031,0.85245955,0.0615189373,-0.00531339645,-0.026050806,0.522732854,-0.007945031,0.85245955,NaN,NaN,NaN,NaN,9.723341,0.137836158,14.330205,18.4832878,Grass(Clone),XR.DevicePose:Eye Tracking OpenXR
2.3963294,0.0621053874,-0.00546050072,-0.0261625648,0.5336801,-0.00356627814,0.845679,0.0621053874,-0.00546050072,-0.0261625648,0.5336801,-0.00356627814,0.845679,0.0621053874,-0.00546050072,-0.0261625648,0.5336801,-0.00356627814,0.845679,NaN,NaN,NaN,NaN,9.927995,0.2186113,14.2075033,18.4865227,Grass(Clone),XR.DevicePose:Eye Tracking OpenXR
2.407477,0.06285024,-0.0056271553,-0.0262554884,0.521490157,-0.00501718838,0.8532426,0.06285024,-0.0056271553,-0.0262554884,0.521490157,-0.00501718838,0.8532426,0.06285024,-0.0056271553,-0.0262554884,0.521490157,-0.00501718838,0.8532426,NaN,NaN,NaN,NaN,9.70357,0.191620514,14.3475294,18.48687,Grass(Clone),XR.DevicePose:Eye Tracking OpenXR
2.4183073,0.06331536,-0.005677104,-0.0262904763,0.567223549,0.00360709615,0.823555946,0.06331536,-0.005677104,-0.0262904763,0.567223549,0.00360709615,0.823555946,0.06331536,-0.005677104,-0.0262904763,0.567223549,0.00360709615,0.823555946,NaN,NaN,NaN,NaN,10.5531,0.351029456,13.8039007,18.4932079,Grass(Clone),XR.DevicePose:Eye Tracking OpenXR
2.42973256,0.0640746653,-0.00568830967,-0.026317,0.5737414,0.00305738673,0.8190308,0.0640746653,-0.00568830967,-0.026317,0.5737414,0.00305738673,0.8190308,0.0640746653,-0.00568830967,-0.026317,0.5737414,0.00305738673,0.8190308,NaN,NaN,NaN,NaN,10.6736774,0.340848744,13.7191677,18.4919586,Grass(Clone),XR.DevicePose:Eye Tracking OpenXR
2.44090271,0.06478354,-0.005650401,-0.0263860822,0.5819288,0.00327956676,0.813233137,0.06478354,-0.005650401,-0.0263860822,0.5819288,0.00327956676,0.813233137,0.06478354,-0.005650401,-0.0263860822,0.5819288,0.00327956676,0.813233137,NaN,NaN,NaN,NaN,10.8267136,0.3450008,13.613184,18.4935551,Grass(Clone),XR.DevicePose:Eye Tracking OpenXR
2.4526813,0.06551272,-0.00563025475,-0.026450038,0.6895412,0.0247522015,0.723823369,0.06551272,-0.00563025475,-0.026450038,0.6895412,0.0247522015,0.723823369,0.06551272,-0.00563025475,-0.026450038,0.6895412,0.0247522015,0.723823369,NaN,NaN,NaN,NaN,12.8339787,0.742714345,11.97683,18.5173321,Grass(Clone),XR.DevicePose:Eye Tracking OpenXR
2.463297,0.06624505,-0.005643368,-0.0265148282,0.6839938,0.0262988936,0.729013562,0.06624505,-0.005643368,-0.0265148282,0.6839938,0.0262988936,0.729013562,0.06624505,-0.005643368,-0.0265148282,0.6839938,0.0262988936,0.729013562,NaN,NaN,NaN,NaN,12.7353373,0.771470547,12.0764456,18.52223,Grass(Clone),XR.DevicePose:Eye Tracking OpenXR
2.47459912,0.06675419,-0.00568652153,-0.0265463591,0.683464468,0.0258266218,0.7295268,0.06675419,-0.00568652153,-0.0265463591,0.683464468,0.0258266218,0.7295268,0.06675419,-0.00568652153,-0.0265463591,0.683464468,0.0258266218,0.7295268,NaN,NaN,NaN,NaN,12.7254086,0.7626561,12.0852432,18.5213051,Grass(Clone),XR.DevicePose:Eye Tracking OpenXR
2.48553181,0.06707212,-0.00573766232,-0.026532948,0.6846469,0.0293082763,0.728285432,0.06707212,-0.00573766232,-0.026532948,0.6846469,0.0293082763,0.728285432,0.06707212,-0.00573766232,-0.026532948,0.6846469,0.0293082763,0.728285432,NaN,NaN,NaN,NaN,12.751544,0.8272577,12.066431,18.527029,Grass(Clone),XR.DevicePose:Eye Tracking OpenXR
2.49672985,0.06738418,-0.005900502,-0.026481092,0.6799779,0.0275421645,0.7327152,0.06738418,-0.005900502,-0.026481092,0.6799779,0.0275421645,0.7327152,0.06738418,-0.005900502,-0.026481092,0.6799779,0.0275421645,0.7327152,NaN,NaN,NaN,NaN,12.6635847,0.794302,12.1466484,18.5244274,Grass(Clone),XR.DevicePose:Eye Tracking OpenXR
2.50784755,0.0675039,-0.00605726242,-0.0263785124,0.677194953,0.0268652681,0.735313,0.0675039,-0.00605726242,-0.0263785124,0.677194953,0.0268652681,0.735313,0.0675039,-0.00605726242,-0.0263785124,0.677194953,0.0268652681,0.735313,NaN,NaN,NaN,NaN,12.6105394,0.7815424,12.1931229,18.5220451,Grass(Clone),XR.DevicePose:Eye Tracking OpenXR
2.51927328,0.06766775,-0.00614738464,-0.026298821,0.6747161,0.0263053738,0.7376085,0.06766775,-0.00614738464,-0.026298821,0.6747161,0.0263053738,0.7376085,0.06766775,-0.00614738464,-0.026298821,0.6747161,0.0263053738,0.7376085,NaN,NaN,NaN,NaN,12.5635548,0.7710337,12.2343674,18.5202141,Grass(Clone),XR.DevicePose:Eye Tracking OpenXR
2.53068328,0.06787202,-0.00621116161,-0.0262194276,0.6702928,0.02637393,0.741627932,0.06787202,-0.00621116161,-0.0262194276,0.6702928,0.02637393,0.741627932,0.06787202,-0.00621116161,-0.0262194276,0.6702928,0.02637393,0.741627932,NaN,NaN,NaN,NaN,12.4814281,0.7722234,12.3084345,18.5196018,Grass(Clone),XR.DevicePose:Eye Tracking OpenXR
2.541607,0.06805503,-0.006192565,-0.0261523128,0.6274005,0.0383728258,0.777750731,0.06805503,-0.006192565,-0.0261523128,0.6274005,0.0383728258,0.777750731,0.06805503,-0.006192565,-0.0261523128,0.6274005,0.0383728258,0.777750731,NaN,NaN,NaN,NaN,11.70486,0.9955332,12.9992952,18.54765,Grass(Clone),XR.DevicePose:Eye Tracking OpenXR
2.552789,0.0682376,-0.006183982,-0.0261148214,0.6289356,0.0350037143,0.776669,0.0682376,-0.006183982,-0.0261148214,0.6289356,0.0350037143,0.776669,0.0682376,-0.006183982,-0.0261148214,0.6289356,0.0350037143,0.776669,NaN,NaN,NaN,NaN,11.7287683,0.9327886,12.9734087,18.5401039,Grass(Clone),XR.DevicePose:Eye Tracking OpenXR
2.564075,0.06849629,-0.006210804,-0.0261031389,0.6290119,0.0323199779,0.7767235,0.06849629,-0.006210804,-0.0261031389,0.6290119,0.0323199779,0.7767235,0.06849629,-0.006210804,-0.0261031389,0.6290119,0.0323199779,0.7767235,NaN,NaN,NaN,NaN,11.7269173,0.8828239,12.9700775,18.5344982,Grass(Clone),XR.DevicePose:Eye Tracking OpenXR
2.575396,0.0686820149,-0.00625968,-0.0260660052,0.6255414,0.0324203074,0.779517055,0.0686820149,-0.00625968,-0.0260660052,0.6255414,0.0324203074,0.779517055,0.0686820149,-0.00625968,-0.0260660052,0.6255414,0.0324203074,0.779517055,NaN,NaN,NaN,NaN,11.6634665,0.884670734,13.022748,18.5356,Grass(Clone),XR.DevicePose:Eye Tracking OpenXR
2.5863204,0.06883544,-0.00630188,-0.0260331035,0.618212461,0.03194861,0.785361469,0.06883544,-0.00630188,-0.0260331035,0.618212461,0.03194861,0.785361469,0.06883544,-0.00630188,-0.0260331035,0.618212461,0.03194861,0.785361469,NaN,NaN,NaN,NaN,11.5292234,0.8759599,13.1329556,18.5379467,Grass(Clone),XR.DevicePose:Eye Tracking OpenXR
2.596904,0.0689263642,-0.00631845,-0.0259981155,0.618747354,0.0317730457,0.7849473,0.0689263642,-0.00631845,-0.0259981155,0.618747354,0.0317730457,0.7849473,0.0689263642,-0.00631845,-0.0259981155,0.618747354,0.0317730457,0.7849473,NaN,NaN,NaN,NaN,11.5387754,0.872665644,13.124733,18.5372086,Grass(Clone),XR.DevicePose:Eye Tracking OpenXR
2.60858464,0.06897771,-0.006279707,-0.0259391069,0.6193005,0.0323190726,0.7844886,0.06897771,-0.006279707,-0.0259391069,0.6193005,0.0323190726,0.7844886,0.06897771,-0.006279707,-0.0259391069,0.6193005,0.0323190726,0.7844886,NaN,NaN,NaN,NaN,11.5495138,0.8828485,13.11684,18.53791,Grass(Clone),XR.DevicePose:Eye Tracking OpenXR
2.61980247,0.0690563,-0.00616681576,-0.0258992314,0.6195574,0.03368493,0.784228265,0.0690563,-0.00616681576,-0.0258992314,0.6195574,0.03368493,0.784228265,0.0690563,-0.00616681576,-0.0258992314,0.6195574,0.03368493,0.784228265,NaN,NaN,NaN,NaN,11.5559149,0.908366263,13.1140289,18.5404263,Grass(Clone),XR.DevicePose:Eye Tracking OpenXR
2.63068867,0.06914762,-0.00604641438,-0.0258837938,0.618170142,0.0354483575,0.7852446,0.06914762,-0.00604641438,-0.0258837938,0.618170142,0.0354483575,0.7852446,0.06914762,-0.00604641438,-0.0258837938,0.618170142,0.0354483575,0.7852446,NaN,NaN,NaN,NaN,11.5329342,0.9413334,13.1362486,18.54471,Grass(Clone),XR.DevicePose:Eye Tracking OpenXR
2.64176536,0.06923187,-0.005943179,-0.0259011388,0.495490521,0.105341494,0.862202048,0.06923187,-0.005943179,-0.0259011388,0.495490521,0.105341494,0.862202048,0.06923187,-0.005943179,-0.0259011388,0.495490521,0.105341494,0.862202048,NaN,NaN,NaN,NaN,9.35604,2.25843668,14.7340574,18.7426586,Grass(Clone),XR.DevicePose:Eye Tracking OpenXR
2.653128,0.0692437,-0.00589561462,-0.0259103775,0.49202013,0.110380396,0.863558,0.0692437,-0.00589561462,-0.0259103775,0.49202013,0.110380396,0.863558,0.0692437,-0.00589561462,-0.0259103775,0.49202013,0.110380396,0.863558,NaN,NaN,NaN,NaN,9.299796,2.35489774,14.7748833,18.7605152,Grass(Clone),XR.DevicePose:Eye Tracking OpenXR
2.664532,0.06921184,-0.005897522,-0.0259122252,0.4910968,0.107737519,0.8644169,0.06921184,-0.005897522,-0.0259122252,0.4910968,0.107737519,0.8644169,0.06921184,-0.005897522,-0.0259122252,0.4910968,0.107737519,0.8644169,NaN,NaN,NaN,NaN,9.277962,2.3043313,14.7831106,18.7513943,Grass(Clone),XR.DevicePose:Eye Tracking OpenXR
2.675382,0.06907123,-0.005961776,-0.025909543,0.489777684,0.109157369,0.864987,0.06907123,-0.005961776,-0.025909543,0.489777684,0.109157369,0.864987,0.06907123,-0.005961776,-0.025909543,0.489777684,0.109157369,0.864987,NaN,NaN,NaN,NaN,9.255654,2.331464,14.79834,18.7566414,Grass(Clone),XR.DevicePose:Eye Tracking OpenXR
2.68671012,0.06889254,-0.00602901,-0.0259277821,0.487308264,0.108293369,0.866489053,0.06889254,-0.00602901,-0.0259277821,0.487308264,0.108293369,0.866489053,0.06889254,-0.00602901,-0.0259277821,0.487308264,0.108293369,0.866489053,NaN,NaN,NaN,NaN,9.207993,2.31493187,14.8244247,18.75425,Grass(Clone),XR.DevicePose:Eye Tracking OpenXR
2.69757962,0.06864923,-0.00607597828,-0.0258882046,0.485393345,0.1067106,0.8677593,0.06864923,-0.00607597828,-0.0258882046,0.485393345,0.1067106,0.8677593,0.06864923,-0.00607597828,-0.0258882046,0.485393345,0.1067106,0.8677593,NaN,NaN,NaN,NaN,9.169466,2.28468013,14.8440485,18.7493668,Grass(Clone),XR.DevicePose:Eye Tracking OpenXR
2.70900083,0.068466574,-0.005988598,-0.0258139372,0.482804418,0.107875533,0.869058549,0.068466574,-0.005988598,-0.0258139372,0.482804418,0.107875533,0.869058549,0.068466574,-0.005988598,-0.0258139372,0.482804418,0.107875533,0.869058549,NaN,NaN,NaN,NaN,9.12311649,2.30713964,14.8727541,18.754282,Grass(Clone),XR.DevicePose:Eye Tracking OpenXR
2.72032118,0.0683368742,-0.005782366,-0.0257111788,0.4793849,0.109911248,0.870694935,0.0683368742,-0.005782366,-0.0257111788,0.4793849,0.109911248,0.870694935,0.0683368742,-0.005782366,-0.0257111788,0.4793849,0.109911248,0.870694935,NaN,NaN,NaN,NaN,9.062914,2.34645462,14.9109173,18.7627468,Grass(Clone),XR.DevicePose:Eye Tracking OpenXR
2.731069,0.06818089,-0.00553154945,-0.025615871,0.477359772,0.112500109,0.871476531,0.06818089,-0.00553154945,-0.025615871,0.477359772,0.112500109,0.871476531,0.06818089,-0.00553154945,-0.025615871,0.477359772,0.112500109,0.871476531,NaN,NaN,NaN,NaN,9.029586,2.39641619,14.9344854,18.7728519,Grass(Clone),XR.DevicePose:Eye Tracking OpenXR
2.7422576,0.06806794,-0.00533735752,-0.0255278945,0.4765692,0.113603853,0.871766,0.06806794,-0.00533735752,-0.0255278945,0.4765692,0.113603853,0.871766,0.06806794,-0.00533735752,-0.0255278945,0.4765692,0.113603853,0.871766,NaN,NaN,NaN,NaN,9.016695,2.4178226,14.9437819,18.7771816,Grass(Clone),XR.DevicePose:Eye Tracking OpenXR
2.753569,0.06796917,-0.00518286228,-0.02543652,0.475927,0.1148848,0.871948957,0.06796917,-0.00518286228,-0.02543652,0.475927,0.1148848,0.871948957,0.06796917,-0.00518286228,-0.02543652,0.475927,0.1148848,0.871948957,NaN,NaN,NaN,NaN,9.006876,2.442595,14.9515953,18.7820988,Grass(Clone),XR.DevicePose:Eye Tracking OpenXR
2.76490331,0.06790084,-0.005054474,-0.0253694654,0.474875748,0.116299994,0.8723344,0.06790084,-0.005054474,-0.0253694654,0.474875748,0.116299994,0.8723344,0.06790084,-0.005054474,-0.0253694654,0.474875748,0.116299994,0.8723344,NaN,NaN,NaN,NaN,8.989646,2.469936,14.963644,18.7875347,Grass(Clone),XR.DevicePose:Eye Tracking OpenXR
2.77580976,0.06783068,-0.00491631031,-0.0252841115,0.47470203,0.116781756,0.8723646,0.06783068,-0.00491631031,-0.0252841115,0.47470203,0.116781756,0.8723646,0.06783068,-0.00491631031,-0.0252841115,0.47470203,0.116781756,0.8723646,NaN,NaN,NaN,NaN,8.98711,2.47932148,14.9657631,18.789217,Grass(Clone),XR.DevicePose:Eye Tracking OpenXR
2.786933,0.06774485,-0.00470912457,-0.025175035,0.473456562,0.1186945,0.8727832,0.06774485,-0.00470912457,-0.025175035,0.473456562,0.1186945,0.8727832,0.06774485,-0.00470912457,-0.025175035,0.473456562,0.1186945,0.8727832,NaN,NaN,NaN,NaN,8.966763,2.516255,14.9795265,18.7958488,Grass(Clone),XR.DevicePose:Eye Tracking OpenXR
2.798132,0.06767398,-0.00452041626,-0.025025785,0.473399431,0.119669169,0.8726811,0.06767398,-0.00452041626,-0.025025785,0.473399431,0.119669169,0.8726811,0.06767398,-0.00452041626,-0.025025785,0.473399431,0.119669169,0.8726811,NaN,NaN,NaN,NaN,8.967297,2.53518748,14.98085,18.7993946,Grass(Clone),XR.DevicePose:Eye Tracking OpenXR
2.80936337,0.0676236749,-0.00434851646,-0.0249000788,0.472446173,0.119827978,0.87317574,0.0676236749,-0.00434851646,-0.0249000788,0.472446173,0.119827978,0.87317574,0.0676236749,-0.00434851646,-0.0249000788,0.472446173,0.119827978,0.87317574,NaN,NaN,NaN,NaN,8.949427,2.538371,14.9904613,18.7996082,Grass(Clone),XR.DevicePose:Eye Tracking OpenXR
2.82062,0.06758276,-0.004250169,-0.0247890353,0.4713864,0.118860975,0.8738804,0.06758276,-0.004250169,-0.0247890353,0.4713864,0.118860975,0.8738804,0.06758276,-0.004250169,-0.0247890353,0.4713864,0.118860975,0.8738804,NaN,NaN,NaN,NaN,8.927573,2.51981378,15.0003157,18.795599,Grass(Clone),XR.DevicePose:Eye Tracking OpenXR
2.83140755,0.06753084,-0.00418794155,-0.0246156454,0.470891118,0.117656194,0.8743103,0.06753084,-0.00418794155,-0.0246156454,0.470891118,0.117656194,0.8743103,0.06753084,-0.00418794155,-0.0246156454,0.470891118,0.117656194,0.8743103,NaN,NaN,NaN,NaN,8.915977,2.49667239,15.0044193,18.7908516,Grass(Clone),XR.DevicePose:Eye Tracking OpenXR
2.84302926,0.0675095,-0.00415992737,-0.02447164,0.470710933,0.118226066,0.8743305,0.0675095,-0.00415992737,-0.02447164,0.470710933,0.118226066,0.8743305,0.0675095,-0.00415992737,-0.02447164,0.470710933,0.118226066,0.8743305,NaN,NaN,NaN,NaN,8.913487,2.50764,15.006649,18.7928028,Grass(Clone),XR.DevicePose:Eye Tracking OpenXR
2.85414743,0.06751832,-0.004111171,-0.0243294835,0.47051847,0.119013168,0.8743273,0.06751832,-0.004111171,-0.0243294835,0.47051847,0.119013168,0.8743273,0.06751832,-0.004111171,-0.0243294835,0.47051847,0.119013168,0.8743273,NaN,NaN,NaN,NaN,8.911177,2.522808,15.009141,18.795557,Grass(Clone),XR.DevicePose:Eye Tracking OpenXR
2.86570525,0.0675739348,-0.003973365,-0.0241817236,0.47179,0.118214376,0.873750269,0.0675739348,-0.003973365,-0.0241817236,0.47179,0.118214376,0.873750269,0.0675739348,-0.003973365,-0.0241817236,0.47179,0.118214376,0.873750269,NaN,NaN,NaN,NaN,8.933819,2.507604,14.9960165,18.7927818,Grass(Clone),XR.DevicePose:Eye Tracking OpenXR
2.87625718,0.06761894,-0.00383079052,-0.0240183473,0.4721951,0.119360074,0.8733756,0.06761894,-0.00383079052,-0.0240183473,0.4721951,0.119360074,0.8733756,0.06761894,-0.00383079052,-0.0240183473,0.4721951,0.119360074,0.8733756,NaN,NaN,NaN,NaN,8.943482,2.52978325,14.9928427,18.7970219,Grass(Clone),XR.DevicePose:Eye Tracking OpenXR
2.88746,0.06774902,-0.00370895863,-0.0239011645,0.472515374,0.120562762,0.873037159,0.06774902,-0.00370895863,-0.0239011645,0.472515374,0.120562762,0.873037159,0.06774902,-0.00370895863,-0.0239011645,0.472515374,0.120562762,0.873037159,NaN,NaN,NaN,NaN,8.951739,2.55305028,14.9904947,18.8014851,Grass(Clone),XR.DevicePose:Eye Tracking OpenXR
2.898532,0.06788045,-0.00357317924,-0.0237256885,0.473975539,0.121153235,0.8721635,0.06788045,-0.00357317924,-0.0237256885,0.473975539,0.121153235,0.8721635,0.06788045,-0.00357317924,-0.0237256885,0.473975539,0.121153235,0.8721635,NaN,NaN,NaN,NaN,8.980514,2.56459212,14.976429,18.8039932,Grass(Clone),XR.DevicePose:Eye Tracking OpenXR
2.90967774,0.06797093,-0.00352430344,-0.02361834,0.474250257,0.12232022,0.8718512,0.06797093,-0.00352430344,-0.02361834,0.474250257,0.12232022,0.8718512,0.06797093,-0.00352430344,-0.02361834,0.474250257,0.12232022,0.8718512,NaN,NaN,NaN,NaN,8.987855,2.58712268,14.9744978,18.80839,Grass(Clone),XR.DevicePose:Eye Tracking OpenXR
2.92141914,0.06807628,-0.00344908237,-0.0234399438,0.475752383,0.121577561,0.871136367,0.06807628,-0.00344908237,-0.0234399438,0.475752383,0.121577561,0.871136367,0.06807628,-0.00344908237,-0.0234399438,0.475752383,0.121577561,0.871136367,NaN,NaN,NaN,NaN,9.014656,2.57283115,14.9583826,18.8051186,Grass(Clone),XR.DevicePose:Eye Tracking OpenXR
2.93207669,0.06814918,-0.0034635067,-0.0233286619,0.476455659,0.122225329,0.8706612,0.06814918,-0.0034635067,-0.0233286619,0.476455659,0.122225329,0.8706612,0.06814918,-0.0034635067,-0.0233286619,0.476455659,0.122225329,0.8706612,NaN,NaN,NaN,NaN,9.028878,2.58523536,14.9512463,18.8070583,Grass(Clone),XR.DevicePose:Eye Tracking OpenXR
2.94336319,0.06820652,-0.00357723236,-0.0232289433,0.4774642,0.122106828,0.870125234,0.06820652,-0.00357723236,-0.0232289433,0.4774642,0.122106828,0.870125234,0.06820652,-0.00357723236,-0.0232289433,0.4774642,0.122106828,0.870125234,NaN,NaN,NaN,NaN,9.047395,2.582763,14.940341,18.8059921,Grass(Clone),XR.DevicePose:Eye Tracking OpenXR
2.95463228,0.06822425,-0.00377225876,-0.02308625,0.7234517,0.136866078,0.6766723,0.06822425,-0.00377225876,-0.02308625,0.7234517,0.136866078,0.6766723,0.06822425,-0.00377225876,-0.02308625,0.7234517,0.136866078,0.6766723,NaN,NaN,NaN,NaN,13.69761,2.864702,11.3250055,18.8393879,Grass(Clone),XR.DevicePose:Eye Tracking OpenXR
2.96564174,0.06821367,-0.0040563345,-0.0229012966,0.723948359,0.135331243,0.6764497,0.06821367,-0.0040563345,-0.0229012966,0.723948359,0.135331243,0.6764497,0.06821367,-0.0040563345,-0.0229012966,0.723948359,0.135331243,0.6764497,NaN,NaN,NaN,NaN,13.7023354,2.83463836,11.316679,18.833004,Grass(Clone),XR.DevicePose:Eye Tracking OpenXR
2.976622,0.0681573749,-0.004285693,-0.0227597356,0.723929048,0.133655414,0.6768035,0.0681573749,-0.004285693,-0.0227597356,0.723929048,0.133655414,0.6768035,0.0681573749,-0.004285693,-0.0227597356,0.723929048,0.133655414,0.6768035,NaN,NaN,NaN,NaN,13.6969442,2.801931,11.3188372,18.82614,Grass(Clone),XR.DevicePose:Eye Tracking OpenXR
2.988414,0.06800935,-0.00457060337,-0.0225147,0.7076657,0.130877092,0.6943202,0.06800935,-0.00457060337,-0.0225147,0.7076657,0.130877092,0.6943202,0.06800935,-0.00457060337,-0.0225147,0.7076657,0.130877092,0.6943202,NaN,NaN,NaN,NaN,13.3858938,2.748466,11.6442146,18.819458,Grass(Clone),XR.DevicePose:Eye Tracking OpenXR
2.99906158,0.0679056644,-0.00469553471,-0.0223542452,0.7050803,0.128767416,0.697338343,0.0679056644,-0.00469553471,-0.0223542452,0.7050803,0.128767416,0.697338343,0.0679056644,-0.00469553471,-0.0223542452,0.7050803,0.128767416,0.697338343,NaN,NaN,NaN,NaN,13.3316431,2.707635,11.6957445,18.8116722,Grass(Clone),XR.DevicePose:Eye Tracking OpenXR
3.010259,0.06775269,-0.004805565,-0.0220714211,0.70469147,0.126983091,0.6980582,0.06775269,-0.004805565,-0.0220714211,0.70469147,0.126983091,0.6980582,0.06775269,-0.004805565,-0.0220714211,0.70469147,0.126983091,0.6980582,NaN,NaN,NaN,NaN,13.319026,2.67303038,11.7044668,18.8043613,Grass(Clone),XR.DevicePose:Eye Tracking OpenXR
3.02162766,0.06760976,-0.004869461,-0.0218250751,0.703416765,0.126993865,0.6993407,0.06760976,-0.004869461,-0.0218250751,0.703416765,0.126993865,0.6993407,0.06760976,-0.004869461,-0.0218250751,0.703416765,0.126993865,0.6993407,NaN,NaN,NaN,NaN,13.2945366,2.673101,11.7284565,18.8038254,Grass(Clone),XR.DevicePose:Eye Tracking OpenXR
3.0323174,0.06749219,-0.004940748,-0.02163452,0.7027512,0.127289832,0.6999557,0.06749219,-0.004940748,-0.02163452,0.7027512,0.127289832,0.6999557,0.06749219,-0.004940748,-0.02163452,0.7027512,0.127289832,0.6999557,NaN,NaN,NaN,NaN,13.2825136,2.67870569,11.740818,18.8046951,Grass(Clone),XR.DevicePose:Eye Tracking OpenXR
3.04372621,0.06730792,-0.00503957272,-0.0214070678,0.702128947,0.1274311,0.700554252,0.06730792,-0.00503957272,-0.0214070678,0.702128947,0.1274311,0.700554252,0.06730792,-0.00503957272,-0.0214070678,0.702128947,0.1274311,0.700554252,NaN,NaN,NaN,NaN,13.2708445,2.68130183,11.7525187,18.805,Grass(Clone),XR.DevicePose:Eye Tracking OpenXR
3.05535531,0.0670704842,-0.005164504,-0.0211529136,0.701341033,0.126789048,0.7014594,0.0670704842,-0.005164504,-0.0211529136,0.701341033,0.126789048,0.7014594,0.0670704842,-0.005164504,-0.0211529136,0.701341033,0.126789048,0.7014594,NaN,NaN,NaN,NaN,13.2538452,2.668752,11.7678471,18.802227,Grass(Clone),XR.DevicePose:Eye Tracking OpenXR
3.0665853,0.066688,-0.00529789925,-0.0208418369,0.6999105,0.125963092,0.7030353,0.066688,-0.00529789925,-0.0208418369,0.6999105,0.125963092,0.7030353,0.066688,-0.00529789925,-0.0208418369,0.6999105,0.125963092,0.7030353,NaN,NaN,NaN,NaN,13.2240868,2.652642,11.7952976,18.7986851,Grass(Clone),XR.DevicePose:Eye Tracking OpenXR
3.07748222,0.0664053857,-0.005354643,-0.020622313,0.6988407,0.125416085,0.7041964,0.0664053857,-0.005354643,-0.020622313,0.6988407,0.125416085,0.7041964,0.0664053857,-0.005354643,-0.020622313,0.6988407,0.125416085,0.7041964,NaN,NaN,NaN,NaN,13.2020874,2.6420145,11.8157263,18.7963886,Grass(Clone),XR.DevicePose:Eye Tracking OpenXR
3.08837986,0.066072166,-0.00543534756,-0.0203768611,0.697419643,0.125697628,0.7055537,0.066072166,-0.00543534756,-0.0203768611,0.697419643,0.125697628,0.7055537,0.066072166,-0.00543534756,-0.0203768611,0.697419643,0.125697628,0.7055537,NaN,NaN,NaN,NaN,13.1756887,2.64734244,11.8421364,18.7973137,Grass(Clone),XR.DevicePose:Eye Tracking OpenXR
3.09959936,0.06560603,-0.005553961,-0.02008903,0.695172131,0.125535578,0.707797,0.06560603,-0.005553961,-0.02008903,0.695172131,0.125535578,0.707797,0.06560603,-0.005553961,-0.02008903,0.695172131,0.125535578,0.707797,NaN,NaN,NaN,NaN,13.1324892,2.6440897,11.884099,18.7966137,Grass(Clone),XR.DevicePose:Eye Tracking OpenXR
3.11087251,0.065137,-0.00562000275,-0.0198306441,0.692904353,0.125180155,0.7100799,0.065137,-0.00562000275,-0.0198306441,0.692904353,0.125180155,0.7100799,0.065137,-0.00562000275,-0.0198306441,0.692904353,0.125180155,0.7100799,NaN,NaN,NaN,NaN,13.0885487,2.63719058,11.926405,18.7953987,Grass(Clone),XR.DevicePose:Eye Tracking OpenXR
3.12186742,0.0647576749,-0.005661845,-0.0196454525,0.6908231,0.124539331,0.712217331,0.0647576749,-0.005661845,-0.0196454525,0.6908231,0.124539331,0.712217331,0.0647576749,-0.005661845,-0.0196454525,0.6908231,0.124539331,0.712217331,NaN,NaN,NaN,NaN,13.0475712,2.62483764,11.9652357,18.7932549,Grass(Clone),XR.DevicePose:Eye Tracking OpenXR
3.13332772,0.06423074,-0.005715966,-0.0193950534,0.6878826,0.124534279,0.715058565,0.06423074,-0.005715966,-0.0193950534,0.6878826,0.124534279,0.715058565,0.06423074,-0.005715966,-0.0193950534,0.6878826,0.124534279,0.715058565,NaN,NaN,NaN,NaN,12.9922695,2.62477565,12.0193844,18.7939587,Grass(Clone),XR.DevicePose:Eye Tracking OpenXR
3.144616,0.06385207,-0.005752325,-0.0192307234,0.6870485,0.124847308,0.715805531,0.06385207,-0.005752325,-0.0192307234,0.6870485,0.124847308,0.715805531,0.06385207,-0.005752325,-0.0192307234,0.6870485,0.124847308,0.715805531,NaN,NaN,NaN,NaN,12.9772778,2.630816,12.0347,18.7955074,Grass(Clone),XR.DevicePose:Eye Tracking OpenXR
3.15560675,0.06339371,-0.00583672523,-0.0190659165,0.6840855,0.1248094,0.7186444,0.06339371,-0.00583672523,-0.0190659165,0.6840855,0.1248094,0.7186444,0.06339371,-0.00583672523,-0.0190659165,0.6840855,0.1248094,0.7186444,NaN,NaN,NaN,NaN,12.9218149,2.630145,12.0889425,18.7965145,Grass(Clone),XR.DevicePose:Eye Tracking OpenXR
3.166681,0.06298572,-0.005903125,-0.0189068913,0.6812649,0.124932624,0.721297443,0.06298572,-0.005903125,-0.0189068913,0.6812649,0.124932624,0.721297443,0.06298572,-0.005903125,-0.0189068913,0.6812649,0.124932624,0.721297443,NaN,NaN,NaN,NaN,12.8696423,2.63262415,12.1402941,18.7983513,Grass(Clone),XR.DevicePose:Eye Tracking OpenXR
3.177874,0.06250593,-0.005976081,-0.0187350512,0.113972828,0.238290623,0.964483142,0.06250593,-0.005976081,-0.0187350512,0.113972828,0.238290623,0.964483142,0.06250593,-0.005976081,-0.0187350512,0.113972828,0.238290623,0.964483142,NaN,NaN,NaN,NaN,2.27616882,4.912278,17.3141556,19.4227238,Grass(Clone),XR.DevicePose:Eye Tracking OpenXR
3.18994021,0.06192249,-0.00594961643,-0.0185581446,0.111385062,0.2358153,0.9653934,0.06192249,-0.00594961643,-0.0185581446,0.111385062,0.2358153,0.9653934,0.06192249,-0.00594961643,-0.0185581446,0.111385062,0.2358153,0.9653934,NaN,NaN,NaN,NaN,2.22345018,4.860261,17.315773,19.4059048,Grass(Clone),XR.DevicePose:Eye Tracking OpenXR
3.199975,0.0614494681,-0.005901575,-0.018421948,0.111047775,0.236650854,0.965227842,0.0614494681,-0.005901575,-0.018421948,0.111047775,0.236650854,0.965227842,0.0614494681,-0.005901575,-0.018421948,0.111047775,0.236650854,0.965227842,NaN,NaN,NaN,NaN,2.21701574,4.87776661,17.31777,19.41116,Grass(Clone),XR.DevicePose:Eye Tracking OpenXR
3.21156549,0.0610969365,-0.00584042072,-0.0183412433,0.109306335,0.238717571,0.96491766,0.0610969365,-0.00584042072,-0.0183412433,0.109306335,0.238717571,0.96491766,0.0610969365,-0.00584042072,-0.0183412433,0.109306335,0.238717571,0.96491766,NaN,NaN,NaN,NaN,2.184292,4.92107439,17.3244743,19.4242649,Grass(Clone),XR.DevicePose:Eye Tracking OpenXR
3.2233088,0.06052223,-0.005797744,-0.0182238817,0.106131047,0.239026755,0.965195537,0.06052223,-0.005797744,-0.0182238817,0.106131047,0.239026755,0.965195537,0.06052223,-0.005797744,-0.0182238817,0.106131047,0.239026755,0.965195537,NaN,NaN,NaN,NaN,2.12220454,4.92749357,17.3314857,19.4258137,Grass(Clone),XR.DevicePose:Eye Tracking OpenXR
3.23413777,0.0601718128,-0.0057965517,-0.0181776285,0.101872392,0.238805726,0.965709,0.0601718128,-0.0057965517,-0.0181776285,0.101872392,0.238805726,0.965709,0.0601718128,-0.0057965517,-0.0181776285,0.101872392,0.238805726,0.965709,NaN,NaN,NaN,NaN,2.03895473,4.922798,17.33988,19.4241314,Grass(Clone),XR.DevicePose:Eye Tracking OpenXR
3.244729,0.0596874058,-0.005831003,-0.0181127787,0.0989390463,0.239359915,0.965876758,0.0596874058,-0.005831003,-0.0181127787,0.0989390463,0.239359915,0.965876758,0.0596874058,-0.005831003,-0.0181127787,0.0989390463,0.239359915,0.965876758,NaN,NaN,NaN,NaN,1.98185658,4.934409,17.3467579,19.4278069,Grass(Clone),XR.DevicePose:Eye Tracking OpenXR
3.25596738,0.0591674745,-0.005829811,-0.0179946423,0.09693825,0.239095271,0.966145158,0.0591674745,-0.005829811,-0.0179946423,0.09693825,0.239095271,0.966145158,0.0591674745,-0.005829811,-0.0179946423,0.09693825,0.239095271,0.966145158,NaN,NaN,NaN,NaN,1.9423058,4.928875,17.3504963,19.4261627,Grass(Clone),XR.DevicePose:Eye Tracking OpenXR
3.26712465,0.0585846,-0.00577414036,-0.0178176165,0.09187109,0.239933655,0.9664324,0.0585846,-0.00577414036,-0.0178176165,0.09187109,0.239933655,0.9664324,0.0585846,-0.00577414036,-0.0178176165,0.09187109,0.239933655,0.9664324,NaN,NaN,NaN,NaN,1.84385169,4.946691,17.3621883,19.4323044,Grass(Clone),XR.DevicePose:Eye Tracking OpenXR
3.27861524,0.0578116775,-0.00565874577,-0.0175704956,0.08590086,0.240277082,0.966896057,0.0578116775,-0.00565874577,-0.0175704956,0.08590086,0.240277082,0.966896057,0.0578116775,-0.00565874577,-0.0175704956,0.08590086,0.240277082,0.966896057,NaN,NaN,NaN,NaN,1.72737992,4.954365,17.37501,19.4359856,Grass(Clone),XR.DevicePose:Eye Tracking OpenXR
3.28967428,0.05743748,-0.005592108,-0.01747489,0.08352637,0.240574762,0.967030048,0.05743748,-0.005592108,-0.01747489,0.08352637,0.240574762,0.967030048,0.05743748,-0.005592108,-0.01747489,0.08352637,0.240574762,0.967030048,NaN,NaN,NaN,NaN,1.68108439,4.960879,17.3803654,19.438736,Grass(Clone),XR.DevicePose:Eye Tracking OpenXR
3.30064559,0.0562425554,-0.00543880463,-0.01723057,0.07300938,0.241282329,0.9677047,0.0562425554,-0.00543880463,-0.01723057,0.07300938,0.241282329,0.9677047,0.0562425554,-0.00543880463,-0.01723057,0.07300938,0.241282329,0.9677047,NaN,NaN,NaN,NaN,1.47583318,4.97604227,17.3987713,19.44395,Grass(Clone),XR.DevicePose:Eye Tracking OpenXR
3.31188846,0.0555166,-0.005387068,-0.01707232,0.06477688,0.241831243,0.9681537,0.0555166,-0.005387068,-0.01707232,0.06477688,0.241831243,0.9681537,0.0555166,-0.005387068,-0.01707232,0.06477688,0.241831243,0.9681537,NaN,NaN,NaN,NaN,1.31517315,4.987283,17.4097252,19.4460831,Grass(Clone),XR.DevicePose:Eye Tracking OpenXR
3.322818,0.05415255,-0.005244255,-0.0168123245,0.05260414,0.242822573,0.968643367,0.05415255,-0.005244255,-0.0168123245,0.05260414,0.242822573,0.968643367,0.05415255,-0.005244255,-0.0168123245,0.05260414,0.242822573,0.968643367,NaN,NaN,NaN,NaN,1.077464,5.00839758,17.4262657,19.453064,Grass(Clone),XR.DevicePose:Eye Tracking OpenXR
3.334052,0.0533032119,-0.005133152,-0.0166642666,0.04207593,0.2434603,0.9689978,0.0533032119,-0.005133152,-0.0166642666,0.04207593,0.2434603,0.9689978,0.0533032119,-0.005133152,-0.0166642666,0.04207593,0.2434603,0.9689978,NaN,NaN,NaN,NaN,0.8721106,5.022661,17.440258,19.4602337,Grass(Clone),XR.DevicePose:Eye Tracking OpenXR
3.34495664,0.0520724058,-0.004958391,-0.01649338,0.03610597,0.244089723,0.969080269,0.0520724058,-0.004958391,-0.01649338,0.03610597,0.244089723,0.969080269,0.0520724058,-0.004958391,-0.01649338,0.03610597,0.244089723,0.969080269,NaN,NaN,NaN,NaN,0.7548953,5.036386,17.4471931,19.4655571,Grass(Clone),XR.DevicePose:Eye Tracking OpenXR
3.35628581,0.05034077,-0.004730344,-0.0163061023,-0.255059749,0.269843936,0.928508937,0.05034077,-0.004730344,-0.0163061023,-0.255059749,0.269843936,0.928508937,0.05034077,-0.004730344,-0.0163061023,-0.255059749,0.269843936,0.928508937,NaN,NaN,NaN,NaN,-359.081,380.233215,1305.95068,1408.02832,Sun,XR.DevicePose:Eye Tracking OpenXR
3.36873937,0.0487331748,-0.004579544,-0.016120851,-0.269145817,0.276454926,0.9225688,0.0487331748,-0.004579544,-0.016120851,-0.269145817,0.276454926,0.9225688,0.0487331748,-0.004579544,-0.016120851,-0.269145817,0.276454926,0.9225688,NaN,NaN,NaN,NaN,-376.75,387.316772,1290.16174,1399.98,Sun,XR.DevicePose:Eye Tracking OpenXR
3.37853026,0.04693824,-0.00438392162,-0.0159171224,-0.2774791,0.277335078,0.9198319,0.04693824,-0.00438392162,-0.0159171224,-0.2774791,0.277335078,0.9198319,0.04693824,-0.00438392162,-0.0159171224,-0.2774791,0.277335078,0.9198319,NaN,NaN,NaN,NaN,-390.380646,390.510529,1292.83545,1407.05212,Sun,XR.DevicePose:Eye Tracking OpenXR
3.38956046,0.0448993444,-0.004137039,-0.0156787634,-0.293326825,0.2802308,0.914018631,0.0448993444,-0.004137039,-0.0156787634,-0.293326825,0.2802308,0.914018631,0.0448993444,-0.004137039,-0.0156787634,-0.293326825,0.2802308,0.914018631,NaN,NaN,NaN,NaN,NaN,NaN,NaN,NaN,None,XR.DevicePose:Eye Tracking OpenXR
3.40117025,0.0427523851,-0.00384831429,-0.0154488683,-0.308748,0.286383659,0.907005548,0.0427523851,-0.00384831429,-0.0154488683,-0.308748,0.286383659,0.907005548,0.0427523851,-0.00384831429,-0.0154488683,-0.308748,0.286383659,0.907005548,NaN,NaN,NaN,NaN,NaN,NaN,NaN,NaN,None,XR.DevicePose:Eye Tracking OpenXR
3.412006,0.04051912,-0.00350570679,-0.0152198076,-0.326219916,0.288096339,0.9003228,0.04051912,-0.00350570679,-0.0152198076,-0.326219916,0.288096339,0.9003228,0.04051912,-0.00350570679,-0.0152198076,-0.326219916,0.288096339,0.9003228,NaN,NaN,NaN,NaN,NaN,NaN,NaN,NaN,None,XR.DevicePose:Eye Tracking OpenXR
3.423023,0.0385975838,-0.00318717957,-0.0150453448,-0.332228422,0.291187942,0.897125363,0.0385975838,-0.00318717957,-0.0150453448,-0.332228422,0.291187942,0.897125363,0.0385975838,-0.00318717957,-0.0150453448,-0.332228422,0.291187942,0.897125363,NaN,NaN,NaN,NaN,NaN,NaN,NaN,NaN,None,XR.DevicePose:Eye Tracking OpenXR
3.43430972,0.03619221,-0.00268352032,-0.0148925781,-0.356007248,0.29614085,0.8863179,0.03619221,-0.00268352032,-0.0148925781,-0.356007248,0.29614085,0.8863179,0.03619221,-0.00268352032,-0.0148925781,-0.356007248,0.29614085,0.8863179,NaN,NaN,NaN,NaN,NaN,NaN,NaN,NaN,None,XR.DevicePose:Eye Tracking OpenXR
3.44540358,0.0334115624,-0.00205659866,-0.0148397684,-0.380824357,0.300323874,0.87451607,0.0334115624,-0.00205659866,-0.0148397684,-0.380824357,0.300323874,0.87451607,0.0334115624,-0.00205659866,-0.0148397684,-0.380824357,0.300323874,0.87451607,NaN,NaN,NaN,NaN,NaN,NaN,NaN,NaN,None,XR.DevicePose:Eye Tracking OpenXR
3.456512,0.03126964,-0.00154006481,-0.0149304271,-0.4071435,0.303247839,0.8615538,0.03126964,-0.00154006481,-0.0149304271,-0.4071435,0.303247839,0.8615538,0.03126964,-0.00154006481,-0.0149304271,-0.4071435,0.303247839,0.8615538,NaN,NaN,NaN,NaN,NaN,NaN,NaN,NaN,None,XR.DevicePose:Eye Tracking OpenXR
3.46734357,0.028783977,-0.0009924173,-0.0151141286,-0.434998631,0.306086153,0.846810162,0.028783977,-0.0009924173,-0.0151141286,-0.434998631,0.306086153,0.846810162,0.028783977,-0.0009924173,-0.0151141286,-0.434998631,0.306086153,0.846810162,NaN,NaN,NaN,NaN,NaN,NaN,NaN,NaN,None,XR.DevicePose:Eye Tracking OpenXR
3.47877574,0.0258442461,-0.00046646595,-0.0153927207,-0.463300943,0.30965662,0.8303403,0.0258442461,-0.00046646595,-0.0153927207,-0.463300943,0.30965662,0.8303403,0.0258442461,-0.00046646595,-0.0153927207,-0.463300943,0.30965662,0.8303403,NaN,NaN,NaN,NaN,NaN,NaN,NaN,NaN,None,XR.DevicePose:Eye Tracking OpenXR
3.489568,0.0230012536,-9.31024551E-05,-0.0157678723,-0.468552321,0.311191469,0.8268123,0.0230012536,-9.31024551E-05,-0.0157678723,-0.468552321,0.311191469,0.8268123,0.0230012536,-9.31024551E-05,-0.0157678723,-0.468552321,0.311191469,0.8268123,NaN,NaN,NaN,NaN,NaN,NaN,NaN,NaN,None,XR.DevicePose:Eye Tracking OpenXR
3.50035572,0.0206383169,0.000120997429,-0.0161682963,-0.493770272,0.314874858,0.810583,0.0206383169,0.000120997429,-0.0161682963,-0.493770272,0.314874858,0.810583,0.0206383169,0.000120997429,-0.0161682963,-0.493770272,0.314874858,0.810583,NaN,NaN,NaN,NaN,NaN,NaN,NaN,NaN,None,XR.DevicePose:Eye Tracking OpenXR
3.51183534,0.0176857114,0.000300169,-0.0167716146,-0.5952041,0.277486384,0.754144132,0.0176857114,0.000300169,-0.0167716146,-0.5952041,0.277486384,0.754144132,0.0176857114,0.000300169,-0.0167716146,-0.5952041,0.277486384,0.754144132,NaN,NaN,NaN,NaN,NaN,NaN,NaN,NaN,None,XR.DevicePose:Eye Tracking OpenXR
3.52296829,0.0149071217,0.0004734993,-0.0174559355,-0.624641,0.275953025,0.730529666,0.0149071217,0.0004734993,-0.0174559355,-0.624641,0.275953025,0.730529666,0.0149071217,0.0004734993,-0.0174559355,-0.624641,0.275953025,0.730529666,NaN,NaN,NaN,NaN,NaN,NaN,NaN,NaN,None,XR.DevicePose:Eye Tracking OpenXR
3.53413129,0.0122087,0.0007275343,-0.0182278156,-0.626255751,0.275326371,0.729382753,0.0122087,0.0007275343,-0.0182278156,-0.626255751,0.275326371,0.729382753,0.0122087,0.0007275343,-0.0182278156,-0.626255751,0.275326371,0.729382753,NaN,NaN,NaN,NaN,NaN,NaN,NaN,NaN,None,XR.DevicePose:Eye Tracking OpenXR
3.54503274,0.00976491,0.00102317333,-0.0190431476,-0.6531493,0.2729487,0.706325054,0.00976491,0.00102317333,-0.0190431476,-0.6531493,0.2729487,0.706325054,0.00976491,0.00102317333,-0.0190431476,-0.6531493,0.2729487,0.706325054,NaN,NaN,NaN,NaN,NaN,NaN,NaN,NaN,None,XR.DevicePose:Eye Tracking OpenXR
3.5567925,0.007305205,0.0012871027,-0.0198968053,-0.681723058,0.272170454,0.6791001,0.007305205,0.0012871027,-0.0198968053,-0.681723058,0.272170454,0.6791001,0.007305205,0.0012871027,-0.0198968053,-0.681723058,0.272170454,0.6791001,NaN,NaN,NaN,NaN,NaN,NaN,NaN,NaN,None,XR.DevicePose:Eye Tracking OpenXR
3.56749868,0.004880756,0.00149607658,-0.0208154321,-0.7068657,0.2702692,0.653678358,0.004880756,0.00149607658,-0.0208154321,-0.7068657,0.2702692,0.653678358,0.004880756,0.00149607658,-0.0208154321,-0.7068657,0.2702692,0.653678358,NaN,NaN,NaN,NaN,NaN,NaN,NaN,NaN,None,XR.DevicePose:Eye Tracking OpenXR
3.57887578,0.00189739466,0.00169062614,-0.0221012235,-0.73131156,0.268543363,0.626951337,0.00189739466,0.00169062614,-0.0221012235,-0.73131156,0.268543363,0.626951337,0.00189739466,0.00169062614,-0.0221012235,-0.73131156,0.268543363,0.626951337,NaN,NaN,NaN,NaN,NaN,NaN,NaN,NaN,None,XR.DevicePose:Eye Tracking OpenXR
3.58976316,-0.000466436148,0.00184619427,-0.0232378244,-0.753426731,0.2664317,0.601134241,-0.000466436148,0.00184619427,-0.0232378244,-0.753426731,0.2664317,0.601134241,-0.000466436148,0.00184619427,-0.0232378244,-0.753426731,0.2664317,0.601134241,NaN,NaN,NaN,NaN,NaN,NaN,NaN,NaN,None,XR.DevicePose:Eye Tracking OpenXR
3.600348,-0.00236552954,0.00201225281,-0.0241411924,-0.7521623,0.2651136,0.6032966,-0.00236552954,0.00201225281,-0.0241411924,-0.7521623,0.2651136,0.6032966,-0.00236552954,0.00201225281,-0.0241411924,-0.7521623,0.2651136,0.6032966,NaN,NaN,NaN,NaN,NaN,NaN,NaN,NaN,None,XR.DevicePose:Eye Tracking OpenXR
3.61201763,-0.004521668,0.00223732,-0.0252252221,-0.7722862,0.2641072,0.5777729,-0.004521668,0.00223732,-0.0252252221,-0.7722862,0.2641072,0.5777729,-0.004521668,0.00223732,-0.0252252221,-0.7722862,0.2641072,0.5777729,NaN,NaN,NaN,NaN,NaN,NaN,NaN,NaN,None,XR.DevicePose:Eye Tracking OpenXR
3.62296629,-0.006574899,0.00245976448,-0.026266098,-0.7882976,0.26457864,0.5555043,-0.006574899,0.00245976448,-0.026266098,-0.7882976,0.26457864,0.5555043,-0.006574899,0.00245976448,-0.026266098,-0.7882976,0.26457864,0.5555043,NaN,NaN,NaN,NaN,NaN,NaN,NaN,NaN,None,XR.DevicePose:Eye Tracking OpenXR
3.634375,-0.008378178,0.00262665749,-0.02724278,-0.802597165,0.265021741,0.534416735,-0.008378178,0.00262665749,-0.02724278,-0.802597165,0.265021741,0.534416735,-0.008378178,0.00262665749,-0.02724278,-0.802597165,0.265021741,0.534416735,NaN,NaN,NaN,NaN,NaN,NaN,NaN,NaN,None,XR.DevicePose:Eye Tracking OpenXR
3.645352,-0.010202378,0.00266027451,-0.0282683969,-0.7982224,0.26368314,0.541583,-0.010202378,0.00266027451,-0.0282683969,-0.7982224,0.26368314,0.541583,-0.010202378,0.00266027451,-0.0282683969,-0.7982224,0.26368314,0.541583,NaN,NaN,NaN,NaN,NaN,NaN,NaN,NaN,None,XR.DevicePose:Eye Tracking OpenXR
3.656169,-0.0117898583,0.0026153326,-0.0291366577,-0.8110937,0.2628603,0.5225242,-0.0117898583,0.0026153326,-0.0291366577,-0.8110937,0.2628603,0.5225242,-0.0117898583,0.0026153326,-0.0291366577,-0.8110937,0.2628603,0.5225242,NaN,NaN,NaN,NaN,NaN,NaN,NaN,NaN,None,XR.DevicePose:Eye Tracking OpenXR
3.66740155,-0.01382032,0.00250291824,-0.030199945,-0.7804628,0.254980862,0.5708438,-0.01382032,0.00250291824,-0.030199945,-0.7804628,0.254980862,0.5708438,-0.01382032,0.00250291824,-0.030199945,-0.7804628,0.254980862,0.5708438,NaN,NaN,NaN,NaN,-15.2552471,5.27195024,9.717638,19.5287056,Grass(Clone),XR.DevicePose:Eye Tracking OpenXR
3.6788764,-0.0149779022,0.00248587132,-0.03079325,-0.697385252,0.26931864,0.664169669,-0.0149779022,0.00248587132,-0.03079325,-0.697385252,0.26931864,0.664169669,-0.0149779022,0.00248587132,-0.03079325,-0.697385252,0.26931864,0.664169669,NaN,NaN,NaN,NaN,NaN,NaN,NaN,NaN,None,XR.DevicePose:Eye Tracking OpenXR
3.68978357,-0.016559124,0.00247979164,-0.0316483378,-0.700437546,0.243318275,0.6709571,-0.016559124,0.00247979164,-0.0316483378,-0.700437546,0.243318275,0.6709571,-0.016559124,0.00247979164,-0.0316483378,-0.700437546,0.243318275,0.6709571,NaN,NaN,NaN,NaN,-13.6423359,5.02580738,11.6206388,19.4532356,Grass(Clone),XR.DevicePose:Eye Tracking OpenXR
3.70094848,-0.0174017549,0.00245475769,-0.03211713,-0.6925375,0.243550643,0.679024935,-0.0174017549,0.00245475769,-0.03211713,-0.6925375,0.243550643,0.679024935,-0.0174017549,0.00245475769,-0.03211713,-0.6925375,0.243550643,0.679024935,NaN,NaN,NaN,NaN,-13.4928722,5.031491,11.7804241,19.45811,Grass(Clone),XR.DevicePose:Eye Tracking OpenXR
3.71159339,-0.0181678236,0.00234532356,-0.0325768,-0.6794817,0.26295507,0.684952,-0.0181678236,0.00234532356,-0.0325768,-0.6794817,0.26295507,0.684952,-0.0181678236,0.00234532356,-0.0325768,-0.6794817,0.26295507,0.684952,NaN,NaN,NaN,NaN,NaN,NaN,NaN,NaN,None,XR.DevicePose:Eye Tracking OpenXR
3.723446,-0.0190160573,0.00211274624,-0.03311032,-0.681459069,0.255098641,0.6859579,-0.0190160573,0.00211274624,-0.03311032,-0.681459069,0.255098641,0.6859579,-0.0190160573,0.00211274624,-0.03311032,-0.681459069,0.255098641,0.6859579,NaN,NaN,NaN,NaN,-13.3305674,5.275184,11.96632,19.5338955,Grass(Clone),XR.DevicePose:Eye Tracking OpenXR
3.73407269,-0.0194063783,0.001809597,-0.033421874,-0.670620561,0.280194342,0.68684727,-0.0194063783,0.001809597,-0.033421874,-0.670620561,0.280194342,0.68684727,-0.0194063783,0.001809597,-0.033421874,-0.670620561,0.280194342,0.68684727,NaN,NaN,NaN,NaN,NaN,NaN,NaN,NaN,None,XR.DevicePose:Eye Tracking OpenXR
3.74554181,-0.0198001862,0.00144696236,-0.0337336659,-0.6692485,0.2616578,0.695443451,-0.0198001862,0.00144696236,-0.0337336659,-0.6692485,0.2616578,0.695443451,-0.0198001862,0.00144696236,-0.0337336659,-0.6692485,0.2616578,0.695443451,NaN,NaN,NaN,NaN,NaN,NaN,NaN,NaN,None,XR.DevicePose:Eye Tracking OpenXR
3.7562027,-0.0200777948,0.00113928318,-0.03390318,-0.6708915,0.27321896,0.6893881,-0.0200777948,0.00113928318,-0.03390318,-0.6708915,0.27321896,0.6893881,-0.0200777948,0.00113928318,-0.03390318,-0.6708915,0.27321896,0.6893881,NaN,NaN,NaN,NaN,NaN,NaN,NaN,NaN,None,XR.DevicePose:Eye Tracking OpenXR
3.76747942,-0.0204243362,0.0008864403,-0.0340592265,-0.6622999,0.27195093,0.6981415,-0.0204243362,0.0008864403,-0.0340592265,-0.6622999,0.27195093,0.6981415,-0.0204243362,0.0008864403,-0.0340592265,-0.6622999,0.27195093,0.6981415,NaN,NaN,NaN,NaN,NaN,NaN,NaN,NaN,None,XR.DevicePose:Eye Tracking OpenXR
3.778789,-0.0206970572,0.0007455349,-0.0341786742,-0.656339347,0.263491482,0.70695895,-0.0206970572,0.0007455349,-0.0341786742,-0.656339347,0.263491482,0.70695895,-0.0206970572,0.0007455349,-0.0341786742,-0.656339347,0.263491482,0.70695895,NaN,NaN,NaN,NaN,NaN,NaN,NaN,NaN,None,XR.DevicePose:Eye Tracking OpenXR
3.78970075,-0.0207514167,0.000643491745,-0.0342525244,-0.6606827,0.235691682,0.712704659,-0.0207514167,0.000643491745,-0.0342525244,-0.6606827,0.235691682,0.712704659,-0.0207514167,0.000643491745,-0.0342525244,-0.6606827,0.235691682,0.712704659,NaN,NaN,NaN,NaN,-12.842124,4.864535,12.3966694,19.4062481,Grass(Clone),XR.DevicePose:Eye Tracking OpenXR
3.801437,-0.0206374526,0.0005220175,-0.03421825,-0.6467555,0.124501117,0.752467155,-0.0206374526,0.0005220175,-0.03421825,-0.6467555,0.124501117,0.752467155,-0.0206374526,0.0005220175,-0.03421825,-0.6467555,0.124501117,0.752467155,NaN,NaN,NaN,NaN,-12.2068052,2.636373,12.7437658,18.842001,Grass(Clone),XR.DevicePose:Eye Tracking OpenXR
3.81218529,-0.0204362869,0.000358223915,-0.03416568,-0.637319744,0.122760415,0.76075846,-0.0204362869,0.000358223915,-0.03416568,-0.637319744,0.122760415,0.76075846,-0.0204362869,0.000358223915,-0.03416568,-0.637319744,0.122760415,0.76075846,NaN,NaN,NaN,NaN,-12.0227013,2.60223269,12.892746,18.832407,Grass(Clone),XR.DevicePose:Eye Tracking OpenXR
3.82298756,-0.0200925171,0.000109910965,-0.03401369,-0.6364186,0.119598277,0.7620155,-0.0200925171,0.000109910965,-0.03401369,-0.6364186,0.119598277,0.7620155,-0.0200925171,0.000109910965,-0.03401369,-0.6364186,0.119598277,0.7620155,NaN,NaN,NaN,NaN,-11.99775,2.5409987,12.9074278,18.820406,Grass(Clone),XR.DevicePose:Eye Tracking OpenXR
3.83430862,-0.0196927786,-0.000196576118,-0.0338226557,-0.6334716,0.116216563,0.764988542,-0.0196927786,-0.000196576118,-0.0338226557,-0.6334716,0.116216563,0.764988542,-0.0196927786,-0.000196576118,-0.0338226557,-0.6334716,0.116216563,0.764988542,NaN,NaN,NaN,NaN,-11.933876,2.47557783,12.9539,18.8077641,Grass(Clone),XR.DevicePose:Eye Tracking OpenXR
3.84617829,-0.0192967355,-0.000455260277,-0.0336359739,-0.630620062,0.112864926,0.767841041,-0.0192967355,-0.000455260277,-0.0336359739,-0.630620062,0.112864926,0.767841041,-0.0192967355,-0.000455260277,-0.0336359739,-0.630620062,0.112864926,0.767841041,NaN,NaN,NaN,NaN,-11.872303,2.41093135,12.9985456,18.7957954,Grass(Clone),XR.DevicePose:Eye Tracking OpenXR
3.85641265,-0.01884541,-0.0006376505,-0.0334411263,-0.5329436,-0.09938269,0.8402941,-0.01884541,-0.0006376505,-0.0334411263,-0.5329436,-0.09938269,0.8402941,-0.01884541,-0.0006376505,-0.0334411263,-0.5329436,-0.09938269,0.8402941,NaN,NaN,NaN,NaN,-1.57056248,-2.24967174E-19,1.01316214,2.91159678,Plane,XR.DevicePose:Eye Tracking OpenXR
3.86766768,-0.0184394419,-0.0007824898,-0.03326857,-0.526705,-0.10005533,0.84413904,-0.0184394419,-0.0007824898,-0.03326857,-0.526705,-0.10005533,0.84413904,-0.0184394419,-0.0007824898,-0.03326857,-0.526705,-0.10005533,0.84413904,NaN,NaN,NaN,NaN,-1.54092014,-2.235486E-19,1.00677335,2.89057541,Plane,XR.DevicePose:Eye Tracking OpenXR
3.87901258,-0.01800093,-0.000891447067,-0.0330556035,-0.522045,-0.1088381,0.845945239,-0.01800093,-0.000891447067,-0.0330556035,-0.522045,-0.1088381,0.845945239,-0.01800093,-0.000891447067,-0.0330556035,-0.522045,-0.1088381,0.845945239,NaN,NaN,NaN,NaN,-1.40471816,-1.80753465E-19,0.8140412,2.65631723,Plane,XR.DevicePose:Eye Tracking OpenXR
3.89006019,-0.0176465511,-0.00100660324,-0.0328641534,-0.5171148,-0.109452143,0.848889,-0.0176465511,-0.00100660324,-0.0328641534,-0.5171148,-0.109452143,0.848889,-0.0176465511,-0.00100660324,-0.0328641534,-0.5171148,-0.109452143,0.848889,NaN,NaN,NaN,NaN,-1.38301742,-1.79526291E-19,0.8085145,2.64036274,Plane,XR.DevicePose:Eye Tracking OpenXR
3.90183568,-0.0173261166,-0.001126647,-0.0326637626,-0.5119919,-0.1104041,0.851865768,-0.0173261166,-0.001126647,-0.0326637626,-0.5119919,-0.1104041,0.851865768,-0.0173261166,-0.001126647,-0.0326637626,-0.5119919,-0.1104041,0.851865768,NaN,NaN,NaN,NaN,-1.35695744,-1.7680404E-19,0.7962545,2.616509,Plane,XR.DevicePose:Eye Tracking OpenXR
3.91193533,-0.0173261166,-0.001126647,-0.0326637626,-0.5119919,-0.1104041,0.851865768,-0.0173261166,-0.001126647,-0.0326637626,-0.5119919,-0.1104041,0.851865768,-0.0173261166,-0.001126647,-0.0326637626,-0.5119919,-0.1104041,0.851865768,NaN,NaN,NaN,NaN,-1.35695744,-1.7680404E-19,0.7962545,2.616509,Plane,XR.DevicePose:Eye Tracking OpenXR
3.923299,-0.0164850056,-0.00133860111,-0.032148242,-0.5021303,-0.112853818,0.8573967,-0.0164850056,-0.00133860111,-0.032148242,-0.5021303,-0.112853818,0.8573967,-0.0164850056,-0.00133860111,-0.032148242,-0.5021303,-0.112853818,0.8573967,NaN,NaN,NaN,NaN,-1.30085111,-1.68958516E-19,0.760921538,2.55783439,Plane,XR.DevicePose:Eye Tracking OpenXR
3.93441749,-0.016138643,-0.00138604641,-0.0319234729,-0.5003141,-0.112356775,0.858523,-0.016138643,-0.00138604641,-0.0319234729,-0.5003141,-0.112356775,0.858523,-0.016138643,-0.00138604641,-0.0319234729,-0.5003141,-0.112356775,0.858523,NaN,NaN,NaN,NaN,-1.30130923,-1.717261E-19,0.7733856,2.56872749,Plane,XR.DevicePose:Eye Tracking OpenXR
3.94553781,-0.01583302,-0.0014756918,-0.0317394733,-0.495615333,-0.1140115,0.861026645,-0.01583302,-0.0014756918,-0.0317394733,-0.495615333,-0.1140115,0.861026645,-0.01583302,-0.0014756918,-0.0317394733,-0.495615333,-0.1140115,0.861026645,NaN,NaN,NaN,NaN,-1.27006662,-1.65916831E-19,0.74722296,2.53065944,Plane,XR.DevicePose:Eye Tracking OpenXR
3.95649743,-0.0155956447,-0.0015733242,-0.03159082,-0.491871834,-0.114101961,0.863158643,-0.0155956447,-0.0015733242,-0.03159082,-0.491871834,-0.114101961,0.863158643,-0.0155956447,-0.0015733242,-0.03159082,-0.491871834,-0.114101961,0.863158643,NaN,NaN,NaN,NaN,-1.25894809,-1.666016E-19,0.750306845,2.52779746,Plane,XR.DevicePose:Eye Tracking OpenXR
3.96766543,-0.0153880417,-0.00162255764,-0.0314523578,-0.4883358,-0.114538953,0.865106344,-0.0153880417,-0.00162255764,-0.0314523578,-0.4883358,-0.114538953,0.865106344,-0.0153880417,-0.00162255764,-0.0314523578,-0.4883358,-0.114538953,0.865106344,NaN,NaN,NaN,NaN,-1.24488258,-1.65790027E-19,0.7466519,2.51772332,Plane,XR.DevicePose:Eye Tracking OpenXR
3.97891474,-0.0152272284,-0.00162768364,-0.0313248634,-0.4862685,-0.11353223,0.866402566,-0.0152272284,-0.00162768364,-0.0313248634,-0.4862685,-0.11353223,0.866402566,-0.0152272284,-0.00162768364,-0.0313248634,-0.4862685,-0.11353223,0.866402566,NaN,NaN,NaN,NaN,-1.25035107,-1.70827944E-19,0.7693407,2.54000378,Plane,XR.DevicePose:Eye Tracking OpenXR
3.98993826,-0.0150603652,-0.00160384178,-0.0311584473,-0.486082971,-0.111936249,0.8667143,-0.0150603652,-0.00160384178,-0.0311584473,-0.486082971,-0.111936249,0.8667143,-0.0150603652,-0.00160384178,-0.0311584473,-0.486082971,-0.111936249,0.8667143,NaN,NaN,NaN,NaN,-1.26742,-1.78051945E-19,0.8018746,2.57643175,Plane,XR.DevicePose:Eye Tracking OpenXR
4.00104046,-0.0148884952,-0.00158452988,-0.030982852,-0.48331368,-0.110450737,0.868451834,-0.0148884952,-0.00158452988,-0.030982852,-0.48331368,-0.110450737,0.868451834,-0.0148884952,-0.00158452988,-0.030982852,-0.48331368,-0.110450737,0.868451834,NaN,NaN,NaN,NaN,-1.27694547,-1.85803468E-19,0.836784363,2.61125851,Plane,XR.DevicePose:Eye Tracking OpenXR
4.01205826,-0.0147057474,-0.00158011913,-0.030815661,-0.481595337,-0.109146833,0.869570553,-0.0147057474,-0.00158011913,-0.030815661,-0.481595337,-0.109146833,0.869570553,-0.0147057474,-0.00158011913,-0.030815661,-0.481595337,-0.109146833,0.869570553,NaN,NaN,NaN,NaN,-1.28731847,-1.92517137E-19,0.8670201,2.6424942,Plane,XR.DevicePose:Eye Tracking OpenXR
4.02330637,-0.0145604014,-0.00155115128,-0.0306676626,-0.479682744,-0.10868305,0.870685041,-0.0145604014,-0.00155115128,-0.0306676626,-0.479682744,-0.10868305,0.870685041,-0.0145604014,-0.00155115128,-0.0306676626,-0.479682744,-0.10868305,0.870685041,NaN,NaN,NaN,NaN,-1.287656,-1.95431953E-19,0.8801472,2.654037,Plane,XR.DevicePose:Eye Tracking OpenXR
4.03447866,-0.0144242048,-0.00156390667,-0.0305224657,-0.480785728,-0.108299032,0.8701244,-0.0144242048,-0.00156390667,-0.0305224657,-0.480785728,-0.108299032,0.8701244,-0.0144242048,-0.00156390667,-0.0305224657,-0.480785728,-0.108299032,0.8701244,NaN,NaN,NaN,NaN,-1.2949152,-1.96934256E-19,0.886913,2.66333,Plane,XR.DevicePose:Eye Tracking OpenXR
4.045796,-0.0143377185,-0.001642108,-0.0303908587,-0.4797555,-0.108125724,0.870714366,-0.0143377185,-0.001642108,-0.0303908587,-0.4797555,-0.108125724,0.870714366,-0.0143377185,-0.001642108,-0.0303908587,-0.4797555,-0.108125724,0.870714366,NaN,NaN,NaN,NaN,-1.29378581,-1.97997635E-19,0.891702056,2.66687536,Plane,XR.DevicePose:Eye Tracking OpenXR
4.05685854,-0.0142707825,-0.001756072,-0.0302803516,-0.478933454,-0.108727336,0.8710919,-0.0142707825,-0.001756072,-0.0302803516,-0.478933454,-0.108727336,0.8710919,-0.0142707825,-0.001756072,-0.0302803516,-0.478933454,-0.108727336,0.8710919,NaN,NaN,NaN,NaN,-1.28395724,-1.9518915E-19,0.8790538,2.651071,Plane,XR.DevicePose:Eye Tracking OpenXR
4.06783056,-0.0142383575,-0.00195980072,-0.0301798582,-0.4788025,-0.10936375,0.8710843,-0.0142383575,-0.00195980072,-0.0301798582,-0.4788025,-0.10936375,0.8710843,-0.0142383575,-0.00195980072,-0.0301798582,-0.4788025,-0.10936375,0.8710843,NaN,NaN,NaN,NaN,-1.27529943,-1.91859981E-19,0.8640605,2.633781,Plane,XR.DevicePose:Eye Tracking OpenXR
4.07944155,-0.0142192543,-0.00214064121,-0.0300667882,-0.479579419,-0.109877937,0.870592,-0.0142192543,-0.00214064121,-0.0300667882,-0.479579419,-0.109877937,0.870592,-0.0142192543,-0.00214064121,-0.0300667882,-0.479579419,-0.109877937,0.870592,NaN,NaN,NaN,NaN,-1.27062619,-1.88898054E-19,0.8507212,2.61981034,Plane,XR.DevicePose:Eye Tracking OpenXR
4.09027,-0.0141990185,-0.00224769115,-0.0299360752,-0.47928822,-0.110604852,0.8706603,-0.0141990185,-0.00224769115,-0.0299360752,-0.47928822,-0.110604852,0.8706603,-0.0141990185,-0.00224769115,-0.0299360752,-0.47928822,-0.110604852,0.8706603,NaN,NaN,NaN,NaN,-1.261127,-1.854513E-19,0.835198343,2.60162449,Plane,XR.DevicePose:Eye Tracking OpenXR
4.10148239,-0.0141872466,-0.00232517719,-0.02981311,-0.480729669,-0.110525042,0.8698754,-0.0141872466,-0.00232517719,-0.02981311,-0.480729669,-0.110525042,0.8698754,-0.0141872466,-0.00232517719,-0.02981311,-0.480729669,-0.110525042,0.8698754,NaN,NaN,NaN,NaN,-1.2654314,-1.85251247E-19,0.8342974,2.6028018,Plane,XR.DevicePose:Eye Tracking OpenXR
4.112266,-0.0141854882,-0.00237846375,-0.0296732187,-0.4806714,-0.110809989,0.8698713,-0.0141854882,-0.00237846375,-0.0296732187,-0.4806714,-0.110809989,0.8698713,-0.0141854882,-0.00237846375,-0.0296732187,-0.4806714,-0.110809989,0.8698713,NaN,NaN,NaN,NaN,-1.26182973,-1.8389502E-19,0.8281895,2.595628,Plane,XR.DevicePose:Eye Tracking OpenXR
4.123823,-0.0142323077,-0.00236880779,-0.02952665,-0.481482774,-0.110554844,0.869455,-0.0142323077,-0.00236880779,-0.02952665,-0.481482774,-0.110554844,0.869455,-0.0142323077,-0.00236880779,-0.02952665,-0.481482774,-0.110554844,0.869455,NaN,NaN,NaN,NaN,-1.26690876,-1.8485968E-19,0.832533956,2.60170555,Plane,XR.DevicePose:Eye Tracking OpenXR
4.13502836,-0.0142826438,-0.00229167938,-0.0293858647,-0.482124776,-0.109919146,0.8691798,-0.0142826438,-0.00229167938,-0.0293858647,-0.482124776,-0.109919146,0.8691798,-0.0142826438,-0.00229167938,-0.0293858647,-0.482124776,-0.109919146,0.8691798,NaN,NaN,NaN,NaN,-1.276222,-1.87774665E-19,0.8456619,2.61745381,Plane,XR.DevicePose:Eye Tracking OpenXR
4.146243,-0.0143740177,-0.002178073,-0.0292266011,-0.4834573,-0.1089685,0.8685591,-0.0143740177,-0.002178073,-0.0292266011,-0.4834573,-0.1089685,0.8685591,-0.0143740177,-0.002178073,-0.0292266011,-0.4834573,-0.1089685,0.8685591,NaN,NaN,NaN,NaN,-1.29134488,-1.92050581E-19,0.8649189,2.6413312,Plane,XR.DevicePose:Eye Tracking OpenXR
4.157071,-0.0144573152,-0.00210154057,-0.0291104913,-0.484894753,-0.108024538,0.867875457,-0.0144573152,-0.00210154057,-0.0291104913,-0.484894753,-0.108024538,0.867875457,-0.0144573152,-0.00210154057,-0.0291104913,-0.484894753,-0.108024538,0.867875457,NaN,NaN,NaN,NaN,-1.30676019,-1.96261577E-19,0.883883536,2.66512084,Plane,XR.DevicePose:Eye Tracking OpenXR
4.168138,-0.014541477,-0.002085805,-0.0290074944,-0.4848463,-0.108432993,0.8678516,-0.014541477,-0.002085805,-0.0290074944,-0.4848463,-0.108432993,0.8678516,-0.014541477,-0.002085805,-0.0290074944,-0.4848463,-0.108432993,0.8678516,NaN,NaN,NaN,NaN,-1.30191827,-1.94364154E-19,0.875338256,2.65522647,Plane,XR.DevicePose:Eye Tracking OpenXR
4.1789856,-0.01462099,-0.002101183,-0.0289340615,-0.4844085,-0.109074458,0.868015647,-0.01462099,-0.002101183,-0.0289340615,-0.4844085,-0.109074458,0.868015647,-0.01462099,-0.002101183,-0.0289340615,-0.4844085,-0.109074458,0.868015647,NaN,NaN,NaN,NaN,-1.29320264,-1.91440872E-19,0.862172961,2.63947,Plane,XR.DevicePose:Eye Tracking OpenXR
4.19032764,-0.0146675706,-0.00213694572,-0.0288773179,-0.4837955,-0.110176906,0.8682183,-0.0146675706,-0.00213694572,-0.0288773179,-0.4837955,-0.110176906,0.8682183,-0.0146675706,-0.00213694572,-0.0288773179,-0.4837955,-0.110176906,0.8682183,NaN,NaN,NaN,NaN,-1.27869689,-1.86420441E-19,0.839563,2.61273479,Plane,XR.DevicePose:Eye Tracking OpenXR
4.201444,-0.0146728158,-0.0021340847,-0.02880317,-0.483500034,-0.110874139,0.8682941,-0.0146728158,-0.0021340847,-0.02880317,-0.483500034,-0.110874139,0.8682941,-0.0146728158,-0.0021340847,-0.02880317,-0.483500034,-0.110874139,0.8682941,NaN,NaN,NaN,NaN,-1.26999855,-1.83314649E-19,0.8255757,2.5963304,Plane,XR.DevicePose:Eye Tracking OpenXR
4.21266174,-0.0146750808,-0.0021443367,-0.0287350416,-0.483934224,-0.110753663,0.868067563,-0.0146750808,-0.0021443367,-0.0287350416,-0.483934224,-0.110753663,0.868067563,-0.0146750808,-0.0021443367,-0.0287350416,-0.483934224,-0.110753663,0.868067563,NaN,NaN,NaN,NaN,-1.27245021,-1.83727167E-19,0.8274335,2.5990622,Plane,XR.DevicePose:Eye Tracking OpenXR
4.2240324,-0.0146875978,-0.00214862823,-0.0286666751,-0.483136117,-0.110763922,0.8685107,-0.0146875978,-0.00214862823,-0.0286666751,-0.483136117,-0.110763922,0.8685107,-0.0146875978,-0.00214862823,-0.0286666751,-0.483136117,-0.110763922,0.8685107,NaN,NaN,NaN,NaN,-1.27025318,-1.83943681E-19,0.828408659,2.59878254,Plane,XR.DevicePose:Eye Tracking OpenXR
4.235512,-0.0146945715,-0.00215280056,-0.02859366,-0.48250398,-0.110554494,0.868888736,-0.0146945715,-0.00215280056,-0.02859366,-0.48250398,-0.110554494,0.868888736,-0.0146945715,-0.00215280056,-0.02859366,-0.48250398,-0.110554494,0.868888736,NaN,NaN,NaN,NaN,-1.27097464,-1.851189E-19,0.8337014,2.60366774,Plane,XR.DevicePose:Eye Tracking OpenXR
4.24655342,-0.0147238374,-0.00214207172,-0.028553009,-0.1970814,0.0144963861,0.9802799,-0.0147238374,-0.00214207172,-0.028553009,-0.1970814,0.0144963861,0.9802799,-0.0147238374,-0.00214207172,-0.028553009,-0.1970814,0.0144963861,0.9802799,NaN,NaN,NaN,NaN,-3.67079,0.5567811,16.7566662,18.5510464,Grass(Clone),XR.DevicePose:Eye Tracking OpenXR
4.2575345,-0.0147238374,-0.00214207172,-0.028553009,-0.1970814,0.0144963861,0.9802799,-0.0147238374,-0.00214207172,-0.028553009,-0.1970814,0.0144963861,0.9802799,-0.0147238374,-0.00214207172,-0.028553009,-0.1970814,0.0144963861,0.9802799,NaN,NaN,NaN,NaN,-3.67079,0.5567811,16.7566662,18.5510464,Grass(Clone),XR.DevicePose:Eye Tracking OpenXR
4.26843166,-0.01475814,-0.00212609768,-0.028539896,-0.197445959,0.0158447735,0.9801857,-0.01475814,-0.00212609768,-0.028539896,-0.197445959,0.0158447735,0.9801857,-0.01475814,-0.00212609768,-0.028539896,-0.197445959,0.0158447735,0.9801857,NaN,NaN,NaN,NaN,-3.6780436,0.5818474,16.7571964,18.5533562,Grass(Clone),XR.DevicePose:Eye Tracking OpenXR
4.27927542,-0.0147670805,-0.00220263,-0.028540194,-0.1967673,0.0153867453,0.980329454,-0.0147670805,-0.00220263,-0.028540194,-0.1967673,0.0153867453,0.980329454,-0.0147670805,-0.00220263,-0.028540194,-0.1967673,0.0153867453,0.980329454,NaN,NaN,NaN,NaN,-3.6652832,0.5732592,16.7589741,18.55245,Grass(Clone),XR.DevicePose:Eye Tracking OpenXR
4.2908473,-0.0146755874,-0.00230669975,-0.0284977555,-0.1965198,0.0157621875,0.980373144,-0.0146755874,-0.00230669975,-0.0284977555,-0.1965198,0.0157621875,0.980373144,-0.0146755874,-0.00230669975,-0.0284977555,-0.1965198,0.0157621875,0.980373144,NaN,NaN,NaN,NaN,-3.660709,0.5801291,16.7603722,18.5530052,Grass(Clone),XR.DevicePose:Eye Tracking OpenXR
4.30149031,-0.0145993531,-0.00235486031,-0.0284701586,-0.196840212,0.0158385038,0.980307639,-0.0145993531,-0.00235486031,-0.0284701586,-0.196840212,0.0158385038,0.980307639,-0.0145993531,-0.00235486031,-0.0284701586,-0.196840212,0.0158385038,0.980307639,NaN,NaN,NaN,NaN,-3.666611,0.5815001,16.75935,18.5531788,Grass(Clone),XR.DevicePose:Eye Tracking OpenXR
4.312797,-0.014451772,-0.00245988369,-0.0284320116,-0.196311221,0.0161969028,0.980407834,-0.014451772,-0.00245988369,-0.0284320116,-0.196311221,0.0161969028,0.980407834,-0.014451772,-0.00245988369,-0.0284320116,-0.196311221,0.0161969028,0.980407834,NaN,NaN,NaN,NaN,-3.65674567,0.5880523,16.7617321,18.5536728,Grass(Clone),XR.DevicePose:Eye Tracking OpenXR
4.324197,-0.01433295,-0.00254273415,-0.0284162164,-0.195972323,0.01583908,0.9804815,-0.01433295,-0.00254273415,-0.0284162164,-0.195972323,0.01583908,0.9804815,-0.01433295,-0.00254273415,-0.0284162164,-0.195972323,0.01583908,0.9804815,NaN,NaN,NaN,NaN,-3.65020919,0.58132,16.7624664,18.55301,Grass(Clone),XR.DevicePose:Eye Tracking OpenXR
4.335305,-0.0141691566,-0.00265240669,-0.0283753872,-0.194713727,0.0150577407,0.980744541,-0.0141691566,-0.00265240669,-0.0283753872,-0.194713727,0.0150577407,0.980744541,-0.0141691566,-0.00265240669,-0.0283753872,-0.194713727,0.0150577407,0.980744541,NaN,NaN,NaN,NaN,-3.62639785,0.5666913,16.76589,18.5514832,Grass(Clone),XR.DevicePose:Eye Tracking OpenXR
4.346547,-0.0139975548,-0.00272464752,-0.0283250213,-0.194053635,0.0152386632,0.9808726,-0.0139975548,-0.00272464752,-0.0283250213,-0.194053635,0.0152386632,0.9808726,-0.0139975548,-0.00272464752,-0.0283250213,-0.194053635,0.0152386632,0.9808726,NaN,NaN,NaN,NaN,-3.61401725,0.569978058,16.7685032,18.5516739,Grass(Clone),XR.DevicePose:Eye Tracking OpenXR
4.357395,-0.013776958,-0.00279927254,-0.0282811522,-0.193485573,0.0153439511,0.980983138,-0.013776958,-0.00279927254,-0.0282811522,-0.193485573,0.0153439511,0.980983138,-0.013776958,-0.00279927254,-0.0282811522,-0.193485573,0.0153439511,0.980983138,NaN,NaN,NaN,NaN,-3.60327744,0.5718582,16.7706966,18.5517731,Grass(Clone),XR.DevicePose:Eye Tracking OpenXR
4.369437,-0.0135374665,-0.00284779072,-0.0282289982,-0.192406818,0.0157907717,0.9811882,-0.0135374665,-0.00284779072,-0.0282289982,-0.192406818,0.0157907717,0.9811882,-0.0135374665,-0.00284779072,-0.0282289982,-0.192406818,0.0157907717,0.9811882,NaN,NaN,NaN,NaN,-3.58314562,0.580109,16.7751656,18.5524,Grass(Clone),XR.DevicePose:Eye Tracking OpenXR
4.379592,-0.0133165121,-0.00287401676,-0.0282099843,-0.191964865,0.01599872,0.9812714,-0.0133165121,-0.00287401676,-0.0282099843,-0.191964865,0.01599872,0.9812714,-0.0133165121,-0.00287401676,-0.0282099843,-0.191964865,0.01599872,0.9812714,NaN,NaN,NaN,NaN,-3.57478881,0.5839459,16.7770538,18.5527287,Grass(Clone),XR.DevicePose:Eye Tracking OpenXR
4.39077234,-0.0130824447,-0.00288403034,-0.028177321,-0.190026477,0.0160359479,0.981647968,-0.0130824447,-0.00288403034,-0.028177321,-0.190026477,0.0160359479,0.981647968,-0.0130824447,-0.00288403034,-0.028177321,-0.190026477,0.0160359479,0.981647968,NaN,NaN,NaN,NaN,-3.53858066,0.584625661,16.7840118,18.5526676,Grass(Clone),XR.DevicePose:Eye Tracking OpenXR
4.40203476,-0.0128267109,-0.00285696983,-0.0281316638,-0.188120872,0.0157882031,0.982019,-0.0128267109,-0.00285696983,-0.0281316638,-0.188120872,0.0157882031,0.982019,-0.0128267109,-0.00285696983,-0.0281316638,-0.188120872,0.0157882031,0.982019,NaN,NaN,NaN,NaN,-3.50288081,0.58004874,16.7904739,18.55219,Grass(Clone),XR.DevicePose:Eye Tracking OpenXR
4.41362047,-0.0124990344,-0.00285458565,-0.0280861259,-0.18630743,0.0156662948,0.982366562,-0.0124990344,-0.00285458565,-0.0280861259,-0.18630743,0.0156662948,0.982366562,-0.0124990344,-0.00285458565,-0.0280861259,-0.18630743,0.0156662948,0.982366562,NaN,NaN,NaN,NaN,-3.46887636,0.5777867,16.7967873,18.5520058,Grass(Clone),XR.DevicePose:Eye Tracking OpenXR
4.424277,-0.0121332705,-0.00280380249,-0.0280142426,-0.18403469,0.0153735727,0.98279953,-0.0121332705,-0.00280380249,-0.0280142426,-0.18403469,0.0153735727,0.98279953,-0.0121332705,-0.00280380249,-0.0280142426,-0.18403469,0.0153735727,0.98279953,NaN,NaN,NaN,NaN,-3.42627382,0.5724009,16.8045025,18.5516148,Grass(Clone),XR.DevicePose:Eye Tracking OpenXR
4.43554354,-0.0117599964,-0.00275933743,-0.02793783,-0.183530346,0.0152216479,0.9828962,-0.0117599964,-0.00275933743,-0.02793783,-0.183530346,0.0152216479,0.9828962,-0.0117599964,-0.00275933743,-0.02793783,-0.183530346,0.0152216479,0.9828962,NaN,NaN,NaN,NaN,-3.41650367,0.5696236,16.8061543,18.5513935,Grass(Clone),XR.DevicePose:Eye Tracking OpenXR
4.44666672,-0.011426419,-0.00271368027,-0.027870059,-0.106921084,0.0945256,0.989764035,-0.011426419,-0.00271368027,-0.027870059,-0.106921084,0.0945256,0.989764035,-0.011426419,-0.00271368027,-0.027870059,-0.106921084,0.0945256,0.989764035,NaN,NaN,NaN,NaN,-2.01578259,2.05927539,17.12637,18.7461243,Grass(Clone),XR.DevicePose:Eye Tracking OpenXR
4.45779848,-0.0110548139,-0.00266480446,-0.027785182,-0.105843663,0.09299496,0.9900248,-0.0110548139,-0.00266480446,-0.027785182,-0.105843663,0.09299496,0.9900248,-0.0110548139,-0.00266480446,-0.027785182,-0.105843663,0.09299496,0.9900248,NaN,NaN,NaN,NaN,-1.99468422,2.03016639,17.1263924,18.741127,Grass(Clone),XR.DevicePose:Eye Tracking OpenXR
4.469314,-0.0107792318,-0.00260829926,-0.027736187,-0.10273204,0.0912421644,0.99051553,-0.0107792318,-0.00260829926,-0.027736187,-0.10273204,0.0912421644,0.99051553,-0.0107792318,-0.00260829926,-0.027736187,-0.10273204,0.0912421644,0.99051553,NaN,NaN,NaN,NaN,-1.93551838,1.99686253,17.1300983,18.7355328,Grass(Clone),XR.DevicePose:Eye Tracking OpenXR
4.480209,-0.0104566216,-0.00253736973,-0.0276613235,-0.09985187,0.09286609,0.9906591,-0.0104566216,-0.00253736973,-0.0276613235,-0.09985187,0.09286609,0.9906591,-0.0104566216,-0.00253736973,-0.0276613235,-0.09985187,0.09286609,0.9906591,NaN,NaN,NaN,NaN,-1.88176107,2.027848,17.1380844,18.7408028,Grass(Clone),XR.DevicePose:Eye Tracking OpenXR
4.491337,-0.0101442039,-0.00244688988,-0.02758658,-0.09802978,0.0920691,0.9909155,-0.0101442039,-0.00244688988,-0.02758658,-0.09802978,0.0920691,0.9909155,-0.0101442039,-0.00244688988,-0.02758658,-0.09802978,0.0920691,0.9909155,NaN,NaN,NaN,NaN,-1.8470664,2.012782,17.1405964,18.7384129,Grass(Clone),XR.DevicePose:Eye Tracking OpenXR
4.502214,-0.009866267,-0.002396822,-0.0274971128,-0.09871178,0.09239156,0.9908177,-0.009866267,-0.002396822,-0.0274971128,-0.09871178,0.09239156,0.9908177,-0.009866267,-0.002396822,-0.0274971128,-0.09871178,0.09239156,0.9908177,NaN,NaN,NaN,NaN,-1.85965645,2.01895738,17.1397381,18.7393055,Grass(Clone),XR.DevicePose:Eye Tracking OpenXR
4.513573,-0.00965669751,-0.0023804903,-0.02744037,-0.09734558,0.0923014,0.9909613,-0.00965669751,-0.0023804903,-0.02744037,-0.09734558,0.0923014,0.9909613,-0.00965669751,-0.0023804903,-0.02744037,-0.09734558,0.0923014,0.9909613,NaN,NaN,NaN,NaN,-1.83382952,2.017269,17.1423244,18.7391434,Grass(Clone),XR.DevicePose:Eye Tracking OpenXR
4.524475,-0.009460926,-0.00235247612,-0.0273509026,-0.0964350849,0.09245508,0.991036,-0.009460926,-0.00235247612,-0.0273509026,-0.0964350849,0.09245508,0.991036,-0.009460926,-0.00235247612,-0.0273509026,-0.0964350849,0.09245508,0.991036,NaN,NaN,NaN,NaN,-1.8166244,2.02022767,17.1443558,18.73969,Grass(Clone),XR.DevicePose:Eye Tracking OpenXR
4.535793,-0.009258062,-0.00235021114,-0.0272740126,-0.0954646245,0.09254991,0.9911211,-0.009258062,-0.00235021114,-0.0272740126,-0.0954646245,0.09254991,0.9911211,-0.009258062,-0.00235021114,-0.0272740126,-0.0954646245,0.09254991,0.9911211,NaN,NaN,NaN,NaN,-1.79827332,2.0220437,17.1464233,18.74009,Grass(Clone),XR.DevicePose:Eye Tracking OpenXR
4.546783,-0.009107709,-0.00234973431,-0.0272179246,-0.0964601338,0.09288643,0.9909932,-0.009107709,-0.00234973431,-0.0272179246,-0.0964601338,0.09288643,0.9909932,-0.009107709,-0.00234973431,-0.0272179246,-0.0964601338,0.09288643,0.9909932,NaN,NaN,NaN,NaN,-1.8168633,2.028432,17.14495,18.7409649,Grass(Clone),XR.DevicePose:Eye Tracking OpenXR
4.558027,-0.0089738965,-0.00240576267,-0.0271875858,-0.0959676951,0.09284541,0.9910449,-0.0089738965,-0.00240576267,-0.0271875858,-0.0959676951,0.09284541,0.9910449,-0.0089738965,-0.00240576267,-0.0271875858,-0.0959676951,0.09284541,0.9910449,NaN,NaN,NaN,NaN,-1.80749321,2.0276,17.1458721,18.7408867,Grass(Clone),XR.DevicePose:Eye Tracking OpenXR
4.56973839,-0.008860707,-0.00251603127,-0.0271649361,-0.280868918,0.243436381,0.9283595,-0.008860707,-0.00251603127,-0.0271649361,-0.280868918,0.243436381,0.9283595,-0.008860707,-0.00251603127,-0.0271649361,-0.280868918,0.243436381,0.9283595,NaN,NaN,NaN,NaN,-5.4776473,5.027423,16.6488876,19.4709587,Grass(Clone),XR.DevicePose:Eye Tracking OpenXR
4.58038139,-0.008746117,-0.00258862972,-0.0271196365,-0.278259635,0.238884211,0.9303257,-0.008746117,-0.00258862972,-0.0271196365,-0.278259635,0.238884211,0.9303257,-0.008746117,-0.00258862972,-0.0271196365,-0.278259635,0.238884211,0.9303257,NaN,NaN,NaN,NaN,-5.41833735,4.931513,16.6591587,19.4408073,Grass(Clone),XR.DevicePose:Eye Tracking OpenXR
4.59129238,-0.00870803,-0.002649188,-0.0270915031,-0.2789267,0.23859778,0.930199444,-0.00870803,-0.002649188,-0.0270915031,-0.2789267,0.23859778,0.930199444,-0.00870803,-0.002649188,-0.0270915031,-0.2789267,0.23859778,0.930199444,NaN,NaN,NaN,NaN,-5.43081045,4.925493,16.6552067,19.4391632,Grass(Clone),XR.DevicePose:Eye Tracking OpenXR
4.60266161,-0.00858143,-0.00278007984,-0.02700752,-0.281941235,0.2359228,0.9299729,-0.00858143,-0.00278007984,-0.02700752,-0.281941235,0.2359228,0.9299729,-0.00858143,-0.00278007984,-0.02700752,-0.281941235,0.2359228,0.9299729,NaN,NaN,NaN,NaN,-5.484244,4.86914444,16.6342621,19.4212856,Grass(Clone),XR.DevicePose:Eye Tracking OpenXR
4.613805,-0.008494347,-0.00293016434,-0.02694261,-0.2833077,0.235623851,0.9296333,-0.008494347,-0.00293016434,-0.02694261,-0.2833077,0.235623851,0.9296333,-0.008494347,-0.00293016434,-0.02694261,-0.2833077,0.235623851,0.9296333,NaN,NaN,NaN,NaN,-5.509979,4.8625927,16.6253834,19.41876,Grass(Clone),XR.DevicePose:Eye Tracking OpenXR
4.624822,-0.008433044,-0.00303947926,-0.0268996358,-0.283113182,0.235283017,0.929778934,-0.008433044,-0.00303947926,-0.0268996358,-0.283113182,0.235283017,0.929778934,-0.008433044,-0.00303947926,-0.0268996358,-0.283113182,0.235283017,0.929778934,NaN,NaN,NaN,NaN,-5.505532,4.85535955,16.6262589,19.4166126,Grass(Clone),XR.DevicePose:Eye Tracking OpenXR
4.63610363,-0.008361965,-0.00316882133,-0.0268624425,-0.2840693,0.233413681,0.929958463,-0.008361965,-0.00316882133,-0.0268624425,-0.2840693,0.233413681,0.929958463,-0.008361965,-0.00316882133,-0.0268624425,-0.2840693,0.233413681,0.929958463,NaN,NaN,NaN,NaN,-5.520516,4.81605,16.61829,19.4042549,Grass(Clone),XR.DevicePose:Eye Tracking OpenXR
4.64713573,-0.008347452,-0.00329351425,-0.0268424749,-0.2841437,0.23264271,0.9301289,-0.008347452,-0.00329351425,-0.0268424749,-0.2841437,0.23264271,0.9301289,-0.008347452,-0.00329351425,-0.0268424749,-0.2841437,0.23264271,0.9301289,NaN,NaN,NaN,NaN,-5.520535,4.799811,16.6170025,19.3992958,Grass(Clone),XR.DevicePose:Eye Tracking OpenXR
4.65822554,-0.008351117,-0.00337743759,-0.026825428,-0.284700334,0.231638387,0.930209339,-0.008351117,-0.00337743759,-0.026825428,-0.284700334,0.231638387,0.930209339,-0.008351117,-0.00337743759,-0.026825428,-0.284700334,0.231638387,0.930209339,NaN,NaN,NaN,NaN,-5.52945757,4.778714,16.61244,19.3926926,Grass(Clone),XR.DevicePose:Eye Tracking OpenXR
4.669763,-0.008390844,-0.00340425968,-0.0268253684,-0.285744458,0.231731161,0.929866,-0.008390844,-0.00340425968,-0.0268253684,-0.285744458,0.231731161,0.929866,-0.008390844,-0.00340425968,-0.0268253684,-0.285744458,0.231731161,0.929866,NaN,NaN,NaN,NaN,-5.549804,4.78053427,16.6059723,19.3928986,Grass(Clone),XR.DevicePose:Eye Tracking OpenXR
4.68054342,-0.008404821,-0.00344014168,-0.0268350244,-0.286287546,0.231275,0.929812551,-0.008404821,-0.00344014168,-0.0268350244,-0.286287546,0.231275,0.929812551,-0.008404821,-0.00344014168,-0.0268350244,-0.286287546,0.231275,0.929812551,NaN,NaN,NaN,NaN,-5.559472,4.770943,16.6020737,19.3898335,Grass(Clone),XR.DevicePose:Eye Tracking OpenXR
4.691338,-0.008462936,-0.00348234177,-0.026866138,-0.286893338,0.231038556,0.9296846,-0.008462936,-0.00348234177,-0.026866138,-0.286893338,0.231038556,0.9296846,-0.008462936,-0.00348234177,-0.026866138,-0.286893338,0.231038556,0.9296846,NaN,NaN,NaN,NaN,-5.57079458,4.765927,16.598,19.3881512,Grass(Clone),XR.DevicePose:Eye Tracking OpenXR
4.70274734,-0.008489728,-0.003463149,-0.026882112,-0.287475,0.230468,0.9296465,-0.008489728,-0.003463149,-0.026882112,-0.287475,0.230468,0.9296465,-0.008489728,-0.003463149,-0.026882112,-0.287475,0.230468,0.9296465,NaN,NaN,NaN,NaN,-5.581015,4.7540164,16.59374,19.38438,Grass(Clone),XR.DevicePose:Eye Tracking OpenXR
4.71389055,-0.008508801,-0.00349199772,-0.0268984437,-0.287715435,0.2306104,0.9295368,-0.008508801,-0.00349199772,-0.0268984437,-0.287715435,0.2306104,0.9295368,-0.008508801,-0.00349199772,-0.0268984437,-0.287715435,0.2306104,0.9295368,NaN,NaN,NaN,NaN,-5.58593369,4.75694,16.5923729,19.3852158,Grass(Clone),XR.DevicePose:Eye Tracking OpenXR
4.724989,-0.008479029,-0.00350499153,-0.0269030929,-0.2878506,0.230243787,0.9295858,-0.008479029,-0.00350499153,-0.0269030929,-0.2878506,0.230243787,0.9295858,-0.008479029,-0.00350499153,-0.0269030929,-0.2878506,0.230243787,0.9295858,NaN,NaN,NaN,NaN,-5.58785152,4.749282,16.5911446,19.3828773,Grass(Clone),XR.DevicePose:Eye Tracking OpenXR
4.73633575,-0.008401573,-0.00355350971,-0.0269010067,-0.627523661,0.222910032,0.7460062,-0.008401573,-0.00355350971,-0.0269010067,-0.627523661,0.222910032,0.7460062,-0.008401573,-0.00355350971,-0.0269010067,-0.627523661,0.222910032,0.7460062,NaN,NaN,NaN,NaN,-12.1372261,4.594869,12.9919615,19.3280735,Grass(Clone),XR.DevicePose:Eye Tracking OpenXR
4.74751949,-0.008354783,-0.00364804268,-0.0269033313,-0.624903738,0.2205253,0.7489085,-0.008354783,-0.00364804268,-0.0269033313,-0.624903738,0.2205253,0.7489085,-0.008354783,-0.00364804268,-0.0269033313,-0.624903738,0.2205253,0.7489085,NaN,NaN,NaN,NaN,-12.07717,4.545376,13.0368271,19.31308,Grass(Clone),XR.DevicePose:Eye Tracking OpenXR
4.758798,-0.008315653,-0.00370705128,-0.0269057155,-0.623540163,0.2209864,0.7499085,-0.008315653,-0.00370705128,-0.0269057155,-0.623540163,0.2209864,0.7499085,-0.008315653,-0.00370705128,-0.0269057155,-0.623540163,0.2209864,0.7499085,NaN,NaN,NaN,NaN,-12.0524855,4.55482054,13.0581675,19.3157883,Grass(Clone),XR.DevicePose:Eye Tracking OpenXR
4.76964426,-0.008290231,-0.003713727,-0.0269015431,-0.6225175,0.218864992,0.7513788,-0.008290231,-0.003713727,-0.0269015431,-0.6225175,0.218864992,0.7513788,-0.008290231,-0.003713727,-0.0269015431,-0.6225175,0.218864992,0.7513788,NaN,NaN,NaN,NaN,-12.0246906,4.511019,13.0768976,19.3029137,Grass(Clone),XR.DevicePose:Eye Tracking OpenXR
4.78074265,-0.008250713,-0.00365901,-0.0269117951,-0.622007132,0.219604,0.7515858,-0.008250713,-0.00365901,-0.0269117951,-0.622007132,0.219604,0.7515858,-0.008250713,-0.00365901,-0.0269117951,-0.622007132,0.219604,0.7515858,NaN,NaN,NaN,NaN,-12.0175943,4.52632475,13.0842581,19.3074,Grass(Clone),XR.DevicePose:Eye Tracking OpenXR
4.791908,-0.00820595,-0.00357711315,-0.0268906355,-0.6214138,0.221074462,0.7516455,-0.00820595,-0.00357711315,-0.0268906355,-0.6214138,0.221074462,0.7516455,-0.00820595,-0.00357711315,-0.0268906355,-0.6214138,0.221074462,0.7516455,NaN,NaN,NaN,NaN,-12.0116434,4.556772,13.092145,19.3163338,Grass(Clone),XR.DevicePose:Eye Tracking OpenXR
4.80294132,-0.00815621,-0.00348865986,-0.0268918872,-0.620662153,0.219432473,0.7527469,-0.00815621,-0.00348865986,-0.0268918872,-0.620662153,0.219432473,0.7527469,-0.00815621,-0.00348865986,-0.0268918872,-0.620662153,0.219432473,0.7527469,NaN,NaN,NaN,NaN,-11.990942,4.522976,13.1059809,19.3064556,Grass(Clone),XR.DevicePose:Eye Tracking OpenXR
4.814023,-0.008115977,-0.00346398354,-0.0268962979,-0.620325744,0.219789386,0.7529201,-0.008115977,-0.00346398354,-0.0268962979,-0.620325744,0.219789386,0.7529201,-0.008115977,-0.00346398354,-0.0268962979,-0.620325744,0.219789386,0.7529201,NaN,NaN,NaN,NaN,-11.9857721,4.530375,13.1109781,19.3086567,Grass(Clone),XR.DevicePose:Eye Tracking OpenXR
4.82546663,-0.008075923,-0.00344765186,-0.026909709,-0.620003164,0.219791755,0.753185034,-0.008075923,-0.00344765186,-0.026909709,-0.620003164,0.219791755,0.753185034,-0.008075923,-0.00344765186,-0.026909709,-0.620003164,0.219791755,0.753185034,NaN,NaN,NaN,NaN,-11.9795475,4.530452,13.1161346,19.3087254,Grass(Clone),XR.DevicePose:Eye Tracking OpenXR
4.836364,-0.008014381,-0.003471136,-0.0269176364,-0.6203965,0.218649626,0.7531936,-0.008014381,-0.003471136,-0.0269176364,-0.6203965,0.218649626,0.7531936,-0.008014381,-0.003471136,-0.0269176364,-0.6203965,0.218649626,0.7531936,NaN,NaN,NaN,NaN,-11.9828272,4.50687647,13.1111269,19.3018684,Grass(Clone),XR.DevicePose:Eye Tracking OpenXR
4.84774065,-0.007924885,-0.00348722935,-0.02690494,-0.6204538,0.218671292,0.7531401,-0.007924885,-0.00348722935,-0.02690494,-0.6204538,0.218671292,0.7531401,-0.007924885,-0.00348722935,-0.02690494,-0.6204538,0.218671292,0.7531401,NaN,NaN,NaN,NaN,-11.9839516,4.507317,13.110239,19.3020458,Grass(Clone),XR.DevicePose:Eye Tracking OpenXR
4.858454,-0.007844776,-0.00348687172,-0.0268669128,-0.6207632,0.21814777,0.753037,-0.007844776,-0.00348687172,-0.0268669128,-0.6207632,0.21814777,0.753037,-0.007844776,-0.00348687172,-0.0268669128,-0.6207632,0.21814777,0.753037,NaN,NaN,NaN,NaN,-11.987896,4.49652863,13.1059265,19.2989082,Grass(Clone),XR.DevicePose:Eye Tracking OpenXR
4.87000132,-0.00779026747,-0.003417492,-0.0268085,-0.619834363,0.21878469,0.7536169,-0.00779026747,-0.003417492,-0.0268085,-0.619834363,0.21878469,0.7536169,-0.00779026747,-0.003417492,-0.0268085,-0.6198344,0.2187847,0.753617,NaN,NaN,NaN,NaN,-11.97232,4.509738,13.1200981,19.302784,Grass(Clone),XR.DevicePose:Eye Tracking OpenXR
4.88049,-0.00775411725,-0.00338375568,-0.0267846584,-0.6200376,0.218952075,0.75340116,-0.00775411725,-0.00338375568,-0.0267846584,-0.6200376,0.218952075,0.75340116,-0.00775411725,-0.00338375568,-0.0267846584,-0.6200376,0.218952075,0.75340116,NaN,NaN,NaN,NaN,-11.9768257,4.513221,13.1167088,19.3037834,Grass(Clone),XR.DevicePose:Eye Tracking OpenXR
4.89153576,-0.00778254867,-0.00336241722,-0.026771605,-0.619806051,0.218297586,0.753781557,-0.00778254867,-0.00336241722,-0.026771605,-0.619806051,0.218297586,0.753781557,-0.00778254867,-0.00336241722,-0.026771605,-0.619806051,0.218297586,0.753781557,NaN,NaN,NaN,NaN,-11.9699411,4.499748,13.1210938,19.2998447,Grass(Clone),XR.DevicePose:Eye Tracking OpenXR
4.90299129,-0.007759899,-0.00335156918,-0.0267478824,-0.6195033,0.218219414,0.754053,-0.007759899,-0.00335156918,-0.0267478824,-0.6195033,0.218219414,0.754053,-0.007759899,-0.00335156918,-0.0267478824,-0.6195033,0.218219414,0.754053,NaN,NaN,NaN,NaN,-11.9637995,4.498152,13.1260185,19.2993946,Grass(Clone),XR.DevicePose:Eye Tracking OpenXR
4.91446447,-0.007736534,-0.003392458,-0.0267182,-0.6198307,0.217454776,0.754004836,-0.007736534,-0.003392458,-0.0267182,-0.6198307,0.217454776,0.754004836,-0.007736534,-0.003392458,-0.0267182,-0.6198307,0.217454776,0.754004836,NaN,NaN,NaN,NaN,-11.9672356,4.4823513,13.1216383,19.29478,Grass(Clone),XR.DevicePose:Eye Tracking OpenXR
4.925013,-0.00770795345,-0.00345385075,-0.0266962647,-0.619814754,0.217345357,0.75404954,-0.00770795345,-0.00345385075,-0.0266962647,-0.619814754,0.217345357,0.75404954,-0.00770795345,-0.00345385075,-0.0266962647,-0.619814754,0.217345357,0.75404954,NaN,NaN,NaN,NaN,-11.9664907,4.48003626,13.1220293,19.2941246,Grass(Clone),XR.DevicePose:Eye Tracking OpenXR
4.936102,-0.00770795345,-0.00345385075,-0.0266962647,-0.619814754,0.217345357,0.75404954,-0.00770795345,-0.00345385075,-0.0266962647,-0.619814754,0.217345357,0.75404954,-0.00770795345,-0.00345385075,-0.0266962647,-0.619814754,0.217345357,0.75404954,NaN,NaN,NaN,NaN,-11.9664907,4.48003626,13.1220293,19.2941246,Grass(Clone),XR.DevicePose:Eye Tracking OpenXR
4.94737244,-0.007740468,-0.00352537632,-0.02661544,-0.6201802,0.216620892,0.7539575,-0.007740468,-0.00352537632,-0.02661544,-0.6201802,0.216620892,0.7539575,-0.007740468,-0.00352537632,-0.02661544,-0.6201802,0.216620892,0.7539575,NaN,NaN,NaN,NaN,-11.9708214,4.46502542,13.1169853,19.2896862,Grass(Clone),XR.DevicePose:Eye Tracking OpenXR
4.95839071,-0.00778019428,-0.00352883339,-0.0265494585,-0.62010175,0.216688886,0.7540025,-0.00778019428,-0.00352883339,-0.0265494585,-0.62010175,0.216688886,0.7540025,-0.00778019428,-0.00352883339,-0.0265494585,-0.62010175,0.216688886,0.7540025,NaN,NaN,NaN,NaN,-11.9695511,4.46640348,13.1181707,19.2900143,Grass(Clone),XR.DevicePose:Eye Tracking OpenXR
4.9699235,-0.007851452,-0.00352394581,-0.026463449,-0.6200003,0.216815948,0.754049361,-0.007851452,-0.00352394581,-0.026463449,-0.6200003,0.216815948,0.754049361,-0.007851452,-0.00352394581,-0.026463449,-0.6200003,0.216815948,0.754049361,NaN,NaN,NaN,NaN,-11.9680681,4.46900034,13.11965,19.2906628,Grass(Clone),XR.DevicePose:Eye Tracking OpenXR
4.98088837,-0.00787279,-0.003516078,-0.0264250636,-0.619318664,0.217305213,0.75446856,-0.00787279,-0.003516078,-0.0264250636,-0.619318664,0.217305213,0.75446856,-0.00787279,-0.003516078,-0.0264250636,-0.619318664,0.217305213,0.75446856,NaN,NaN,NaN,NaN,-11.9567575,4.47908449,13.1299887,19.2936,Grass(Clone),XR.DevicePose:Eye Tracking OpenXR
4.99162,-0.00788810849,-0.00351536274,-0.0263978839,-0.619077444,0.217341647,0.7546561,-0.00788810849,-0.00351536274,-0.0263978839,-0.619077444,0.217341647,0.7546561,-0.00788810849,-0.00351536274,-0.0263978839,-0.619077444,0.217341647,0.7546561,NaN,NaN,NaN,NaN,-11.9522486,4.479834,13.133791,19.293808,Grass(Clone),XR.DevicePose:Eye Tracking OpenXR
5.00346327,-0.007838964,-0.00350606441,-0.02634579,-0.618992269,0.216523081,0.754961133,-0.007838964,-0.00350606441,-0.02634579,-0.618992269,0.216523081,0.754961133,-0.007838964,-0.00350606441,-0.02634579,-0.618992269,0.216523081,0.754961133,NaN,NaN,NaN,NaN,-11.9475393,4.46299362,13.1360483,19.28893,Grass(Clone),XR.DevicePose:Eye Tracking OpenXR
5.01418066,-0.00779628754,-0.00350260735,-0.0263012648,-0.6189062,0.2165534,0.755023,-0.00779628754,-0.00350260735,-0.0263012648,-0.6189062,0.2165534,0.755023,-0.00779628754,-0.00350260735,-0.0263012648,-0.6189062,0.2165534,0.755023,NaN,NaN,NaN,NaN,-11.9459486,4.463622,13.1374254,19.2891159,Grass(Clone),XR.DevicePose:Eye Tracking OpenXR
5.025133,-0.00773128867,-0.00349140167,-0.02625227,-0.6187936,0.216063365,0.7552557,-0.00773128867,-0.00349140167,-0.02625227,-0.6187936,0.216063365,0.7552557,-0.00773128867,-0.00349140167,-0.02625227,-0.6187936,0.216063365,0.7552557,NaN,NaN,NaN,NaN,-11.9419212,4.45355654,13.1397772,19.2862244,Grass(Clone),XR.DevicePose:Eye Tracking OpenXR
5.0366087,-0.007686466,-0.00350213051,-0.0262303948,-0.6182177,0.215825111,0.75579524,-0.007686466,-0.00350213051,-0.0262303948,-0.6182177,0.215825111,0.75579524,-0.007686466,-0.00350213051,-0.0262303948,-0.6182177,0.215825111,0.75579524,NaN,NaN,NaN,NaN,-11.9299517,4.44866467,13.1492033,19.2848988,Grass(Clone),XR.DevicePose:Eye Tracking OpenXR
5.047615,-0.00763592124,-0.00350308418,-0.0262093544,-0.617928,0.216066554,0.7559631,-0.00763592124,-0.00350308418,-0.0262093544,-0.617928,0.216066554,0.7559631,-0.00763592124,-0.00350308418,-0.0262093544,-0.617928,0.216066554,0.7559631,NaN,NaN,NaN,NaN,-11.9252367,4.45364237,13.1535883,19.28639,Grass(Clone),XR.DevicePose:Eye Tracking OpenXR
5.05855036,-0.007594824,-0.003510952,-0.02619958,-0.6174257,0.215902716,0.756420255,-0.007594824,-0.003510952,-0.02619958,-0.6174257,0.215902716,0.756420255,-0.007594824,-0.003510952,-0.02619958,-0.6174257,0.215902716,0.756420255,NaN,NaN,NaN,NaN,-11.9149685,4.45028639,13.1617565,19.2855167,Grass(Clone),XR.DevicePose:Eye Tracking OpenXR
5.06991959,-0.007531166,-0.00351905823,-0.0261681676,-0.6170232,0.216044292,0.756708145,-0.007531166,-0.00351905823,-0.0261681676,-0.6170232,0.216044292,0.756708145,-0.007531166,-0.00351905823,-0.0261681676,-0.6170232,0.216044292,0.756708145,NaN,NaN,NaN,NaN,-11.9077158,4.4532094,13.16804,19.2864475,Grass(Clone),XR.DevicePose:Eye Tracking OpenXR
5.08087873,-0.00748226047,-0.00352633,-0.0261543989,-0.616501331,0.2154654,0.75729835,-0.00748226047,-0.00352633,-0.0261543989,-0.616501331,0.2154654,0.75729835,-0.00748226047,-0.00352633,-0.0261543989,-0.616501331,0.2154654,0.75729835,NaN,NaN,NaN,NaN,-11.8955641,4.441324,13.1769371,19.2831421,Grass(Clone),XR.DevicePose:Eye Tracking OpenXR
5.092123,-0.007481456,-0.003538847,-0.0261622667,-0.6163037,0.2153403,0.757494748,-0.007481456,-0.003538847,-0.0261622667,-0.6163037,0.2153403,0.757494748,-0.007481456,-0.003538847,-0.0261622667,-0.6163037,0.2153403,0.757494748,NaN,NaN,NaN,NaN,-11.891326,4.43875027,13.180192,19.2824478,Grass(Clone),XR.DevicePose:Eye Tracking OpenXR
5.10331964,-0.00747016072,-0.003566742,-0.0261697769,-0.6163879,0.215295121,0.7574391,-0.00747016072,-0.003566742,-0.0261697769,-0.6163879,0.215295121,0.7574391,-0.00747016072,-0.003566742,-0.0261697769,-0.6163879,0.215295121,0.7574391,NaN,NaN,NaN,NaN,-11.8927689,4.437792,13.1789045,19.2821732,Grass(Clone),XR.DevicePose:Eye Tracking OpenXR
5.1144557,-0.00747200847,-0.00358974934,-0.0261879563,-0.615981638,0.215086088,0.7578289,-0.00747200847,-0.00358974934,-0.0261879563,-0.615981638,0.215086088,0.7578289,-0.00747200847,-0.00358974934,-0.0261879563,-0.615981638,0.215086088,0.7578289,NaN,NaN,NaN,NaN,-11.88424,4.43349457,13.1855421,19.28104,Grass(Clone),XR.DevicePose:Eye Tracking OpenXR
5.1256237,-0.00744333863,-0.0035841465,-0.0261920691,-0.6158122,0.215223536,0.7579276,-0.00744333863,-0.0035841465,-0.0261920691,-0.6158122,0.215223536,0.7579276,-0.00744333863,-0.0035841465,-0.0261920691,-0.6158122,0.215223536,0.7579276,NaN,NaN,NaN,NaN,-11.8814812,4.43633842,13.1881018,19.2819138,Grass(Clone),XR.DevicePose:Eye Tracking OpenXR
5.13684368,-0.00744459033,-0.00358831882,-0.0261977315,-0.6156964,0.215325072,0.7579928,-0.00744459033,-0.00358831882,-0.0261977315,-0.6156964,0.215325072,0.7579928,-0.00744459033,-0.00358831882,-0.0261977315,-0.6156964,0.215325072,0.7579928,NaN,NaN,NaN,NaN,-11.8796368,4.438428,13.1898308,19.2825432,Grass(Clone),XR.DevicePose:Eye Tracking OpenXR
5.14774752,-0.0074096024,-0.003585577,-0.0261585712,-0.61452,0.215548322,0.7588835,-0.0074096024,-0.003585577,-0.0261585712,-0.61452,0.215548322,0.7588835,-0.0074096024,-0.003585577,-0.0261585712,-0.61452,0.215548322,0.7588835,NaN,NaN,NaN,NaN,-11.8579044,4.443081,13.2082624,19.2841473,Grass(Clone),XR.DevicePose:Eye Tracking OpenXR
5.15939569,-0.00735923648,-0.00364851952,-0.0260750651,-0.613799632,0.215428531,0.759500265,-0.00735923648,-0.00364851952,-0.0260750651,-0.613799632,0.215428531,0.759500265,-0.00735923648,-0.00364851952,-0.0260750651,-0.613799632,0.215428531,0.759500265,NaN,NaN,NaN,NaN,-11.84363,4.44059134,13.2198286,19.2836056,Grass(Clone),XR.DevicePose:Eye Tracking OpenXR
5.16988468,-0.00730386376,-0.00374150276,-0.0259912014,-0.613164961,0.215327427,0.760041356,-0.00730386376,-0.00374150276,-0.0259912014,-0.613164961,0.215327427,0.760041356,-0.00730386376,-0.00374150276,-0.0259912014,-0.613164961,0.215327427,0.760041356,NaN,NaN,NaN,NaN,-11.831068,4.438454,13.2300129,19.2831669,Grass(Clone),XR.DevicePose:Eye Tracking OpenXR
5.181293,-0.00721058249,-0.00381660461,-0.0259441733,-0.612032354,0.215109408,0.761015356,-0.00721058249,-0.00381660461,-0.0259441733,-0.612032354,0.215109408,0.761015356,-0.00721058249,-0.00381660461,-0.0259441733,-0.612032354,0.215109408,0.761015356,NaN,NaN,NaN,NaN,-11.8085928,4.433986,13.2481718,19.2822857,Grass(Clone),XR.DevicePose:Eye Tracking OpenXR
5.1927743,-0.00709706545,-0.00383985043,-0.025904,-0.610556841,0.215122029,0.762196064,-0.00709706545,-0.00383985043,-0.025904,-0.610556841,0.215122029,0.762196064,-0.00709706545,-0.00383985043,-0.025904,-0.610556841,0.215122029,0.762196064,NaN,NaN,NaN,NaN,-11.7804422,4.4343524,13.2714949,19.2829647,Grass(Clone),XR.DevicePose:Eye Tracking OpenXR
5.20397568,-0.006875545,-0.0038036108,-0.0258566737,-0.6086494,0.215432,0.7636328,-0.006875545,-0.0038036108,-0.0258566737,-0.6086494,0.215432,0.7636328,-0.006875545,-0.0038036108,-0.0258566737,-0.6086494,0.215432,0.7636328,NaN,NaN,NaN,NaN,-11.7451229,4.44096041,13.3013573,19.28573,Grass(Clone),XR.DevicePose:Eye Tracking OpenXR
5.214451,-0.00663465261,-0.00373148918,-0.0257976055,-0.606112838,0.215878278,0.765521944,-0.00663465261,-0.00373148918,-0.0257976055,-0.606112838,0.215878278,0.765521944,-0.00663465261,-0.00373148918,-0.0257976055,-0.606112838,0.215878278,0.765521944,NaN,NaN,NaN,NaN,-11.6984043,4.450509,13.3409357,19.2897587,Grass(Clone),XR.DevicePose:Eye Tracking OpenXR
5.225796,-0.00633469224,-0.00367867947,-0.0257384777,-0.6038571,0.216408566,0.767153144,-0.00633469224,-0.00367867947,-0.0257384777,-0.6038571,0.216408566,0.767153144,-0.00633469224,-0.00367867947,-0.0257384777,-0.6038571,0.216408566,0.767153144,NaN,NaN,NaN,NaN,-11.656251,4.46138525,13.374567,19.2925072,Grass(Clone),XR.DevicePose:Eye Tracking OpenXR
5.23694944,-0.00616413355,-0.00365448,-0.0257053971,-0.6017049,0.216391355,0.768847167,-0.00616413355,-0.00365448,-0.0257053971,-0.6017049,0.216391355,0.768847167,-0.00616413355,-0.00365448,-0.0257053971,-0.6017049,0.216391355,0.768847167,NaN,NaN,NaN,NaN,-11.61401,4.46088,13.4065828,19.2915936,Grass(Clone),XR.DevicePose:Eye Tracking OpenXR
5.248137,-0.005654782,-0.00360274315,-0.0256149769,-0.0445050262,0.153005049,0.987222731,-0.005654782,-0.00360274315,-0.0256149769,-0.0445050262,0.153005049,0.987222731,-0.005654782,-0.00360274315,-0.0256149769,-0.0445050262,0.153005049,0.987222731,NaN,NaN,NaN,NaN,-0.8499992,3.18919349,17.3038673,18.9718914,Grass(Clone),XR.DevicePose:Eye Tracking OpenXR
5.259497,-0.005275905,-0.003504753,-0.0255394578,-0.0391079374,0.152866021,0.987472832,-0.005275905,-0.003504753,-0.0255394578,-0.0391079374,0.152866021,0.987472832,-0.005275905,-0.003504753,-0.0255394578,-0.0391079374,0.152866021,0.987472832,NaN,NaN,NaN,NaN,-0.747223735,3.18663788,17.3085918,18.9717922,Grass(Clone),XR.DevicePose:Eye Tracking OpenXR
5.27069664,-0.00490105152,-0.00338840485,-0.02548033,-0.03766971,0.153483182,0.987433,-0.00490105152,-0.00338840485,-0.02548033,-0.03766971,0.153483182,0.987433,-0.00490105152,-0.00338840485,-0.02548033,-0.03766971,0.153483182,0.987433,NaN,NaN,NaN,NaN,-0.7196466,3.19880414,17.3100815,18.97401,Grass(Clone),XR.DevicePose:Eye Tracking OpenXR
5.28124571,-0.00451400876,-0.00328433514,-0.02545321,-0.0359143838,0.1543993,0.9873556,-0.00451400876,-0.00328433514,-0.02545321,-0.0359143838,0.1543993,0.9873556,-0.00451400876,-0.00328433514,-0.02545321,-0.0359143838,0.1543993,0.9873556,NaN,NaN,NaN,NaN,-0.686081231,3.21683741,17.3121376,18.9775524,Grass(Clone),XR.DevicePose:Eye Tracking OpenXR
5.29258251,-0.004170656,-0.00321221352,-0.025457859,-0.03338841,0.155811,0.987222433,-0.004170656,-0.00321221352,-0.025457859,-0.03338841,0.155811,0.987222433,-0.004170656,-0.00321221352,-0.025457859,-0.03338841,0.155811,0.987222433,NaN,NaN,NaN,NaN,-0.63799113,3.24458671,17.3152275,18.9832458,Grass(Clone),XR.DevicePose:Eye Tracking OpenXR
5.30371428,-0.003875792,-0.0031375885,-0.0254881978,-0.03082802,0.155904725,0.9872909,-0.003875792,-0.0031375885,-0.0254881978,-0.03082802,0.155904725,0.9872909,-0.003875792,-0.0031375885,-0.0254881978,-0.03082802,0.155904725,0.9872909,NaN,NaN,NaN,NaN,-0.5890884,3.24642348,17.31639,18.9831371,Grass(Clone),XR.DevicePose:Eye Tracking OpenXR
5.3149004,-0.00361841917,-0.00305509567,-0.0255506635,-0.0292683709,0.155921519,0.987335742,-0.00361841917,-0.00305509567,-0.0255506635,-0.0292683709,0.155921519,0.987335742,-0.00361841917,-0.00305509567,-0.0255506635,-0.0292683709,0.155921519,0.987335742,NaN,NaN,NaN,NaN,-0.559219956,3.24680376,17.3170433,18.983,Grass(Clone),XR.DevicePose:Eye Tracking OpenXR
5.32583857,-0.00336453319,-0.00298714638,-0.0255972147,-0.0297363158,0.1559238,0.9873214,-0.00336453319,-0.00298714638,-0.0255972147,-0.0297363158,0.1559238,0.9873214,-0.00336453319,-0.00298714638,-0.0255972147,-0.0297363158,0.1559238,0.9873214,NaN,NaN,NaN,NaN,-0.56785357,3.24693847,17.3168736,18.98315,Grass(Clone),XR.DevicePose:Eye Tracking OpenXR
5.33698368,-0.00312295556,-0.002917409,-0.0256524682,-0.0276842955,0.154776961,0.987561464,-0.00312295556,-0.002917409,-0.0256524682,-0.0276842955,0.154776961,0.987561464,-0.00312295556,-0.002917409,-0.0256524682,-0.0276842955,0.154776961,0.987561464,NaN,NaN,NaN,NaN,-0.5285076,3.224396,17.3160057,18.9777126,Grass(Clone),XR.DevicePose:Eye Tracking OpenXR
5.347914,-0.00291055441,-0.00288164616,-0.0256634355,-0.025930265,0.155212536,0.9875407,-0.00291055441,-0.00288164616,-0.0256634355,-0.025930265,0.155212536,0.9875407,-0.00291055441,-0.00288164616,-0.0256634355,-0.025930265,0.155212536,0.9875407,NaN,NaN,NaN,NaN,-0.495053649,3.23297286,17.31735,18.9794827,Grass(Clone),XR.DevicePose:Eye Tracking OpenXR
5.35949373,-0.00252971053,-0.0029091835,-0.0256196856,-0.0226450171,0.155423179,0.9875884,-0.00252971053,-0.0029091835,-0.0256196856,-0.0226450171,0.155423179,0.9875884,-0.00252971053,-0.0029091835,-0.0256196856,-0.0226450171,0.155423179,0.9875884,NaN,NaN,NaN,NaN,-0.432335854,3.23704863,17.31897,18.9801617,Grass(Clone),XR.DevicePose:Eye Tracking OpenXR
5.37065172,-0.00226062536,-0.00294172764,-0.0255790353,-0.0201794356,0.15558067,0.9876171,-0.00226062536,-0.00294172764,-0.0255790353,-0.0201794356,0.15558067,0.9876171,-0.00226062536,-0.00294172764,-0.0255790353,-0.0201794356,0.15558067,0.9876171,NaN,NaN,NaN,NaN,-0.385282516,3.240105,17.3201847,18.9808,Grass(Clone),XR.DevicePose:Eye Tracking OpenXR
5.38170147,-0.00204330683,-0.00297284126,-0.0255811214,-0.0175365843,0.15542987,0.9876913,-0.00204330683,-0.00297284126,-0.0255811214,-0.0175365843,0.15542987,0.9876913,-0.00204330683,-0.00297284126,-0.0255811214,-0.0175365843,0.15542987,0.9876913,NaN,NaN,NaN,NaN,-0.334891468,3.23712063,17.3210163,18.980217,Grass(Clone),XR.DevicePose:Eye Tracking OpenXR
5.392587,-0.00184395909,-0.002986312,-0.0256024,-0.0184898768,0.154965281,0.9877469,-0.00184395909,-0.002986312,-0.0256024,-0.0184898768,0.154965281,0.9877469,-0.00184395909,-0.002986312,-0.0256024,-0.0184898768,0.154965281,0.9877469,NaN,NaN,NaN,NaN,-0.352746665,3.22796,17.3199558,18.978096,Grass(Clone),XR.DevicePose:Eye Tracking OpenXR
5.40404844,-0.00163653493,-0.00302231312,-0.0256096721,-0.0163239054,0.154744223,0.9878197,-0.00163653493,-0.00302231312,-0.0256096721,-0.0163239054,0.154744223,0.9878197,-0.00163653493,-0.00302231312,-0.0256096721,-0.0163239054,0.154744223,0.9878197,NaN,NaN,NaN,NaN,-0.311419368,3.22359848,17.3204937,18.9772511,Grass(Clone),XR.DevicePose:Eye Tracking OpenXR
5.414819,-0.00146904588,-0.00308001041,-0.0256212354,-0.013820922,0.154465318,0.9879015,-0.00146904588,-0.00308001041,-0.0256212354,-0.013820922,0.154465318,0.9879015,-0.00146904588,-0.00308001041,-0.0256212354,-0.013820922,0.154465318,0.9879015,NaN,NaN,NaN,NaN,-0.263738751,3.21809864,17.32108,18.976284,Grass(Clone),XR.DevicePose:Eye Tracking OpenXR
5.42635059,-0.00126340985,-0.00313484669,-0.0256167054,-0.01153902,0.1540217,0.9880001,-0.00126340985,-0.00313484669,-0.0256167054,-0.01153902,0.1540217,0.9880001,-0.00126340985,-0.00313484669,-0.0256167054,-0.01153902,0.1540217,0.9880001,NaN,NaN,NaN,NaN,-0.220212221,3.20937371,17.3213367,18.97465,Grass(Clone),XR.DevicePose:Eye Tracking OpenXR
5.437371,-0.00107476115,-0.0031927824,-0.0255966187,-0.00898269,0.153553963,0.988099456,-0.00107476115,-0.0031927824,-0.0255966187,-0.00898269,0.153553963,0.988099456,-0.00107476115,-0.0031927824,-0.0255966187,-0.00898269,0.153553963,0.988099456,NaN,NaN,NaN,NaN,-0.171503767,3.200195,17.3216686,18.973053,Grass(Clone),XR.DevicePose:Eye Tracking OpenXR
5.44816637,-0.000835001469,-0.00322568417,-0.025497973,-0.009841505,0.153509423,0.9880982,-0.000835001469,-0.00322568417,-0.025497973,-0.009841505,0.153509423,0.9880982,-0.000835001469,-0.00322568417,-0.025497973,-0.009841505,0.153509423,0.9880982,NaN,NaN,NaN,NaN,-0.187553629,3.199243,17.32126,18.9725666,Grass(Clone),XR.DevicePose:Eye Tracking OpenXR
5.459526,-0.0006428063,-0.00322461128,-0.0253910422,0.2587124,0.184505314,0.948169649,-0.0006428063,-0.00322461128,-0.0253910422,0.2587124,0.184505314,0.948169649,-0.0006428063,-0.00322461128,-0.0253910422,0.2587124,0.184505314,0.948169649,NaN,NaN,NaN,NaN,4.94605827,3.81460142,16.7040482,19.1204586,Grass(Clone),XR.DevicePose:Eye Tracking OpenXR
5.47071,-0.0004888475,-0.00323319435,-0.0252799988,0.261214584,0.184423521,0.9474993,-0.0004888475,-0.00323319435,-0.0252799988,0.261214584,0.184423521,0.9474993,-0.0004888475,-0.00323319435,-0.0252799988,0.261214584,0.184423521,0.9474993,NaN,NaN,NaN,NaN,4.993842,3.81287956,16.6905727,19.119648,Grass(Clone),XR.DevicePose:Eye Tracking OpenXR
5.48200035,-0.000397861,-0.00323796272,-0.0252335668,0.261116326,0.182847038,0.947831869,-0.000397861,-0.00323796272,-0.0252335668,0.261116326,0.182847038,0.947831869,-0.000397861,-0.00323796272,-0.0252335668,0.261116326,0.182847038,0.947831869,NaN,NaN,NaN,NaN,4.989913,3.78123331,16.6892052,19.1114464,Grass(Clone),XR.DevicePose:Eye Tracking OpenXR
5.49270248,-0.000343322754,-0.00324821472,-0.02522111,0.260137856,0.182716444,0.9481261,-0.000343322754,-0.00324821472,-0.02522111,0.260137856,0.182716444,0.9481261,-0.000343322754,-0.00324821472,-0.02522111,0.260137856,0.182716444,0.9481261,NaN,NaN,NaN,NaN,4.971106,3.77861428,16.694252,19.1108265,Grass(Clone),XR.DevicePose:Eye Tracking OpenXR
5.504303,-0.0002568066,-0.00330257416,-0.0251987576,0.258941919,0.181356177,0.9487144,-0.0002568066,-0.00330257416,-0.0251987576,0.258941919,0.181356177,0.9487144,-0.0002568066,-0.00330257416,-0.0251987576,0.258941919,0.181356177,0.9487144,NaN,NaN,NaN,NaN,4.94655371,3.7513144,16.6989822,19.10394,Grass(Clone),XR.DevicePose:Eye Tracking OpenXR
5.515284,-0.000164985657,-0.0033621788,-0.0251933336,0.257861555,0.17992349,0.9492813,-0.000164985657,-0.0033621788,-0.0251933336,0.257861555,0.17992349,0.9492813,-0.000164985657,-0.0033621788,-0.0251933336,0.257861555,0.17992349,0.9492813,NaN,NaN,NaN,NaN,4.92415428,3.72259235,16.703,19.096756,Grass(Clone),XR.DevicePose:Eye Tracking OpenXR
5.52654171,-3.11136246E-05,-0.00341820717,-0.0251876116,0.258918047,0.179356754,0.9491009,-3.11136246E-05,-0.00341820717,-0.0251876116,0.258918047,0.179356754,0.9491009,-3.11136246E-05,-0.00341820717,-0.0251876116,0.258918047,0.179356754,0.9491009,NaN,NaN,NaN,NaN,4.9436717,3.71116614,16.696661,19.0937,Grass(Clone),XR.DevicePose:Eye Tracking OpenXR
5.537518,9.04202461E-05,-0.003488183,-0.0251809359,0.259190828,0.178017512,0.9492786,9.04202461E-05,-0.003488183,-0.0251809359,0.259190828,0.178017512,0.9492786,9.04202461E-05,-0.003488183,-0.0251809359,0.259190828,0.178017512,0.9492786,NaN,NaN,NaN,NaN,4.94723225,3.684308,16.6935749,19.0868664,Grass(Clone),XR.DevicePose:Eye Tracking OpenXR
5.548483,0.0002565086,-0.003540516,-0.02515304,0.260102451,0.177485749,0.9491288,0.0002565086,-0.003540516,-0.02515304,0.260102451,0.177485749,0.9491288,0.0002565086,-0.003540516,-0.02515304,0.260102451,0.177485749,0.9491288,NaN,NaN,NaN,NaN,4.9640584,3.67360234,16.6880436,19.0840263,Grass(Clone),XR.DevicePose:Eye Tracking OpenXR
5.55982971,0.0004133284,-0.00358355045,-0.0250970721,0.2601584,0.177215233,0.949164033,0.0004133284,-0.00358355045,-0.0250970721,0.2601584,0.177215233,0.949164033,0.0004133284,-0.00358355045,-0.0250970721,0.2601584,0.177215233,0.949164033,NaN,NaN,NaN,NaN,4.964901,3.6681366,16.6873817,19.08256,Grass(Clone),XR.DevicePose:Eye Tracking OpenXR
5.57103252,0.000697463751,-0.00360298157,-0.0249877572,0.261524558,0.176376328,0.948944867,0.000697463751,-0.00360298157,-0.0249877572,0.261524558,0.176376328,0.948944867,0.000697463751,-0.00360298157,-0.0249877572,0.261524558,0.176376328,0.948944867,NaN,NaN,NaN,NaN,4.9900794,3.65131521,16.6790428,19.0780621,Grass(Clone),XR.DevicePose:Eye Tracking OpenXR
5.581792,0.000919282436,-0.003586769,-0.0249162316,0.263032168,0.1761276,0.948574245,0.000919282436,-0.003586769,-0.0249162316,0.263032168,0.1761276,0.948574245,0.000919282436,-0.003586769,-0.0249162316,0.263032168,0.1761276,0.948574245,NaN,NaN,NaN,NaN,5.018682,3.6463306,16.67067,19.07661,Grass(Clone),XR.DevicePose:Eye Tracking OpenXR
5.59339666,0.00116729736,-0.00355005264,-0.0248523355,0.26314047,0.1768417,0.948411345,0.00116729736,-0.00355005264,-0.0248523355,0.26314047,0.1768417,0.948411345,0.00116729736,-0.00355005264,-0.0248523355,0.26314047,0.1768417,0.948411345,NaN,NaN,NaN,NaN,5.021899,3.66059875,16.6708813,19.0800476,Grass(Clone),XR.DevicePose:Eye Tracking OpenXR
5.60454226,0.00141048431,-0.00350940228,-0.0247998238,0.263167143,0.177678078,0.9482476,0.00141048431,-0.00350940228,-0.0247998238,0.263167143,0.177678078,0.9482476,0.00141048431,-0.00350940228,-0.0247998238,0.263167143,0.177678078,0.9482476,NaN,NaN,NaN,NaN,5.023724,3.67732,16.6716728,19.08412,Grass(Clone),XR.DevicePose:Eye Tracking OpenXR
5.616018,0.00160753727,-0.00345492363,-0.0247625113,0.2639518,0.1779011,0.9479877,0.00160753727,-0.00345492363,-0.0247625113,0.2639518,0.1779011,0.9479877,0.00160753727,-0.00345492363,-0.0247625113,0.2639518,0.1779011,0.9479877,NaN,NaN,NaN,NaN,5.03916454,3.68181252,16.6677132,19.0851383,Grass(Clone),XR.DevicePose:Eye Tracking OpenXR
5.627062,0.0018004477,-0.0034185648,-0.0247330666,0.264992982,0.178421065,0.9475994,0.0018004477,-0.0034185648,-0.0247330666,0.264992982,0.178421065,0.9475994,0.0018004477,-0.0034185648,-0.0247330666,0.264992982,0.178421065,0.9475994,NaN,NaN,NaN,NaN,5.0599,3.69222426,16.6627331,19.0876713,Grass(Clone),XR.DevicePose:Eye Tracking OpenXR
5.637942,0.00202140212,-0.00336694717,-0.02469349,0.265887916,0.178332746,0.947365344,0.00202140212,-0.00336694717,-0.02469349,0.265887916,0.178332746,0.947365344,0.00202140212,-0.00336694717,-0.02469349,0.265887916,0.178332746,0.947365344,NaN,NaN,NaN,NaN,5.07706261,3.69049644,16.6578064,19.0871468,Grass(Clone),XR.DevicePose:Eye Tracking OpenXR
5.64978743,0.00221449137,-0.00334441662,-0.0246607661,0.267384827,0.178738654,0.9468674,0.00221449137,-0.00334441662,-0.0246607661,0.267384827,0.178738654,0.9468674,0.00221449137,-0.00334441662,-0.0246607661,0.267384827,0.178738654,0.9468674,NaN,NaN,NaN,NaN,5.10637,3.69862843,16.6502571,19.0891762,Grass(Clone),XR.DevicePose:Eye Tracking OpenXR
5.66036224,0.00247132778,-0.00334334373,-0.02461642,0.269101351,0.179171324,0.9462992,0.00247132778,-0.00334334373,-0.02461642,0.269101351,0.179171324,0.9462992,0.00247132778,-0.00334334373,-0.02461642,0.269101351,0.179171324,0.9462992,NaN,NaN,NaN,NaN,5.139989,3.70728517,16.6415462,19.0913849,Grass(Clone),XR.DevicePose:Eye Tracking OpenXR
5.671536,0.00273510814,-0.00334775448,-0.0245760083,0.2690886,0.178979173,0.94633913,0.00273510814,-0.00334775448,-0.0245760083,0.2690886,0.178979173,0.94633913,0.00273510814,-0.00334775448,-0.0245760083,0.2690886,0.178979173,0.94633913,NaN,NaN,NaN,NaN,5.13971663,3.703418,16.64132,19.0903,Grass(Clone),XR.DevicePose:Eye Tracking OpenXR
5.682331,0.00296747684,-0.00336992741,-0.0245344639,0.270005226,0.179028109,0.946068764,0.00296747684,-0.00336992741,-0.0245344639,0.270005226,0.179028109,0.946068764,0.00296747684,-0.00336992741,-0.0245344639,0.270005226,0.179028109,0.946068764,NaN,NaN,NaN,NaN,5.15751171,3.70437241,16.6364269,19.0905361,Grass(Clone),XR.DevicePose:Eye Tracking OpenXR
5.693582,0.00317543745,-0.00338029861,-0.0245149732,0.270621032,0.179622084,0.9457802,0.00317543745,-0.00338029861,-0.0245149732,0.270621032,0.179622084,0.9457802,0.00317543745,-0.00338029861,-0.0245149732,0.270621032,0.179622084,0.9457802,NaN,NaN,NaN,NaN,5.17029047,3.71624279,16.6337833,19.0935459,Grass(Clone),XR.DevicePose:Eye Tracking OpenXR
5.704877,0.00335681438,-0.0033762455,-0.0244686,0.271173656,0.179964483,0.94555676,0.00335681438,-0.0033762455,-0.0244686,0.271173656,0.179964483,0.94555676,0.00335681438,-0.0033762455,-0.0244686,0.271173656,0.179964483,0.94555676,NaN,NaN,NaN,NaN,5.18149042,3.72309256,16.63119,19.0952644,Grass(Clone),XR.DevicePose:Eye Tracking OpenXR
5.715937,0.003521204,-0.00336360931,-0.0244283676,0.2714747,0.180375591,0.9453921,0.003521204,-0.00336360931,-0.0244283676,0.2714747,0.180375591,0.9453921,0.003521204,-0.00336360931,-0.0244283676,0.2714747,0.180375591,0.9453921,NaN,NaN,NaN,NaN,5.18795967,3.731327,16.630024,19.0973186,Grass(Clone),XR.DevicePose:Eye Tracking OpenXR
5.727369,0.00365680456,-0.00335168839,-0.0243838429,0.270878822,0.180157557,0.9456045,0.00365680456,-0.00335168839,-0.0243838429,0.270878822,0.180157557,0.9456045,0.00365680456,-0.00335168839,-0.0243838429,0.270878822,0.180157557,0.9456045,NaN,NaN,NaN,NaN,5.17637,3.72694421,16.63292,19.09604,Grass(Clone),XR.DevicePose:Eye Tracking OpenXR
5.73814535,0.00381633639,-0.00338089466,-0.0243246555,0.271060884,0.17971839,0.9456359,0.00381633639,-0.00338089466,-0.0243246555,0.271060884,0.17971839,0.9456359,0.00381633639,-0.00338089466,-0.0243246555,0.271060884,0.17971839,0.9456359,NaN,NaN,NaN,NaN,5.17937851,3.71811366,16.6313915,19.093729,Grass(Clone),XR.DevicePose:Eye Tracking OpenXR
5.749288,0.00399553776,-0.003484249,-0.0242452621,0.271705478,0.179702818,0.9454539,0.00399553776,-0.003484249,-0.0242452621,0.271705478,0.179702818,0.9454539,0.00399553776,-0.003484249,-0.0242452621,0.271705478,0.179702818,0.9454539,NaN,NaN,NaN,NaN,5.1918335,3.717691,16.62788,19.0936089,Grass(Clone),XR.DevicePose:Eye Tracking OpenXR
5.760887,0.00419139862,-0.00362277031,-0.024141252,0.272024184,0.179489478,0.945402741,0.00419139862,-0.00362277031,-0.024141252,0.272024184,0.179489478,0.945402741,0.00419139862,-0.00362277031,-0.024141252,0.272024184,0.179489478,0.945402741,NaN,NaN,NaN,NaN,5.19778728,3.71326327,16.6258736,19.0924072,Grass(Clone),XR.DevicePose:Eye Tracking OpenXR
5.771654,0.00438544154,-0.00373446941,-0.0240136385,0.272194356,0.179184765,0.945411563,0.00438544154,-0.00373446941,-0.0240136385,0.272194356,0.179184765,0.945411563,0.00438544154,-0.00373446941,-0.0240136385,0.272194356,0.179184765,0.945411563,NaN,NaN,NaN,NaN,5.20076656,3.70702839,16.6245556,19.0907,Grass(Clone),XR.DevicePose:Eye Tracking OpenXR
5.782781,0.004590124,-0.0037355423,-0.0239256024,0.272006363,0.179035336,0.945494,0.004590124,-0.0037355423,-0.0239256024,0.272006363,0.179035336,0.945494,0.004590124,-0.0037355423,-0.0239256024,0.272006363,0.179035336,0.945494,NaN,NaN,NaN,NaN,5.19712925,3.704008,16.6253357,19.08977,Grass(Clone),XR.DevicePose:Eye Tracking OpenXR
5.794182,0.004781872,-0.003691554,-0.02382958,0.273034275,0.178864822,0.945229948,0.004781872,-0.003691554,-0.02382958,0.273034275,0.178864822,0.945229948,0.004781872,-0.003691554,-0.02382958,0.273034275,0.178864822,0.945229948,NaN,NaN,NaN,NaN,5.216716,3.70064759,16.619606,19.0889378,Grass(Clone),XR.DevicePose:Eye Tracking OpenXR
5.80518,0.00499588251,-0.003613472,-0.0237234831,0.272799343,0.178563491,0.94535476,0.00499588251,-0.003613472,-0.0237234831,0.272799343,0.178563491,0.94535476,0.00499588251,-0.003613472,-0.0237234831,0.272799343,0.178563491,0.94535476,NaN,NaN,NaN,NaN,5.21197557,3.69466519,16.6204643,19.08721,Grass(Clone),XR.DevicePose:Eye Tracking OpenXR
5.81619072,0.00522065163,-0.00355684757,-0.0236029029,0.27558586,0.178390488,0.9445789,0.00522065163,-0.00355684757,-0.0236029029,0.27558586,0.178390488,0.9445789,0.00522065163,-0.00355684757,-0.0236029029,0.27558586,0.178390488,0.9445789,NaN,NaN,NaN,NaN,5.265256,3.691335,16.6053276,19.0867386,Grass(Clone),XR.DevicePose:Eye Tracking OpenXR
5.82736444,0.005491942,-0.00349974632,-0.0234776139,0.279055,0.17800808,0.943632066,0.005491942,-0.00349974632,-0.0234776139,0.279055,0.17800808,0.943632066,0.005491942,-0.00349974632,-0.0234776139,0.279055,0.17800808,0.943632066,NaN,NaN,NaN,NaN,5.3314147,3.68388462,16.586277,19.0855675,Grass(Clone),XR.DevicePose:Eye Tracking OpenXR
5.83839,0.00586769,-0.00348734856,-0.0233367085,0.282580882,0.177937463,0.942595541,0.00586769,-0.00348734856,-0.0233367085,0.282580882,0.177937463,0.942595541,0.00586769,-0.00348734856,-0.0233367085,0.282580882,0.177937463,0.942595541,NaN,NaN,NaN,NaN,5.39926434,3.68266344,16.5672379,19.0862064,Grass(Clone),XR.DevicePose:Eye Tracking OpenXR
5.84979,0.006267339,-0.003501892,-0.0232020617,0.284640551,0.178101316,0.9419446,0.006267339,-0.003501892,-0.0232020617,0.284640551,0.178101316,0.9419446,0.006267339,-0.003501892,-0.0232020617,0.284640551,0.178101316,0.9419446,NaN,NaN,NaN,NaN,5.43917274,3.68589926,16.5555973,19.0868969,Grass(Clone),XR.DevicePose:Eye Tracking OpenXR
5.860626,0.006778449,-0.00350773335,-0.0230251551,0.03989824,0.0235984325,0.99892503,0.006778449,-0.00350773335,-0.0230251551,0.03989824,0.0235984325,0.99892503,0.006778449,-0.00350773335,-0.0230251551,0.03989824,0.0235984325,0.99892503,NaN,NaN,NaN,NaN,0.747564256,0.7246414,17.1238956,18.5668774,Grass(Clone),XR.DevicePose:Eye Tracking OpenXR
5.87157345,0.00725609064,-0.00349342823,-0.022880733,0.0437340848,0.02273018,0.9987846,0.00725609064,-0.00349342823,-0.022880733,0.0437340848,0.02273018,0.9987846,0.00725609064,-0.00349342823,-0.022880733,0.0437340848,0.02273018,0.9987846,NaN,NaN,NaN,NaN,0.819171965,0.7084884,17.1193867,18.56483,Grass(Clone),XR.DevicePose:Eye Tracking OpenXR
5.88278532,0.008384198,-0.003454566,-0.0226342082,0.05414196,0.02081801,0.9983162,0.008384198,-0.003454566,-0.0226342082,0.05414196,0.02081801,0.9983162,0.008384198,-0.003454566,-0.0226342082,0.05414196,0.02081801,0.9983162,NaN,NaN,NaN,NaN,1.01317167,0.672894061,17.1045055,18.5583858,Grass(Clone),XR.DevicePose:Eye Tracking OpenXR
5.894271,0.009649664,-0.003499627,-0.0224196315,0.06815411,0.0200910587,0.997472465,0.009649664,-0.003499627,-0.0224196315,0.06815411,0.0200910587,0.997472465,0.009649664,-0.003499627,-0.0224196315,0.06815411,0.0200910587,0.997472465,NaN,NaN,NaN,NaN,1.27434289,0.6593174,17.0870533,18.5563755,Grass(Clone),XR.DevicePose:Eye Tracking OpenXR
5.905337,0.0111316442,-0.00359094143,-0.0222035646,0.07815745,0.0198781267,0.996742845,0.0111316442,-0.00359094143,-0.0222035646,0.07815745,0.0198781267,0.996742845,0.0111316442,-0.00359094143,-0.0222035646,0.07815745,0.0198781267,0.996742845,NaN,NaN,NaN,NaN,1.461548,0.6552997,17.0749741,18.5576229,Grass(Clone),XR.DevicePose:Eye Tracking OpenXR
5.91623831,0.0131267309,-0.00380373,-0.0219393373,0.09586558,0.0182319935,0.9952273,0.0131267309,-0.00380373,-0.0219393373,0.09586558,0.0182319935,0.9952273,0.0131267309,-0.00380373,-0.0219393373,0.09586558,0.0182319935,0.9952273,NaN,NaN,NaN,NaN,1.79164422,0.624440134,17.0417213,18.552206,Grass(Clone),XR.DevicePose:Eye Tracking OpenXR
5.927336,0.0146924853,-0.00396752357,-0.0217692256,0.109234333,0.018398419,0.993845761,0.0146924853,-0.00396752357,-0.0217692256,0.109234333,0.018398419,0.993845761,0.0146924853,-0.00396752357,-0.0217692256,0.109234333,0.018398419,0.993845761,NaN,NaN,NaN,NaN,2.04117036,0.6273538,17.0157146,18.5516567,Grass(Clone),XR.DevicePose:Eye Tracking OpenXR
5.938168,0.01646766,-0.004220724,-0.0216317177,0.121495605,0.0175655261,0.9924365,0.01646766,-0.004220724,-0.0216317177,0.121495605,0.0175655261,0.9924365,0.01646766,-0.004220724,-0.0216317177,0.121495605,0.0175655261,0.9924365,NaN,NaN,NaN,NaN,2.27049971,0.6116614,16.9904289,18.5523777,Grass(Clone),XR.DevicePose:Eye Tracking OpenXR
5.949535,0.0177579522,-0.004413843,-0.0215467215,0.128479928,0.01643411,0.991575956,0.0177579522,-0.004413843,-0.0215467215,0.128479928,0.01643411,0.991575956,0.0177579522,-0.004413843,-0.0215467215,0.128479928,0.01643411,0.991575956,NaN,NaN,NaN,NaN,2.40100551,0.590432,16.9717617,18.549572,Grass(Clone),XR.DevicePose:Eye Tracking OpenXR
5.96077061,0.01934424,-0.004589677,-0.0214260817,0.140630275,0.01544727,0.989941657,0.01934424,-0.004589677,-0.0214260817,0.140630275,0.01544727,0.989941657,0.01934424,-0.004589677,-0.0214260817,0.140630275,0.01544727,0.989941657,NaN,NaN,NaN,NaN,2.62731767,0.5718784,16.9369373,18.5448952,Grass(Clone),XR.DevicePose:Eye Tracking OpenXR
5.97190762,0.0204994082,-0.004666686,-0.0213503838,0.154055923,0.0142060323,0.98796,0.0204994082,-0.004666686,-0.0213503838,0.154055923,0.0142060323,0.98796,0.0204994082,-0.004666686,-0.0213503838,0.154055923,0.0142060323,0.98796,NaN,NaN,NaN,NaN,2.87714314,0.5487544,16.8982925,18.5429,Grass(Clone),XR.DevicePose:Eye Tracking OpenXR
5.98293066,0.0215844512,-0.00470042229,-0.0213210583,0.1695386,0.0133630121,0.9854329,0.0215844512,-0.00470042229,-0.0213210583,0.1695386,0.0133630121,0.9854329,0.0215844512,-0.00470042229,-0.0213210583,0.1695386,0.0133630121,0.9854329,NaN,NaN,NaN,NaN,3.16529179,0.5330865,16.8512878,18.5427246,Grass(Clone),XR.DevicePose:Eye Tracking OpenXR
5.993987,0.0228215754,-0.0047454834,-0.0213245153,0.184643671,0.0124338474,0.9827269,0.0228215754,-0.0047454834,-0.0213245153,0.184643671,0.0124338474,0.9827269,0.0228215754,-0.0047454834,-0.0213245153,0.184643671,0.0124338474,0.9827269,NaN,NaN,NaN,NaN,3.44574547,0.5157534,16.7964649,18.538,Grass(Clone),XR.DevicePose:Eye Tracking OpenXR
6.00539,0.024097383,-0.00477862358,-0.02133131,0.183507055,0.0129619595,0.9829329,0.024097383,-0.00477862358,-0.02133131,0.183507055,0.0129619595,0.9829329,0.024097383,-0.00477862358,-0.02133131,0.183507055,0.0129619595,0.9829329,NaN,NaN,NaN,NaN,3.42607856,0.525519133,16.8009624,18.5386944,Grass(Clone),XR.DevicePose:Eye Tracking OpenXR
6.016093,0.025183171,-0.004811883,-0.021374166,0.195885658,0.0128023438,0.9805432,0.025183171,-0.004811883,-0.021374166,0.195885658,0.0128023438,0.9805432,0.025183171,-0.004811883,-0.021374166,0.195885658,0.0128023438,0.9805432,NaN,NaN,NaN,NaN,3.65667319,0.5225285,16.7567444,18.538826,Grass(Clone),XR.DevicePose:Eye Tracking OpenXR
6.027376,0.02605325,-0.004835248,-0.0213890076,0.207210124,0.012633482,0.97821486,0.02605325,-0.004835248,-0.0213890076,0.207210124,0.012633482,0.97821486,0.02605325,-0.004835248,-0.0213890076,0.207210124,0.012633482,0.97821486,NaN,NaN,NaN,NaN,3.86789227,0.5193999,16.71549,18.5407944,Grass(Clone),XR.DevicePose:Eye Tracking OpenXR
6.038737,0.0267726183,-0.00483500957,-0.0214274526,0.214527428,0.0122132469,0.9766416,0.0267726183,-0.00483500957,-0.0214274526,0.214527428,0.0122132469,0.9766416,0.0267726183,-0.00483500957,-0.0214274526,0.214527428,0.0122132469,0.9766416,NaN,NaN,NaN,NaN,4.00357342,0.5115685,16.6830635,18.5374985,Grass(Clone),XR.DevicePose:Eye Tracking OpenXR
6.04975462,0.02724114,-0.00483846664,-0.0214311481,0.227624133,0.0117039625,0.9736787,0.02724114,-0.00483846664,-0.0214311481,0.227624133,0.0117039625,0.9736787,0.02724114,-0.00483846664,-0.0214311481,0.227624133,0.0117039625,0.9736787,NaN,NaN,NaN,NaN,4.24619,0.502091348,16.6254272,18.5347176,Grass(Clone),XR.DevicePose:Eye Tracking OpenXR
6.06061029,0.0273415744,-0.004835129,-0.0214223266,0.225860208,0.0116062593,0.9740906,0.0273415744,-0.004835129,-0.0214223266,0.225860208,0.0116062593,0.9740906,0.0273415744,-0.004835129,-0.0214223266,0.225860208,0.0116062593,0.9740906,NaN,NaN,NaN,NaN,4.213566,0.500282049,16.63294,18.534584,Grass(Clone),XR.DevicePose:Eye Tracking OpenXR
6.072126,0.0273415744,-0.004835129,-0.0214223266,0.225860208,0.0116062593,0.9740906,0.0273415744,-0.004835129,-0.0214223266,0.225860208,0.0116062593,0.9740906,0.0273415744,-0.004835129,-0.0214223266,0.225860208,0.0116062593,0.9740906,NaN,NaN,NaN,NaN,4.213566,0.500282049,16.63294,18.534584,Grass(Clone),XR.DevicePose:Eye Tracking OpenXR
6.08313131,0.0273415744,-0.004835129,-0.0214223266,0.225860208,0.0116062593,0.9740906,0.0273415744,-0.004835129,-0.0214223266,0.225860208,0.0116062593,0.9740906,0.0273415744,-0.004835129,-0.0214223266,0.225860208,0.0116062593,0.9740906,NaN,NaN,NaN,NaN,4.213566,0.500282049,16.63294,18.534584,Grass(Clone),XR.DevicePose:Eye Tracking OpenXR
6.094431,0.0273415744,-0.004835129,-0.0214223266,0.225860208,0.0116062593,0.9740906,0.0273415744,-0.004835129,-0.0214223266,0.225860208,0.0116062593,0.9740906,0.0273415744,-0.004835129,-0.0214223266,0.225860208,0.0116062593,0.9740906,NaN,NaN,NaN,NaN,4.213566,0.500282049,16.63294,18.534584,Grass(Clone),XR.DevicePose:Eye Tracking OpenXR
6.105532,0.0273415744,-0.004835129,-0.0214223266,0.225860208,0.0116062593,0.9740906,0.0273415744,-0.004835129,-0.0214223266,0.225860208,0.0116062593,0.9740906,0.0273415744,-0.004835129,-0.0214223266,0.225860208,0.0116062593,0.9740906,NaN,NaN,NaN,NaN,4.213566,0.500282049,16.63294,18.534584,Grass(Clone),XR.DevicePose:Eye Tracking OpenXR
6.11670828,0.0273415744,-0.004835129,-0.0214223266,0.225860208,0.0116062593,0.9740906,0.0273415744,-0.004835129,-0.0214223266,0.225860208,0.0116062593,0.9740906,0.0273415744,-0.004835129,-0.0214223266,0.225860208,0.0116062593,0.9740906,NaN,NaN,NaN,NaN,4.213566,0.500282049,16.63294,18.534584,Grass(Clone),XR.DevicePose:Eye Tracking OpenXR
6.127685,0.0273415744,-0.004835129,-0.0214223266,0.225860208,0.0116062593,0.9740906,0.0273415744,-0.004835129,-0.0214223266,0.225860208,0.0116062593,0.9740906,0.0273415744,-0.004835129,-0.0214223266,0.225860208,0.0116062593,0.9740906,NaN,NaN,NaN,NaN,4.213566,0.500282049,16.63294,18.534584,Grass(Clone),XR.DevicePose:Eye Tracking OpenXR
6.13832235,0.0273415744,-0.004835129,-0.0214223266,0.225860208,0.0116062593,0.9740906,0.0273415744,-0.004835129,-0.0214223266,0.225860208,0.0116062593,0.9740906,0.0273415744,-0.004835129,-0.0214223266,0.225860208,0.0116062593,0.9740906,NaN,NaN,NaN,NaN,4.213566,0.500282049,16.63294,18.534584,Grass(Clone),XR.DevicePose:Eye Tracking OpenXR
6.14958668,0.0273415744,-0.004835129,-0.0214223266,0.225860208,0.0116062593,0.9740906,0.0273415744,-0.004835129,-0.0214223266,0.225860208,0.0116062593,0.9740906,0.0273415744,-0.004835129,-0.0214223266,0.225860208,0.0116062593,0.9740906,NaN,NaN,NaN,NaN,4.213566,0.500282049,16.63294,18.534584,Grass(Clone),XR.DevicePose:Eye Tracking OpenXR
6.160705,0.0273415744,-0.004835129,-0.0214223266,0.225860208,0.0116062593,0.9740906,0.0273415744,-0.004835129,-0.0214223266,0.225860208,0.0116062593,0.9740906,0.0273415744,-0.004835129,-0.0214223266,0.225860208,0.0116062593,0.9740906,NaN,NaN,NaN,NaN,4.213566,0.500282049,16.63294,18.534584,Grass(Clone),XR.DevicePose:Eye Tracking OpenXR
6.171979,0.0273415744,-0.004835129,-0.0214223266,0.225860208,0.0116062593,0.9740906,0.0273415744,-0.004835129,-0.0214223266,0.225860208,0.0116062593,0.9740906,0.0273415744,-0.004835129,-0.0214223266,0.225860208,0.0116062593,0.9740906,NaN,NaN,NaN,NaN,4.213566,0.500282049,16.63294,18.534584,Grass(Clone),XR.DevicePose:Eye Tracking OpenXR
6.18319368,0.0273415744,-0.004835129,-0.0214223266,0.225860208,0.0116062593,0.9740906,0.0273415744,-0.004835129,-0.0214223266,0.225860208,0.0116062593,0.9740906,0.0273415744,-0.004835129,-0.0214223266,0.225860208,0.0116062593,0.9740906,NaN,NaN,NaN,NaN,4.213566,0.500282049,16.63294,18.534584,Grass(Clone),XR.DevicePose:Eye Tracking OpenXR
6.19439363,0.0273415744,-0.004835129,-0.0214223266,0.225860208,0.0116062593,0.9740906,0.0273415744,-0.004835129,-0.0214223266,0.225860208,0.0116062593,0.9740906,0.0273415744,-0.004835129,-0.0214223266,0.225860208,0.0116062593,0.9740906,NaN,NaN,NaN,NaN,4.213566,0.500282049,16.63294,18.534584,Grass(Clone),XR.DevicePose:Eye Tracking OpenXR
6.20495367,0.0273415744,-0.004835129,-0.0214223266,0.225860208,0.0116062593,0.9740906,0.0273415744,-0.004835129,-0.0214223266,0.225860208,0.0116062593,0.9740906,0.0273415744,-0.004835129,-0.0214223266,0.225860208,0.0116062593,0.9740906,NaN,NaN,NaN,NaN,4.213566,0.500282049,16.63294,18.534584,Grass(Clone),XR.DevicePose:Eye Tracking OpenXR
6.21575642,0.0273415744,-0.004835129,-0.0214223266,0.225860208,0.0116062593,0.9740906,0.0273415744,-0.004835129,-0.0214223266,0.225860208,0.0116062593,0.9740906,0.0273415744,-0.004835129,-0.0214223266,0.225860208,0.0116062593,0.9740906,NaN,NaN,NaN,NaN,4.213566,0.500282049,16.63294,18.534584,Grass(Clone),XR.DevicePose:Eye Tracking OpenXR
6.23256254,0.0273415744,-0.004835129,-0.0214223266,0.225860208,0.0116062593,0.9740906,0.0273415744,-0.004835129,-0.0214223266,0.225860208,0.0116062593,0.9740906,0.0273415744,-0.004835129,-0.0214223266,0.225860208,0.0116062593,0.9740906,NaN,NaN,NaN,NaN,4.213566,0.500282049,16.63294,18.534584,Grass(Clone),XR.DevicePose:Eye Tracking OpenXR
6.24419069,0.0273415744,-0.004835129,-0.0214223266,0.225860208,0.0116062593,0.9740906,0.0273415744,-0.004835129,-0.0214223266,0.225860208,0.0116062593,0.9740906,0.0273415744,-0.004835129,-0.0214223266,0.225860208,0.0116062593,0.9740906,NaN,NaN,NaN,NaN,4.213566,0.500282049,16.63294,18.534584,Grass(Clone),XR.DevicePose:Eye Tracking OpenXR
6.260279,0.0273415744,-0.004835129,-0.0214223266,0.225860208,0.0116062593,0.9740906,0.0273415744,-0.004835129,-0.0214223266,0.225860208,0.0116062593,0.9740906,0.0273415744,-0.004835129,-0.0214223266,0.225860208,0.0116062593,0.9740906,NaN,NaN,NaN,NaN,4.213566,0.500282049,16.63294,18.534584,Grass(Clone),XR.DevicePose:Eye Tracking OpenXR
6.271602,0.0273415744,-0.004835129,-0.0214223266,0.225860208,0.0116062593,0.9740906,0.0273415744,-0.004835129,-0.0214223266,0.225860208,0.0116062593,0.9740906,0.0273415744,-0.004835129,-0.0214223266,0.225860208,0.0116062593,0.9740906,NaN,NaN,NaN,NaN,4.213566,0.500282049,16.63294,18.534584,Grass(Clone),XR.DevicePose:Eye Tracking OpenXR
6.28263426,0.02660513,-0.00438165665,-0.02090007,0.370075673,-0.251166165,0.8944046,0.02660513,-0.00438165665,-0.02090007,0.370075673,-0.251166165,0.8944046,0.02660513,-0.00438165665,-0.02090007,0.370075673,-0.251166165,0.8944046,NaN,NaN,NaN,NaN,0.4474401,8.966407E-20,-0.4038111,1.13716877,Plane,XR.DevicePose:Eye Tracking OpenXR
6.29405165,0.0255689621,-0.00467443466,-0.0208485126,0.358626783,-0.24748762,0.900076,0.0255689621,-0.00467443466,-0.0208485126,0.358626783,-0.24748762,0.900076,0.0255689621,-0.00467443466,-0.0208485126,0.358626783,-0.24748762,0.900076,NaN,NaN,NaN,NaN,0.4390239,8.50789446E-20,-0.3831615,1.15288806,Plane,XR.DevicePose:Eye Tracking OpenXR
6.305187,0.0255594254,-0.004592657,-0.0208569765,0.358317554,-0.24752669,0.9001884,0.0255594254,-0.004592657,-0.0208569765,0.358317554,-0.24752669,0.9001884,0.0255594254,-0.004592657,-0.0208569765,0.358317554,-0.24752669,0.9001884,NaN,NaN,NaN,NaN,0.438708,8.50224055E-20,-0.382906884,1.15303659,Plane,XR.DevicePose:Eye Tracking OpenXR
6.316231,0.02556622,-0.004531145,-0.020870924,0.447507322,-0.140353531,0.883197665,0.02556622,-0.004531145,-0.020870924,0.447507322,-0.140353531,0.883197665,0.02556622,-0.004531145,-0.020870924,0.447507322,-0.140353531,0.883197665,NaN,NaN,NaN,NaN,0.9357573,-8.337318E-20,0.37547943,2.033927,Plane,XR.DevicePose:Eye Tracking OpenXR
6.3271594,0.0256382227,-0.004449606,-0.0208903551,0.449947685,-0.141916156,0.8817068,0.0256382227,-0.004449606,-0.0208903551,0.449947685,-0.141916156,0.8817068,0.0256382227,-0.004449606,-0.0208903551,0.449947685,-0.141916156,0.8817068,NaN,NaN,NaN,NaN,0.93097657,-7.842598E-20,0.3531992,2.012106,Plane,XR.DevicePose:Eye Tracking OpenXR
6.33822966,0.0257325768,-0.004385948,-0.02092427,0.451508015,-0.1409208,0.8810686,0.0257325768,-0.004385948,-0.02092427,0.451508015,-0.1409208,0.8810686,0.0257325768,-0.004385948,-0.02092427,0.451508015,-0.1409208,0.8810686,NaN,NaN,NaN,NaN,0.940833151,-8.100281E-20,0.364804238,2.0267694,Plane,XR.DevicePose:Eye Tracking OpenXR
6.349677,0.0258132219,-0.00434744358,-0.020942688,0.4508437,-0.137326881,0.8819758,0.0258132219,-0.00434744358,-0.020942688,0.4508437,-0.137326881,0.8819758,0.0258132219,-0.00434744358,-0.020942688,0.4508437,-0.137326881,0.8819758,NaN,NaN,NaN,NaN,0.963610947,-9.18474857E-20,0.413644254,2.08009171,Plane,XR.DevicePose:Eye Tracking OpenXR
6.360817,0.0259182155,-0.004340291,-0.0209702253,0.4510807,-0.139062852,0.8815825,0.0259182155,-0.004340291,-0.0209702253,0.4510807,-0.139062852,0.8815825,0.0259182155,-0.004340291,-0.0209702253,0.4510807,-0.139062852,0.8815825,NaN,NaN,NaN,NaN,0.95252043,-8.65879353E-20,0.3899574,2.05417657,Plane,XR.DevicePose:Eye Tracking OpenXR
6.37197447,0.0259245336,-0.004328847,-0.0209843516,0.4511438,-0.138815969,0.8815891,0.0259245336,-0.004328847,-0.0209843516,0.4511438,-0.138815969,0.8815891,0.0259245336,-0.004328847,-0.0209843516,0.4511438,-0.138815969,0.8815891,NaN,NaN,NaN,NaN,0.9543277,-8.731718E-20,0.393241584,2.05791259,Plane,XR.DevicePose:Eye Tracking OpenXR
6.38271141,0.025903821,-0.004355192,-0.020988822,0.4509736,-0.138854161,0.8816702,0.025903821,-0.004355192,-0.020988822,0.4509736,-0.138854161,0.8816702,0.025903821,-0.004355192,-0.020988822,0.4509736,-0.138854161,0.8816702,NaN,NaN,NaN,NaN,0.953635037,-8.720866E-20,0.392752826,2.05715656,Plane,XR.DevicePose:Eye Tracking OpenXR
6.394115,0.0258489549,-0.004360676,-0.020983398,0.450538248,-0.138916269,0.881882966,0.0258489549,-0.004360676,-0.020983398,0.450538248,-0.138916269,0.881882966,0.0258489549,-0.004360676,-0.020983398,0.450538248,-0.138916269,0.881882966,NaN,NaN,NaN,NaN,0.952248454,-8.71186557E-20,0.3923475,2.0561974,Plane,XR.DevicePose:Eye Tracking OpenXR
6.405496,0.0258355141,-0.00435185432,-0.0209743977,0.45016253,-0.139131278,0.8820409,0.0258355141,-0.00435185432,-0.0209743977,0.45016253,-0.139131278,0.8820409,0.0258355141,-0.00435185432,-0.0209743977,0.45016253,-0.139131278,0.8820409,NaN,NaN,NaN,NaN,0.9500451,-8.658E-20,0.389921635,2.05308342,Plane,XR.DevicePose:Eye Tracking OpenXR
6.41690731,0.025821,-0.00435376167,-0.02095753,0.450011075,-0.138768092,0.8821754,0.025821,-0.00435376167,-0.02095753,0.450011075,-0.138768092,0.8821754,0.025821,-0.00435376167,-0.02095753,0.450011075,-0.138768092,0.8821754,NaN,NaN,NaN,NaN,0.9521432,-8.769702E-20,0.394952238,2.05844283,Plane,XR.DevicePose:Eye Tracking OpenXR
6.427479,0.0258598328,-0.00436151028,-0.0209490657,0.476757348,-0.00363690779,0.8790274,0.0258598328,-0.00436151028,-0.0209490657,0.476757348,-0.00363690779,0.8790274,0.0258598328,-0.00436151028,-0.0209490657,0.476757348,-0.00363690779,0.8790274,NaN,NaN,NaN,NaN,8.848911,0.218332529,14.8466635,18.5063782,Grass(Clone),XR.DevicePose:Eye Tracking OpenXR
6.438956,0.0258893967,-0.00440108776,-0.0209517479,0.474269748,-0.004286928,0.8803692,0.0258893967,-0.00440108776,-0.0209517479,0.474269748,-0.004286928,0.8803692,0.0258893967,-0.00440108776,-0.0209517479,0.474269748,-0.004286928,0.8803692,NaN,NaN,NaN,NaN,8.802149,0.206270248,14.87009,18.5047836,Grass(Clone),XR.DevicePose:Eye Tracking OpenXR
6.44986343,0.0258660316,-0.004485488,-0.021020472,0.472916275,-0.00449414924,0.8810959,0.0258660316,-0.004485488,-0.021020472,0.472916275,-0.00449414924,0.8810959,0.0258660316,-0.004485488,-0.021020472,0.472916275,-0.00449414924,0.8810959,NaN,NaN,NaN,NaN,8.776826,0.202353656,14.8829966,18.5042477,Grass(Clone),XR.DevicePose:Eye Tracking OpenXR
6.46136665,0.025828898,-0.00463271141,-0.0210970044,0.4720579,-0.00556532,0.881549954,0.025828898,-0.00463271141,-0.0210970044,0.4720579,-0.00556532,0.881549954,0.025828898,-0.00463271141,-0.0210970044,0.4720579,-0.00556532,0.881549954,NaN,NaN,NaN,NaN,8.760198,0.1823934,14.8899994,18.5027466,Grass(Clone),XR.DevicePose:Eye Tracking OpenXR
6.47199726,0.0257645249,-0.004751563,-0.021176219,0.471955776,-0.00614643842,0.8816008,0.0257645249,-0.004751563,-0.021176219,0.471955776,-0.00614643842,0.8816008,0.0257645249,-0.004751563,-0.021176219,0.471955776,-0.00614643842,0.8816008,NaN,NaN,NaN,NaN,8.757926,0.171526521,14.8902683,18.5020752,Grass(Clone),XR.DevicePose:Eye Tracking OpenXR
6.48330545,0.0256859362,-0.004954934,-0.0212572217,0.470037639,-0.007836651,0.8826116,0.0256859362,-0.004954934,-0.0212572217,0.470037639,-0.007836651,0.8826116,0.0256859362,-0.004954934,-0.0212572217,0.470037639,-0.007836651,0.8826116,NaN,NaN,NaN,NaN,8.721238,0.1400697,14.906786,18.4996948,Grass(Clone),XR.DevicePose:Eye Tracking OpenXR
6.494523,0.0256167352,-0.005079031,-0.0213019252,0.469747,-0.008991437,0.8827553,0.0256167352,-0.005079031,-0.0213019252,0.469747,-0.008991437,0.8827553,0.0256167352,-0.005079031,-0.0213019252,0.469747,-0.008991437,0.8827553,NaN,NaN,NaN,NaN,8.715132,0.118594863,14.90816,18.4982872,Grass(Clone),XR.DevicePose:Eye Tracking OpenXR
6.50620461,0.0256012976,-0.00516533852,-0.0213637948,0.4687043,-0.009770306,0.8833011,0.0256012976,-0.00516533852,-0.0213637948,0.4687043,-0.009770306,0.8833011,0.0256012976,-0.00516533852,-0.0213637948,0.4687043,-0.009770306,0.8833011,NaN,NaN,NaN,NaN,8.695344,0.104110837,14.91728,18.4972534,Grass(Clone),XR.DevicePose:Eye Tracking OpenXR
6.5169735,0.0255727768,-0.005232811,-0.0214139223,0.468620032,-0.009600894,0.8833477,0.0255727768,-0.005232811,-0.0214139223,0.468620032,-0.009600894,0.8833477,0.0255727768,-0.005232811,-0.0214139223,0.468620032,-0.009600894,0.8833477,NaN,NaN,NaN,NaN,8.693871,0.107174724,14.9183092,18.4975,Grass(Clone),XR.DevicePose:Eye Tracking OpenXR
6.5281,0.02557543,-0.0052485466,-0.021476984,0.468913555,-0.009961484,0.8831879,0.02557543,-0.0052485466,-0.021476984,0.468913555,-0.009961484,0.8831879,0.02557543,-0.0052485466,-0.021476984,0.468913555,-0.009961484,0.8831879,NaN,NaN,NaN,NaN,8.699142,0.100492269,14.9149876,18.4971561,Grass(Clone),XR.DevicePose:Eye Tracking OpenXR
6.53914165,0.0255393386,-0.00524961948,-0.0215330124,0.468256474,-0.0101000322,0.883534849,0.0255393386,-0.00524961948,-0.0215330124,0.468256474,-0.0101000322,0.883534849,0.0255393386,-0.00524961948,-0.0215330124,0.468256474,-0.0101000322,0.883534849,NaN,NaN,NaN,NaN,8.686866,0.09793013,14.9211884,18.496973,Grass(Clone),XR.DevicePose:Eye Tracking OpenXR
6.55046463,0.0255492032,-0.00525176525,-0.0215913057,0.467873633,-0.009993188,0.8837389,0.0255492032,-0.00525176525,-0.0215913057,0.467873633,-0.009993188,0.8837389,0.0255492032,-0.00525176525,-0.0215913057,0.467873633,-0.009993188,0.8837389,NaN,NaN,NaN,NaN,8.679856,0.09990323,14.92502,18.4971046,Grass(Clone),XR.DevicePose:Eye Tracking OpenXR
6.56140661,0.0255535841,-0.00533616543,-0.021643579,0.467480659,-0.0105090933,0.8839408,0.0255535841,-0.00533616543,-0.021643579,0.467480659,-0.0105090933,0.8839408,0.0255535841,-0.00533616543,-0.021643579,0.467480659,-0.0105090933,0.8839408,NaN,NaN,NaN,NaN,8.672304,0.0902824,14.928154,18.4964848,Grass(Clone),XR.DevicePose:Eye Tracking OpenXR
6.57244,0.0255681872,-0.005424738,-0.0217092633,0.467564434,-0.0102733951,0.883899331,0.0255681872,-0.005424738,-0.0217092633,0.467564434,-0.0102733951,0.883899331,0.0255681872,-0.005424738,-0.0217092633,0.467564434,-0.0102733951,0.883899331,NaN,NaN,NaN,NaN,8.674024,0.09455004,14.9276161,18.4968185,Grass(Clone),XR.DevicePose:Eye Tracking OpenXR
6.583881,0.0255692,-0.00551235676,-0.0218036771,0.467783779,-0.0105505474,0.883779943,0.0255692,-0.00551235676,-0.0218036771,0.467783779,-0.0105505474,0.883779943,0.0255692,-0.00551235676,-0.0218036771,0.467783779,-0.0105505474,0.883779943,NaN,NaN,NaN,NaN,8.677974,0.08933866,14.92511,18.4965916,Grass(Clone),XR.DevicePose:Eye Tracking OpenXR
6.594628,0.0255247056,-0.00557899475,-0.0218901634,0.467795044,-0.0113694109,0.88376385,0.0255247056,-0.00557899475,-0.0218901634,0.467795044,-0.0113694109,0.88376385,0.0255247056,-0.00557899475,-0.0218901634,0.467795044,-0.0113694109,0.88376385,NaN,NaN,NaN,NaN,8.677728,0.074135676,14.9239521,18.4957142,Grass(Clone),XR.DevicePose:Eye Tracking OpenXR
6.606482,0.02553448,-0.00557303429,-0.0219933391,0.468280882,-0.0117102712,0.883502066,0.02553448,-0.00557303429,-0.0219933391,0.468280882,-0.0117102712,0.883502066,0.02553448,-0.00557303429,-0.0219933391,0.468280882,-0.0117102712,0.883502066,NaN,NaN,NaN,NaN,8.686603,0.06784028,14.91878,18.4954567,Grass(Clone),XR.DevicePose:Eye Tracking OpenXR
6.61722469,0.02550906,-0.00553298,-0.0220522881,0.4687186,-0.0116027249,0.883271337,0.02550906,-0.00553298,-0.0220522881,0.4687186,-0.0116027249,0.883271337,0.02550906,-0.00553298,-0.0220522881,0.4687186,-0.0116027249,0.883271337,NaN,NaN,NaN,NaN,8.694789,0.06986663,14.9146709,18.4957047,Grass(Clone),XR.DevicePose:Eye Tracking OpenXR
6.628651,0.0254951119,-0.00547230244,-0.02211541,0.4688809,-0.0115300817,0.883186162,0.0254951119,-0.00547230244,-0.02211541,0.4688809,-0.0115300817,0.883186162,0.0254951119,-0.00547230244,-0.02211541,0.4688809,-0.0115300817,0.883186162,NaN,NaN,NaN,NaN,8.697858,0.07126863,14.9131861,18.4958744,Grass(Clone),XR.DevicePose:Eye Tracking OpenXR
6.639809,0.0254403055,-0.005417466,-0.02216947,0.4687571,-0.0121218385,0.8832439,0.0254403055,-0.005417466,-0.02216947,0.4687571,-0.0121218385,0.8832439,0.0254403055,-0.005417466,-0.02216947,0.4687571,-0.0121218385,0.8832439,NaN,NaN,NaN,NaN,8.695218,0.0603859574,14.9136448,18.495245,Grass(Clone),XR.DevicePose:Eye Tracking OpenXR
6.650622,0.0254101455,-0.00539076328,-0.0222081542,0.4684709,-0.012102182,0.883396,0.0254101455,-0.00539076328,-0.0222081542,0.4684709,-0.012102182,0.883396,0.0254101455,-0.00539076328,-0.0222081542,0.4684709,-0.012102182,0.883396,NaN,NaN,NaN,NaN,8.689912,0.06077598,14.9164524,18.495285,Grass(Clone),XR.DevicePose:Eye Tracking OpenXR
6.66194439,0.0253570974,-0.00537502766,-0.0222347975,0.4679297,-0.0119923642,0.883684337,0.0253570974,-0.00537502766,-0.0222347975,0.4679297,-0.0119923642,0.883684337,0.0253570974,-0.00537502766,-0.0222347975,0.4679297,-0.0119923642,0.883684337,NaN,NaN,NaN,NaN,8.679903,0.06282124,14.9218578,18.4953976,Grass(Clone),XR.DevicePose:Eye Tracking OpenXR
6.672894,0.0252765417,-0.00531184673,-0.0222395062,0.467010021,-0.0115731731,0.8841763,0.0252765417,-0.00531184673,-0.0222395062,0.467010021,-0.0115731731,0.8841763,0.0252765417,-0.00531184673,-0.0222395062,0.467010021,-0.0115731731,0.8841763,NaN,NaN,NaN,NaN,8.663019,0.07063255,14.931345,18.49584,Grass(Clone),XR.DevicePose:Eye Tracking OpenXR
6.68387,0.02519241,-0.005267501,-0.02223146,0.466461122,-0.0111470325,0.8844715,0.02519241,-0.005267501,-0.02223146,0.466461122,-0.0111470325,0.8844715,0.02519241,-0.005267501,-0.02223146,0.466461122,-0.0111470325,0.8844715,NaN,NaN,NaN,NaN,8.653012,0.07855345,14.9372473,18.4963341,Grass(Clone),XR.DevicePose:Eye Tracking OpenXR
6.695143,0.0250240564,-0.005176544,-0.0222151875,0.4653188,-0.0111635923,0.885072768,0.0250240564,-0.005176544,-0.0222151875,0.4653188,-0.0111635923,0.885072768,0.0250240564,-0.005176544,-0.0222151875,0.4653188,-0.0111635923,0.885072768,NaN,NaN,NaN,NaN,8.631705,0.07833816,14.9483681,18.4963131,Grass(Clone),XR.DevicePose:Eye Tracking OpenXR
6.706382,0.024843365,-0.00506806374,-0.0221892,0.183333412,-0.172765687,0.96775043,0.024843365,-0.00506806374,-0.0221892,0.183333412,-0.172765687,0.96775043,0.024843365,-0.00506806374,-0.0221892,0.183333412,-0.172765687,0.96775043,NaN,NaN,NaN,NaN,0.327197939,-3.860485E-20,0.173860773,1.64923906,Plane,XR.DevicePose:Eye Tracking OpenXR
6.717078,0.0247049034,-0.004972577,-0.02215743,0.1870656,-0.172937632,0.9670052,0.0247049034,-0.004972577,-0.02215743,0.1870656,-0.172937632,0.9670052,0.0247049034,-0.004972577,-0.02215743,0.1870656,-0.172937632,0.9670052,NaN,NaN,NaN,NaN,0.333015978,-3.81072156E-20,0.171619639,1.6481514,Plane,XR.DevicePose:Eye Tracking OpenXR
6.72886467,0.0246430039,-0.00485301,-0.02211088,0.1853402,-0.170093924,0.967841446,0.0246430039,-0.00485301,-0.02211088,0.1853402,-0.170093924,0.967841446,0.0246430039,-0.00485301,-0.02211088,0.1853402,-0.170093924,0.967841446,NaN,NaN,NaN,NaN,0.335347056,-4.44956963E-20,0.200390786,1.67640889,Plane,XR.DevicePose:Eye Tracking OpenXR
6.739917,0.0246112943,-0.004688263,-0.0220376253,0.18623659,-0.168719664,0.967909932,0.0246112943,-0.004688263,-0.0220376253,0.18623659,-0.168719664,0.967909932,0.0246112943,-0.004688263,-0.0220376253,0.18623659,-0.168719664,0.967909932,NaN,NaN,NaN,NaN,0.339541674,-4.76800121E-20,0.214731663,1.69104,Plane,XR.DevicePose:Eye Tracking OpenXR
6.751188,0.0246293247,-0.00457060337,-0.0219609141,0.186424792,-0.167106912,0.9681534,0.0246293247,-0.00457060337,-0.0219609141,0.186424792,-0.167106912,0.9681534,0.0246293247,-0.00457060337,-0.0219609141,0.186424792,-0.167106912,0.9681534,NaN,NaN,NaN,NaN,0.343057066,-5.145063E-20,0.231713027,1.70806456,Plane,XR.DevicePose:Eye Tracking OpenXR
6.76188755,0.0246713161,-0.004503846,-0.0218541026,0.186819747,-0.16515407,0.9684124,0.0246713161,-0.004503846,-0.0218541026,0.186819747,-0.16515407,0.9684124,0.0246713161,-0.004503846,-0.0218541026,0.186819747,-0.16515407,0.9684124,NaN,NaN,NaN,NaN,0.34762302,-5.60007866E-20,0.2522051,1.72866535,Plane,XR.DevicePose:Eye Tracking OpenXR
6.77324438,0.0247199237,-0.00447464,-0.021746695,0.18701455,-0.164314657,0.968517542,0.0247199237,-0.00447464,-0.021746695,0.18701455,-0.164314657,0.968517542,0.0247199237,-0.00447464,-0.021746695,0.18701455,-0.164314657,0.968517542,NaN,NaN,NaN,NaN,0.349692523,-5.800322E-20,0.2612233,1.737674,Plane,XR.DevicePose:Eye Tracking OpenXR
6.78454447,0.0247198045,-0.00450348854,-0.0216798186,0.1876635,-0.164736181,0.9683204,0.0247198045,-0.00450348854,-0.0216798186,0.1876635,-0.164736181,0.9683204,0.0247198045,-0.00450348854,-0.0216798186,0.1876635,-0.164736181,0.9683204,NaN,NaN,NaN,NaN,0.34995693,-5.6948406E-20,0.2564728,1.73305261,Plane,XR.DevicePose:Eye Tracking OpenXR
6.79547834,0.0247095823,-0.004557848,-0.0215973258,0.187519863,-0.164523542,0.9683844,0.0247095823,-0.004557848,-0.0215973258,0.187519863,-0.164523542,0.9683844,0.0247095823,-0.004557848,-0.0215973258,0.187519863,-0.164523542,0.9683844,NaN,NaN,NaN,NaN,0.350043327,-5.739971E-20,0.2585053,1.73496234,Plane,XR.DevicePose:Eye Tracking OpenXR
6.806297,0.0246810317,-0.0046235323,-0.0215297937,0.187419072,-0.165848255,0.9681779,0.0246810317,-0.0046235323,-0.0215297937,0.187419072,-0.165848255,0.9681779,0.0246810317,-0.0046235323,-0.0215297937,0.187419072,-0.165848255,0.9681779,NaN,NaN,NaN,NaN,0.347175568,-5.42709839E-20,0.244414777,1.72070825,Plane,XR.DevicePose:Eye Tracking OpenXR
6.817614,0.0246276557,-0.004698992,-0.0214169621,0.186924443,-0.166324347,0.968191862,0.0246276557,-0.004698992,-0.0214169621,0.186924443,-0.166324347,0.968191862,0.0246276557,-0.004698992,-0.0214169621,0.186924443,-0.166324347,0.968191862,NaN,NaN,NaN,NaN,0.3452727,-5.314602E-20,0.239348382,1.71532893,Plane,XR.DevicePose:Eye Tracking OpenXR
6.82897329,0.02456662,-0.00480997562,-0.0213364959,0.186486423,-0.167313173,0.9681059,0.02456662,-0.00480997562,-0.0213364959,0.186486423,-0.167313173,0.9681059,0.02456662,-0.00480997562,-0.0213364959,0.186486423,-0.167313173,0.9681059,NaN,NaN,NaN,NaN,0.342440665,-5.08074139E-20,0.228816241,1.704528,Plane,XR.DevicePose:Eye Tracking OpenXR
6.8402195,0.0244805217,-0.004944563,-0.0212497711,0.185997248,-0.168593,0.967978,0.0244805217,-0.004944563,-0.0212497711,0.185997248,-0.168593,0.967978,0.0244805217,-0.004944563,-0.0212497711,0.185997248,-0.168593,0.967978,NaN,NaN,NaN,NaN,0.338967651,-4.78282422E-20,0.215399235,1.69079018,Plane,XR.DevicePose:Eye Tracking OpenXR
6.8514595,0.024453342,-0.00511539,-0.0211388469,0.185045913,-0.169289455,0.9680388,0.024453342,-0.00511539,-0.0211388469,0.185045913,-0.169289455,0.9680388,0.024453342,-0.00511539,-0.0211388469,0.185045913,-0.169289455,0.9680388,NaN,NaN,NaN,NaN,0.33585,-4.61632924E-20,0.207900971,1.68282533,Plane,XR.DevicePose:Eye Tracking OpenXR
6.86249447,0.0244178772,-0.005308628,-0.0210304856,0.1842312,-0.17096132,0.967900336,0.0244178772,-0.005308628,-0.0210304856,0.1842312,-0.17096132,0.967900336,0.0244178772,-0.005308628,-0.0210304856,0.1842312,-0.17096132,0.967900336,NaN,NaN,NaN,NaN,0.3312053,-4.235694E-20,0.19075869,1.66523838,Plane,XR.DevicePose:Eye Tracking OpenXR
6.8733716,0.0244110525,-0.00537955761,-0.0209897757,0.183118775,-0.17177932,0.9679666,0.0244110525,-0.00537955761,-0.0209897757,0.183118775,-0.17177932,0.9679666,0.0244110525,-0.00537955761,-0.0209897757,0.183118775,-0.17177932,0.9679666,NaN,NaN,NaN,NaN,0.327807069,-4.059273E-20,0.182813391,1.65689576,Plane,XR.DevicePose:Eye Tracking OpenXR
6.88479233,0.0243237913,-0.00566601753,-0.0209172368,0.181864426,-0.174097851,0.9677889,0.0243237913,-0.00566601753,-0.0209172368,0.181864426,-0.174097851,0.9677889,0.0243237913,-0.00566601753,-0.0209172368,0.181864426,-0.174097851,0.9677889,NaN,NaN,NaN,NaN,0.3213423,-3.544965E-20,0.159651026,1.63318479,Plane,XR.DevicePose:Eye Tracking OpenXR
6.89604855,0.024256587,-0.00587916374,-0.0208719969,0.180841029,-0.176234335,0.9675939,0.024256587,-0.00587916374,-0.0208719969,0.180841029,-0.176234335,0.9675939,0.024256587,-0.00587916374,-0.0208719969,0.180841029,-0.176234335,0.9675939,NaN,NaN,NaN,NaN,0.315804183,-3.08756731E-20,0.139051661,1.6121763,Plane,XR.DevicePose:Eye Tracking OpenXR
6.907073,0.0241886973,-0.00602757931,-0.0208346248,0.181106761,-0.176789418,0.9674429,0.0241886973,-0.00602757931,-0.0208346248,0.181106761,-0.176789418,0.9674429,0.0241886973,-0.00602757931,-0.0208346248,0.181106761,-0.176789418,0.9674429,NaN,NaN,NaN,NaN,0.3150952,-2.95627727E-20,0.13313888,1.60627484,Plane,XR.DevicePose:Eye Tracking OpenXR
6.91833,0.0241594911,-0.006092906,-0.0207811,0.180327266,-0.17695038,0.9675591,0.0241594911,-0.006092906,-0.0207811,0.180327266,-0.17695038,0.9675591,0.0241594911,-0.006092906,-0.0207811,0.180327266,-0.17695038,0.9675591,NaN,NaN,NaN,NaN,0.313479275,-2.92226334E-20,0.131607041,1.60444462,Plane,XR.DevicePose:Eye Tracking OpenXR
6.92960262,0.02412045,-0.006070614,-0.02072686,0.1793688,-0.177195176,0.967692435,0.02412045,-0.006070614,-0.02072686,0.1793688,-0.177195176,0.967692435,0.02412045,-0.006070614,-0.02072686,0.1793688,-0.177195176,0.967692435,NaN,NaN,NaN,NaN,0.311541,-2.88348538E-20,0.129860625,1.60235369,Plane,XR.DevicePose:Eye Tracking OpenXR
6.94051456,0.0240664184,-0.0060300827,-0.020688951,0.178987578,-0.176022992,0.9679769,0.0240664184,-0.0060300827,-0.020688951,0.178987578,-0.176022992,0.9679769,0.0240664184,-0.0060300827,-0.020688951,0.178987578,-0.176022992,0.9679769,NaN,NaN,NaN,NaN,0.312829018,-3.12859547E-20,0.1408994,1.61325443,Plane,XR.DevicePose:Eye Tracking OpenXR
6.951991,0.0239956677,-0.00600206852,-0.020614326,0.1764117,-0.176760614,0.968315363,0.0239956677,-0.00600206852,-0.020614326,0.1764117,-0.176760614,0.968315363,0.0239956677,-0.00600206852,-0.020614326,0.1764117,-0.176760614,0.968315363,NaN,NaN,NaN,NaN,0.307427078,-3.001011E-20,0.135153517,1.60668087,Plane,XR.DevicePose:Eye Tracking OpenXR
6.96320152,0.0238323212,-0.00599968433,-0.0205568671,0.175287083,-0.176538914,0.96856,0.0238323212,-0.00599968433,-0.0205568671,0.175287083,-0.176538914,0.96856,0.0238323212,-0.00599968433,-0.0205568671,0.175287083,-0.176538914,0.96856,NaN,NaN,NaN,NaN,0.30581215,-3.05500935E-20,0.137585387,1.60871208,Plane,XR.DevicePose:Eye Tracking OpenXR
6.974225,0.0237153769,-0.00602078438,-0.020537138,0.173919156,-0.1771188,0.9687007,0.0237153769,-0.00602078438,-0.020537138,0.173919156,-0.1771188,0.9687007,0.0237153769,-0.00602078438,-0.020537138,0.173919156,-0.1771188,0.9687007,NaN,NaN,NaN,NaN,0.302570552,-2.9446305E-20,0.132614359,1.60332608,Plane,XR.DevicePose:Eye Tracking OpenXR
6.98545647,0.02352947,-0.00606024265,-0.0205618739,0.172666788,-0.177971154,0.968768537,0.02352947,-0.00606024265,-0.0205618739,0.172666788,-0.177971154,0.968768537,0.02352947,-0.00606024265,-0.0205618739,0.172666788,-0.177971154,0.968768537,NaN,NaN,NaN,NaN,0.29900977,-2.77628277E-20,0.125032648,1.59542561,Plane,XR.DevicePose:Eye Tracking OpenXR
6.996075,0.0234836042,-0.006059289,-0.0205791,-0.3374582,0.0006410031,0.9413403,0.0234836042,-0.006059289,-0.0205791,-0.3374582,0.0006410031,0.9413403,0.0234836042,-0.006059289,-0.0205791,-0.3374582,0.0006410031,0.9413403,NaN,NaN,NaN,NaN,-6.230326,0.295819819,16.024435,18.5321026,Grass(Clone),XR.DevicePose:Eye Tracking OpenXR
7.00766945,0.0234505534,-0.006092429,-0.0206029415,-0.339931875,0.0008542194,0.940449655,0.0234505534,-0.006092429,-0.0206029415,-0.339931875,0.0008542194,0.940449655,0.0234505534,-0.006092429,-0.0206029415,-0.339931875,0.0008542194,0.940449655,NaN,NaN,NaN,NaN,-6.27613258,0.299738169,16.0077133,18.5318985,Grass(Clone),XR.DevicePose:Eye Tracking OpenXR
7.01843452,0.023427546,-0.00607848167,-0.0206235647,-0.3401989,-0.000778332469,0.940353155,0.023427546,-0.00607848167,-0.0206235647,-0.3401989,-0.000778332469,0.940353155,0.023427546,-0.00607848167,-0.0206235647,-0.3401989,-0.000778332469,0.940353155,NaN,NaN,NaN,NaN,-6.28032064,0.269499362,16.0037365,18.5295925,Grass(Clone),XR.DevicePose:Eye Tracking OpenXR
7.02979469,0.0234003663,-0.00606536865,-0.02063328,-0.339923769,-0.0004634172,0.9404529,0.0234003663,-0.00606536865,-0.02063328,-0.339923769,-0.0004634172,0.9404529,0.0234003663,-0.00606536865,-0.02063328,-0.339923769,-0.0004634172,0.9404529,NaN,NaN,NaN,NaN,-6.275413,0.275347322,16.00603,18.5300751,Grass(Clone),XR.DevicePose:Eye Tracking OpenXR
7.040723,0.02335444,-0.006026864,-0.0206464529,-0.339283854,0.0002391526,0.940684,0.02335444,-0.006026864,-0.0206464529,-0.339283854,0.0002391526,0.940684,0.02335444,-0.006026864,-0.0206464529,-0.339283854,0.0002391526,0.940684,NaN,NaN,NaN,NaN,-6.26397276,0.28840518,16.01133,18.5311718,Grass(Clone),XR.DevicePose:Eye Tracking OpenXR
7.05227232,0.0233071148,-0.00599229336,-0.02071035,-0.339945048,0.000697167,0.940445065,0.0233071148,-0.00599229336,-0.02071035,-0.339945048,0.000697167,0.940445065,0.0233071148,-0.00599229336,-0.02071035,-0.339945048,0.000697167,0.940445065,NaN,NaN,NaN,NaN,-6.276463,0.296927363,16.0073662,18.5317326,Grass(Clone),XR.DevicePose:Eye Tracking OpenXR
7.06300354,0.0232331753,-0.005947709,-0.02080065,-0.340331763,0.00111285236,0.940304756,0.0232331753,-0.005947709,-0.02080065,-0.340331763,0.00111285236,0.940304756,0.0232331753,-0.005947709,-0.02080065,-0.340331763,0.00111285236,0.940304756,NaN,NaN,NaN,NaN,-6.283901,0.304676026,16.00522,18.5323124,Grass(Clone),XR.DevicePose:Eye Tracking OpenXR
7.074094,0.02320683,-0.005920887,-0.0208567977,-0.340324879,0.00119913975,0.94030714,0.02320683,-0.005920887,-0.0208567977,-0.340324879,0.00119913975,0.94030714,0.02320683,-0.005920887,-0.0208567977,-0.340324879,0.00119913975,0.94030714,NaN,NaN,NaN,NaN,-6.28385735,0.306302249,16.0053673,18.53248,Grass(Clone),XR.DevicePose:Eye Tracking OpenXR
7.08574343,0.02311489,-0.0058811903,-0.020898819,-0.340949059,0.00116658618,0.94008106,0.02311489,-0.0058811903,-0.020898819,-0.340949059,0.00116658618,0.94008106,0.02311489,-0.0058811903,-0.020898819,-0.340949059,0.00116658618,0.94008106,NaN,NaN,NaN,NaN,-6.295469,0.3057383,16.0010033,18.53234,Grass(Clone),XR.DevicePose:Eye Tracking OpenXR
7.09625626,0.0230387747,-0.005877137,-0.0209294558,-0.341832042,0.00109083368,0.939760447,0.0230387747,-0.005877137,-0.0209294558,-0.341832042,0.00109083368,0.939760447,0.0230387747,-0.005877137,-0.0209294558,-0.341832042,0.00109083368,0.939760447,NaN,NaN,NaN,NaN,-6.31182766,0.304338276,15.9948072,18.5321,Grass(Clone),XR.DevicePose:Eye Tracking OpenXR
7.107813,0.0229396224,-0.005885482,-0.0209537745,-0.3428897,0.000892991433,0.9393753,0.0229396224,-0.005885482,-0.0209537745,-0.3428897,0.000892991433,0.9393753,0.0229396224,-0.005885482,-0.0209537745,-0.3428897,0.000892991433,0.9393753,NaN,NaN,NaN,NaN,-6.33138,0.3006628,15.9872417,18.5316715,Grass(Clone),XR.DevicePose:Eye Tracking OpenXR
7.119124,0.0228196084,-0.00588023663,-0.0209864974,-0.5456878,-0.02538919,0.837603867,0.0228196084,-0.00588023663,-0.0209864974,-0.5456878,-0.02538919,0.837603867,0.0228196084,-0.00588023663,-0.0209864974,-0.5456878,-0.02538919,0.837603867,NaN,NaN,NaN,NaN,-6.083742,-1.765764E-18,7.95229435,11.1905775,Plane,XR.DevicePose:Eye Tracking OpenXR
7.1299777,0.0226470232,-0.00586605072,-0.0210275054,-0.545733035,-0.0248298422,0.8375912,0.0226470232,-0.00586605072,-0.0210275054,-0.545733035,-0.0248298422,0.8375912,0.0226470232,-0.00586605072,-0.0210275054,-0.545733035,-0.0248298422,0.8375912,NaN,NaN,NaN,NaN,-6.222308,-1.812713E-18,8.16373348,11.443243,Plane,XR.DevicePose:Eye Tracking OpenXR
7.14107275,0.02254787,-0.00584352,-0.0210561752,-0.5471552,-0.0225788355,0.8367266,0.02254787,-0.00584352,-0.0210561752,-0.5471552,-0.0225788355,0.8367266,0.02254787,-0.00584352,-0.0210561752,-0.5471552,-0.0225788355,0.8367266,NaN,NaN,NaN,NaN,-6.86344337,-2.022653E-18,9.10922,12.5850811,Plane,XR.DevicePose:Eye Tracking OpenXR
7.152313,0.0225266516,-0.005810499,-0.0210623741,-0.5476183,-0.0241360664,0.836380064,0.0225266516,-0.005810499,-0.0210623741,-0.5476183,-0.0241360664,0.836380064,0.0225266516,-0.005810499,-0.0210623741,-0.5476183,-0.0241360664,0.836380064,NaN,NaN,NaN,NaN,-6.425391,-1.87114128E-18,8.426871,11.7744741,Plane,XR.DevicePose:Eye Tracking OpenXR
7.16332245,0.0225572288,-0.00576365,-0.021040976,-0.5467389,-0.0245636776,0.836942732,0.0225572288,-0.00576365,-0.021040976,-0.5467389,-0.0245636776,0.836942732,0.0225572288,-0.00576365,-0.021040976,-0.5467389,-0.0245636776,0.836942732,NaN,NaN,NaN,NaN,-6.303981,-1.83487933E-18,8.263562,11.5714064,Plane,XR.DevicePose:Eye Tracking OpenXR
7.17415667,0.0226516426,-0.00571203232,-0.0210080147,-0.5451338,-0.024305094,0.837996662,0.0226516426,-0.00571203232,-0.0210080147,-0.5451338,-0.024305094,0.837996662,0.0226516426,-0.00571203232,-0.0210080147,-0.5451338,-0.024305094,0.837996662,NaN,NaN,NaN,NaN,-6.35358238,-1.860898E-18,8.38074,11.69664,Plane,XR.DevicePose:Eye Tracking OpenXR
7.18561554,0.0226213932,-0.005686283,-0.02102673,-0.544543743,-0.0235120058,0.8384028,0.0226213932,-0.005686283,-0.02102673,-0.544543743,-0.0235120058,0.8384028,0.0226213932,-0.005686283,-0.02102673,-0.544543743,-0.0235120058,0.8384028,NaN,NaN,NaN,NaN,-6.56215239,-1.93559953E-18,8.717165,12.0922766,Plane,XR.DevicePose:Eye Tracking OpenXR
7.196508,0.0225830078,-0.005664587,-0.0210611224,-0.544590056,-0.0237769485,0.838365257,0.0225830078,-0.005664587,-0.0210611224,-0.544590056,-0.0237769485,0.838365257,0.0225830078,-0.005664587,-0.0210611224,-0.544590056,-0.0237769485,0.838365257,NaN,NaN,NaN,NaN,-6.48986769,-1.91057815E-18,8.604479,11.9584465,Plane,XR.DevicePose:Eye Tracking OpenXR
7.2080555,0.0224888921,-0.005687356,-0.0211017728,-0.5451349,-0.02272311,0.838040352,0.0224888921,-0.005687356,-0.0211017728,-0.5451349,-0.02272311,0.838040352,0.0224888921,-0.005687356,-0.0211017728,-0.5451349,-0.02272311,0.838040352,NaN,NaN,NaN,NaN,-6.79826355,-2.01272461E-18,9.064506,12.5120459,Plane,XR.DevicePose:Eye Tracking OpenXR
7.219058,0.0224106014,-0.00572478771,-0.0211516619,-0.544999361,-0.0226211231,0.838131249,0.0224106014,-0.00572478771,-0.0211516619,-0.544999361,-0.0226211231,0.838131249,0.0224106014,-0.00572478771,-0.0211516619,-0.544999361,-0.0226211231,0.838131249,NaN,NaN,NaN,NaN,-6.826488,-2.02315474E-18,9.111479,12.566802,Plane,XR.DevicePose:Eye Tracking OpenXR
7.23003674,0.022349,-0.00575423241,-0.0211892724,-0.544052,-0.02146283,0.838777,0.022349,-0.00575423241,-0.0211892724,-0.544052,-0.02146283,0.838777,0.022349,-0.00575423241,-0.0211892724,-0.544052,-0.02146283,0.838777,NaN,NaN,NaN,NaN,-7.18287325,-2.15100315E-18,9.687257,13.2436275,Plane,XR.DevicePose:Eye Tracking OpenXR
7.241551,0.0223615468,-0.005747676,-0.0212154388,-0.5433624,-0.0210529678,0.8392343,0.0223615468,-0.005747676,-0.0212154388,-0.5433624,-0.0210529678,0.8392343,0.0223615468,-0.005747676,-0.0212154388,-0.5433624,-0.0210529678,0.8392343,NaN,NaN,NaN,NaN,-7.313992,-2.20044581E-18,9.909927,13.5017691,Plane,XR.DevicePose:Eye Tracking OpenXR
7.25268173,0.0224158764,-0.00571239,-0.0212591887,-0.5424002,-0.02058881,0.839867949,0.0224158764,-0.00571239,-0.0212591887,-0.5424002,-0.02058881,0.839867949,0.0224158764,-0.00571239,-0.0212591887,-0.5424002,-0.02058881,0.839867949,NaN,NaN,NaN,NaN,-7.46697474,-2.25942151E-18,10.1755295,13.80787,Plane,XR.DevicePose:Eye Tracking OpenXR
7.26383352,0.0224719644,-0.00568950176,-0.021300137,-0.541341066,-0.02085483,0.8405444,0.0224719644,-0.00568950176,-0.021300137,-0.541341066,-0.02085483,0.8405444,0.0224719644,-0.00568950176,-0.021300137,-0.541341066,-0.02085483,0.8405444,NaN,NaN,NaN,NaN,-7.35754061,-2.22881727E-18,10.0377,13.6328354,Plane,XR.DevicePose:Eye Tracking OpenXR
7.274913,0.0224949121,-0.005687475,-0.02131188,-0.541227341,-0.0209203623,0.840616047,0.0224949121,-0.005687475,-0.02131188,-0.541227341,-0.0209203623,0.840616047,0.0224949121,-0.005687475,-0.02131188,-0.541227341,-0.0209203623,0.840616047,NaN,NaN,NaN,NaN,-7.33290768,-2.22107838E-18,10.0028477,13.5902271,Plane,XR.DevicePose:Eye Tracking OpenXR
7.286325,0.02251929,-0.005690694,-0.0213643312,-0.5413592,-0.02048593,0.84054184,0.02251929,-0.005690694,-0.0213643312,-0.5413592,-0.02048593,0.84054184,0.02251929,-0.005690694,-0.0213643312,-0.5413592,-0.02048593,0.84054184,NaN,NaN,NaN,NaN,-7.49060869,-2.27460441E-18,10.2439079,13.87827,Plane,XR.DevicePose:Eye Tracking OpenXR
7.2972455,0.0224588215,-0.00575268269,-0.021407485,-0.5409917,-0.0210889727,0.8407635,0.0224588215,-0.00575268269,-0.021407485,-0.5409917,-0.0210889727,0.8407635,0.0224588215,-0.00575268269,-0.021407485,-0.5409917,-0.0210889727,0.8407635,NaN,NaN,NaN,NaN,-7.269287,-2.20063937E-18,9.910799,13.4784794,Plane,XR.DevicePose:Eye Tracking OpenXR
7.30823565,0.0223770738,-0.005839467,-0.0214229822,-0.5412207,-0.0207445771,0.84062463,0.0223770738,-0.005839467,-0.0214229822,-0.5412207,-0.0207445771,0.84062463,0.0223770738,-0.005839467,-0.0214229822,-0.5412207,-0.0207445771,0.84062463,NaN,NaN,NaN,NaN,-7.391297,-2.24120989E-18,10.0935116,13.6980619,Plane,XR.DevicePose:Eye Tracking OpenXR
7.3195014,0.02233103,-0.00589263439,-0.021430552,-0.541191161,-0.0210626535,0.8406358,0.02233103,-0.00589263439,-0.021430552,-0.541191161,-0.0210626535,0.8406358,0.02233103,-0.00589263439,-0.021430552,-0.541191161,-0.0210626535,0.8406358,NaN,NaN,NaN,NaN,-7.27762127,-2.20215455E-18,9.917622,13.488678,Plane,XR.DevicePose:Eye Tracking OpenXR
7.330435,0.0222890675,-0.005914092,-0.0214259624,-0.541565835,-0.0212023463,0.840391,0.0222890675,-0.005914092,-0.0214259624,-0.541565835,-0.0212023463,0.840391,0.0222890675,-0.005914092,-0.0214259624,-0.541565835,-0.0212023463,0.840391,NaN,NaN,NaN,NaN,-7.23404,-2.18465369E-18,9.838805,13.3987932,Plane,XR.DevicePose:Eye Tracking OpenXR
7.34164,0.0222505927,-0.005905628,-0.0214099288,-0.5415045,-0.0212456845,0.840429366,0.0222505927,-0.005905628,-0.0214099288,-0.5415045,-0.0212456845,0.840429366,0.0222505927,-0.005905628,-0.0214099288,-0.5415045,-0.0212456845,0.840429366,NaN,NaN,NaN,NaN,-7.218672,-2.179744E-18,9.816694,13.3718605,Plane,XR.DevicePose:Eye Tracking OpenXR
7.352856,0.0222370625,-0.005884886,-0.0213603377,-0.5422655,-0.0211039484,0.839942157,0.0222370625,-0.005884886,-0.0213603377,-0.5422655,-0.0211039484,0.839942157,0.0222370625,-0.005884886,-0.0213603377,-0.5422655,-0.0211039484,0.839942157,NaN,NaN,NaN,NaN,-7.278094,-2.19524036E-18,9.886483,13.4626513,Plane,XR.DevicePose:Eye Tracking OpenXR
7.363717,0.0221668184,-0.00589478,-0.021312058,-0.5426922,-0.0212956239,0.839661658,0.0221668184,-0.00589478,-0.021312058,-0.5426922,-0.0212956239,0.839661658,0.0221668184,-0.00589478,-0.021312058,-0.5426922,-0.0212956239,0.839661658,NaN,NaN,NaN,NaN,-7.217896,-2.17173437E-18,9.78062248,13.341013,Plane,XR.DevicePose:Eye Tracking OpenXR
7.37489271,0.0220937133,-0.005940914,-0.0212699175,-0.543437,-0.0215347279,0.839173734,0.0220937133,-0.005940914,-0.0212699175,-0.543437,-0.0215347279,0.839173734,0.0220937133,-0.005940914,-0.0212699175,-0.543437,-0.0215347279,0.839173734,NaN,NaN,NaN,NaN,-7.14624357,-2.14229915E-18,9.648057,13.1907425,Plane,XR.DevicePose:Eye Tracking OpenXR
7.38609838,0.0219579041,-0.006011367,-0.0212284327,-0.54470855,-0.0222560279,0.83833003,0.0219579041,-0.006011367,-0.0212284327,-0.54470855,-0.0222560279,0.83833003,0.0219579041,-0.006011367,-0.0212284327,-0.54470855,-0.0222560279,0.83833003,NaN,NaN,NaN,NaN,-6.928564,-2.05966918E-18,9.275925,12.7600756,Plane,XR.DevicePose:Eye Tracking OpenXR
7.397325,0.0218153,-0.00607204437,-0.0211981535,-0.5452359,-0.0221186858,0.8379908,0.0218153,-0.00607204437,-0.0211981535,-0.5452359,-0.0221186858,0.8379908,0.0218153,-0.00607204437,-0.0211981535,-0.5452359,-0.0221186858,0.8379908,NaN,NaN,NaN,NaN,-6.97713947,-2.07294832E-18,9.335729,12.8365631,Plane,XR.DevicePose:Eye Tracking OpenXR
7.408237,0.021764338,-0.006098151,-0.02115953,-0.545837343,-0.02214976,0.8375983,0.021764338,-0.006098151,-0.02115953,-0.545837343,-0.02214976,0.8375983,0.021764338,-0.006098151,-0.02115953,-0.545837343,-0.02214976,0.8375983,NaN,NaN,NaN,NaN,-6.97443771,-2.06826731E-18,9.314648,12.8173761,Plane,XR.DevicePose:Eye Tracking OpenXR
7.419916,0.021768868,-0.006090641,-0.0210989118,-0.545455754,-0.0221113227,0.8378479,0.021768868,-0.006090641,-0.0210989118,-0.545455754,-0.0221113227,0.8378479,0.021768868,-0.006090641,-0.0210989118,-0.545455754,-0.0221113227,0.8378479,NaN,NaN,NaN,NaN,-6.98188162,-2.07320144E-18,9.336869,12.8399973,Plane,XR.DevicePose:Eye Tracking OpenXR
7.43049526,0.0217762589,-0.00609612465,-0.0210666656,-0.5456508,-0.0221497566,0.8377199,0.0217762589,-0.00609612465,-0.0210666656,-0.5456508,-0.0221497566,0.8377199,0.0217762589,-0.00609612465,-0.0210666656,-0.5456508,-0.0221497566,0.8377199,NaN,NaN,NaN,NaN,-6.97208548,-2.06865339E-18,9.316386,12.81747,Plane,XR.DevicePose:Eye Tracking OpenXR
7.44196,0.0218079984,-0.00610923767,-0.0209932327,-0.544816136,-0.0224656835,0.8382546,0.0218079984,-0.00610923767,-0.0209932327,-0.544816136,-0.0224656835,0.8382546,0.0218079984,-0.00610923767,-0.0209932327,-0.544816136,-0.0224656835,0.8382546,NaN,NaN,NaN,NaN,-6.86283541,-2.03653252E-18,9.171726,12.6366377,Plane,XR.DevicePose:Eye Tracking OpenXR
7.4530015,0.0218542516,-0.00616431236,-0.0208913088,-0.544212341,-0.0224483125,0.8386471,0.0218542516,-0.00616431236,-0.0208913088,-0.544212341,-0.0224483125,0.8386471,0.0218542516,-0.00616431236,-0.0208913088,-0.544212341,-0.0224483125,0.8386471,NaN,NaN,NaN,NaN,-6.85914755,-2.039023E-18,9.182942,12.6439638,Plane,XR.DevicePose:Eye Tracking OpenXR
7.46380663,0.0219159424,-0.00618553162,-0.0207982063,-0.543549836,-0.0225012526,0.839075267,0.0219159424,-0.00618553162,-0.0207982063,-0.543549836,-0.0225012526,0.839075267,0.0219159424,-0.00618553162,-0.0207982063,-0.543549836,-0.0225012526,0.839075267,NaN,NaN,NaN,NaN,-6.83402634,-2.03452516E-18,9.162686,12.6132727,Plane,XR.DevicePose:Eye Tracking OpenXR
7.47514057,0.0219662189,-0.00616371632,-0.0207049251,-0.543185055,-0.0224026963,0.839314044,0.0219662189,-0.00616371632,-0.0207049251,-0.543185055,-0.0224026963,0.839314044,0.0219662189,-0.00616371632,-0.0207049251,-0.543185055,-0.0224026963,0.839314044,NaN,NaN,NaN,NaN,-6.86004543,-2.04573615E-18,9.213177,12.6697369,Plane,XR.DevicePose:Eye Tracking OpenXR
7.486201,0.0220133662,-0.006107092,-0.0206441879,-0.5427526,-0.022052275,0.839603066,0.0220133662,-0.006107092,-0.0206441879,-0.5427526,-0.022052275,0.839603066,0.0220133662,-0.006107092,-0.0206441879,-0.5427526,-0.022052275,0.839603066,NaN,NaN,NaN,NaN,-6.96518326,-2.08457765E-18,9.388103,12.8736315,Plane,XR.DevicePose:Eye Tracking OpenXR
7.497247,0.0220922232,-0.0059479475,-0.0205506086,-0.541604936,-0.0210506562,0.8403695,0.0220922232,-0.0059479475,-0.0205506086,-0.541604936,-0.0210506562,0.8403695,0.0220922232,-0.0059479475,-0.0205506086,-0.541604936,-0.0210506562,0.8403695,NaN,NaN,NaN,NaN,-7.286183,-2.20249949E-18,9.919175,13.4937382,Plane,XR.DevicePose:Eye Tracking OpenXR
7.50862932,0.0221956074,-0.005730033,-0.0204908252,-0.540024936,-0.0197319128,0.84141773,0.0221956074,-0.005730033,-0.0204908252,-0.540024936,-0.0197319128,0.84141773,0.0221956074,-0.005730033,-0.0204908252,-0.540024936,-0.0197319128,0.84141773,NaN,NaN,NaN,NaN,-7.75773144,-2.37620762E-18,10.7014875,14.4066076,Plane,XR.DevicePose:Eye Tracking OpenXR
7.51978159,0.0223166943,-0.00549328327,-0.0204488635,-0.5386868,-0.0178437028,0.8423171,0.0223166943,-0.00549328327,-0.0204488635,-0.5386868,-0.0178437028,0.8423171,0.0223166943,-0.00549328327,-0.0204488635,-0.5386868,-0.0178437028,0.8423171,NaN,NaN,NaN,NaN,-8.566709,-2.66670725E-18,12.0097818,15.944375,Plane,XR.DevicePose:Eye Tracking OpenXR
7.53084326,0.0224039257,-0.005275488,-0.020412147,-0.537736237,-0.0161918476,0.8429576,0.0224039257,-0.005275488,-0.020412147,-0.537736237,-0.0161918476,0.8429576,0.0224039257,-0.005275488,-0.020412147,-0.537736237,-0.0161918476,0.8429576,NaN,NaN,NaN,NaN,-9.433384,-2.97595741E-18,13.40252,17.5844345,Plane,XR.DevicePose:Eye Tracking OpenXR
7.541856,0.0225771666,-0.004790306,-0.0203606486,0.06214544,-0.194495916,0.978932738,0.0225771666,-0.004790306,-0.0203606486,0.06214544,-0.194495916,0.978932738,0.0225771666,-0.004790306,-0.0203606486,0.06214544,-0.194495916,0.978932738,NaN,NaN,NaN,NaN,0.113701761,-3.36298538E-21,0.0151455384,1.46640444,Plane,XR.DevicePose:Eye Tracking OpenXR
7.553503,0.0227598548,-0.004252076,-0.0202865,0.0663009658,-0.1934088,0.978875458,0.0227598548,-0.004252076,-0.0202865,0.0663009658,-0.1934088,0.978875458,0.0227598548,-0.004252076,-0.0202865,0.0663009658,-0.1934088,0.978875458,NaN,NaN,NaN,NaN,0.120719805,-5.75850023E-21,0.0259339772,1.47742951,Plane,XR.DevicePose:Eye Tracking OpenXR
7.56418562,0.0230210423,-0.00347435474,-0.020216465,0.0697308257,-0.185141683,0.980234742,0.0230210423,-0.00347435474,-0.020216465,0.0697308257,-0.185141683,0.980234742,0.0230210423,-0.00347435474,-0.020216465,0.0697308257,-0.185141683,0.980234742,NaN,NaN,NaN,NaN,0.130939782,-2.149346E-20,0.0967979357,1.5476017,Plane,XR.DevicePose:Eye Tracking OpenXR
7.57533169,0.0233281553,-0.00256347656,-0.0201761723,0.07330093,-0.177627936,0.981364,0.0233281553,-0.00256347656,-0.0201761723,0.07330093,-0.177627936,0.981364,0.0233281553,-0.00256347656,-0.0201761723,0.07330093,-0.177627936,0.981364,NaN,NaN,NaN,NaN,0.141941547,-3.72720928E-20,0.167858586,1.6181941,Plane,XR.DevicePose:Eye Tracking OpenXR
7.58612728,0.02373764,-0.00137019157,-0.02025628,0.07773414,-0.166102514,0.983039856,0.02373764,-0.00137019157,-0.02025628,0.07773414,-0.166102514,0.983039856,0.02373764,-0.00137019157,-0.02025628,0.07773414,-0.166102514,0.983039856,NaN,NaN,NaN,NaN,0.15881218,-6.39351E-20,0.2879381,1.73766053,Plane,XR.DevicePose:Eye Tracking OpenXR
7.59731,0.02413866,-0.0002799034,-0.0203455091,0.07950883,-0.16033347,0.9838554,0.02413866,-0.0002799034,-0.0203455091,0.07950883,-0.16033347,0.9838554,0.02413866,-0.0002799034,-0.0203455091,0.07950883,-0.16033347,0.9838554,NaN,NaN,NaN,NaN,0.16780974,-7.93736E-20,0.3574669,1.80698419,Plane,XR.DevicePose:Eye Tracking OpenXR
7.608839,0.0246168077,0.00108754635,-0.0205290914,0.08678987,-0.148970887,0.985025465,0.0246168077,0.00108754635,-0.0205290914,0.08678987,-0.148970887,0.985025465,0.0246168077,0.00108754635,-0.0205290914,0.08678987,-0.148970887,0.985025465,NaN,NaN,NaN,NaN,0.194203347,-1.11956569E-19,0.504207551,1.95398927,Plane,XR.DevicePose:Eye Tracking OpenXR
7.620269,0.0252385437,0.00278508663,-0.0208525062,0.09364185,-0.132081375,0.9868058,0.0252385437,0.00278508663,-0.0208525062,0.09364185,-0.132081375,0.9868058,0.0252385437,0.00278508663,-0.0208525062,0.09364185,-0.132081375,0.9868058,NaN,NaN,NaN,NaN,0.23280105,-1.702192E-19,0.766599059,2.216702,Plane,XR.DevicePose:Eye Tracking OpenXR
7.63089943,0.0258818865,0.004540801,-0.0212850571,0.101517051,-0.11394076,0.9882873,0.0258818865,0.004540801,-0.0212850571,0.101517051,-0.11394076,0.9882873,0.0258818865,0.004540801,-0.0212850571,0.101517051,-0.11394076,0.9882873,NaN,NaN,NaN,NaN,0.288299352,-2.51679938E-19,1.13346565,2.58503437,Plane,XR.DevicePose:Eye Tracking OpenXR
7.642353,0.0266296864,0.00650215149,-0.0218263268,0.106210262,-0.10357967,0.9889341,0.0266296864,0.00650215149,-0.0218263268,0.106210262,-0.10357967,0.9889341,0.0266296864,0.00650215149,-0.0218263268,0.106210262,-0.10357967,0.9889341,NaN,NaN,NaN,NaN,0.330657959,-3.12871451E-19,1.40904772,2.86255145,Plane,XR.DevicePose:Eye Tracking OpenXR
7.65333176,0.0274530649,0.008495808,-0.0225747824,0.115620069,-0.0823326558,0.989875436,0.0274530649,0.008495808,-0.0225747824,0.115620069,-0.0823326558,0.989875436,0.0274530649,0.008495808,-0.0225747824,0.115620069,-0.0823326558,0.989875436,NaN,NaN,NaN,NaN,0.446620345,-4.809916E-19,2.16619349,3.6254847,Plane,XR.DevicePose:Eye Tracking OpenXR
7.66738558,0.0286105573,0.0111724138,-0.0236362219,0.1269935,-0.0571376458,0.9902565,0.0286105573,0.0111724138,-0.0236362219,0.1269935,-0.0571376458,0.9902565,0.0286105573,0.0111724138,-0.0236362219,0.1269935,-0.0571376458,0.9902565,NaN,NaN,NaN,NaN,0.697997153,-8.42883758E-19,3.79601073,5.27099752,Plane,XR.DevicePose:Eye Tracking OpenXR
7.676089,0.0295481682,0.0132044554,-0.0246316791,0.137748212,-0.03395243,0.989885151,0.0295481682,0.0132044554,-0.0246316791,0.137748212,-0.03395243,0.989885151,0.0295481682,0.0132044554,-0.0246316791,0.137748212,-0.03395243,0.989885151,NaN,NaN,NaN,NaN,1.25966549,-1.64653E-18,7.415312,8.930272,Plane,XR.DevicePose:Eye Tracking OpenXR
7.689069,0.0306841135,0.015440464,-0.02594912,0.243688643,0.14066571,0.959598362,0.0306841135,0.015440464,-0.02594912,0.243688643,0.14066571,0.959598362,0.0306841135,0.015440464,-0.02594912,0.243688643,0.14066571,0.959598362,NaN,NaN,NaN,NaN,4.63957357,2.96585679,16.7229576,18.9130249,Grass(Clone),XR.DevicePose:Eye Tracking OpenXR
7.698239,0.03164777,0.0173170567,-0.0273489952,0.2531419,0.159353256,0.9542147,0.03164777,0.0173170567,-0.0273489952,0.2531419,0.159353256,0.9542147,0.03164777,0.0173170567,-0.0273489952,0.2531419,0.159353256,0.9542147,NaN,NaN,NaN,NaN,4.839647,3.33396029,16.6963329,18.9932957,Grass(Clone),XR.DevicePose:Eye Tracking OpenXR
7.709409,0.0323472619,0.0186172724,-0.02849412,0.256302238,0.16415298,0.952556,0.0323472619,0.0186172724,-0.02849412,0.256302238,0.16415298,0.952556,0.0323472619,0.0186172724,-0.02849412,0.256302238,0.16415298,0.952556,NaN,NaN,NaN,NaN,4.90617371,3.430139,16.6852474,19.0159321,Grass(Clone),XR.DevicePose:Eye Tracking OpenXR
7.72081757,0.0333025455,0.0203217268,-0.0304023027,0.2660645,0.182017148,0.946614742,0.0333025455,0.0203217268,-0.0304023027,0.2660645,0.182017148,0.946614742,0.0333025455,0.0203217268,-0.0304023027,0.2660645,0.182017148,0.946614742,NaN,NaN,NaN,NaN,5.116387,3.78770614,16.654398,19.1047077,Grass(Clone),XR.DevicePose:Eye Tracking OpenXR
7.7318306,0.03406942,0.02173829,-0.0322167873,0.274323046,0.198579311,0.9409108,0.03406942,0.02173829,-0.0322167873,0.274323046,0.198579311,0.9409108,0.03406942,0.02173829,-0.0322167873,0.274323046,0.198579311,0.9409108,NaN,NaN,NaN,NaN,5.299918,4.123625,16.6293125,19.1957912,Grass(Clone),XR.DevicePose:Eye Tracking OpenXR
7.74365854,0.034640938,0.0229913,-0.03383857,0.282096624,0.215315625,0.934912145,0.034640938,0.0229913,-0.03383857,0.282096624,0.215315625,0.934912145,0.034640938,0.0229913,-0.03383857,0.282096624,0.215315625,0.934912145,NaN,NaN,NaN,NaN,5.477535,4.46738434,16.6047611,19.2944317,Grass(Clone),XR.DevicePose:Eye Tracking OpenXR
7.7545,0.0351823568,0.024140954,-0.0353406668,0.279774636,0.211745784,0.936423957,0.0351823568,0.024140954,-0.0353406668,0.279774636,0.211745784,0.936423957,0.0351823568,0.024140954,-0.0353406668,0.279774636,0.211745784,0.936423957,NaN,NaN,NaN,NaN,5.42798948,4.395655,16.6147366,19.27554,Grass(Clone),XR.DevicePose:Eye Tracking OpenXR
7.76557541,0.0357136726,0.025198698,-0.0368093252,0.190164477,-0.250592649,0.9492317,0.0357136726,0.025198698,-0.0368093252,0.190164477,-0.250592649,0.9492317,0.0357136726,0.025198698,-0.0368093252,0.190164477,-0.250592649,0.9492317,NaN,NaN,NaN,NaN,0.2749085,5.39242725E-20,-0.242853329,1.2578131,Plane,XR.DevicePose:Eye Tracking OpenXR
7.77765131,0.0364913642,0.0264111757,-0.0386018753,0.17206201,-0.273139417,0.946461558,0.0364913642,0.0264111757,-0.0386018753,0.17206201,-0.273139417,0.946461558,0.0364913642,0.0264111757,-0.0386018753,0.17206201,-0.273139417,0.946461558,NaN,NaN,NaN,NaN,0.235813826,7.598331E-20,-0.342198431,1.15842366,Plane,XR.DevicePose:Eye Tracking OpenXR
7.78783751,0.0369980633,0.0271151066,-0.0397615433,0.18110849,-0.2556752,0.949647248,0.0369980633,0.0271151066,-0.0397615433,0.18110849,-0.2556752,0.949647248,0.0369980633,0.0271151066,-0.0397615433,0.18110849,-0.2556752,0.949647248,NaN,NaN,NaN,NaN,0.2616286,5.81556438E-20,-0.261909753,1.24030447,Plane,XR.DevicePose:Eye Tracking OpenXR
7.79871035,0.03758186,0.0278258324,-0.0410138965,0.186656743,-0.246568069,0.950980246,0.03758186,0.0278258324,-0.0410138965,0.186656743,-0.246568069,0.950980246,0.03758186,0.0278258324,-0.0410138965,0.186656743,-0.246568069,0.950980246,NaN,NaN,NaN,NaN,0.278186768,4.77844468E-20,-0.215202,1.28899837,Plane,XR.DevicePose:Eye Tracking OpenXR
7.80946445,0.0382795334,0.02847445,-0.04239756,0.186088,-0.249602333,0.9502999,0.0382795334,0.02847445,-0.04239756,0.186088,-0.249602333,0.9502999,0.0382795334,0.02847445,-0.04239756,0.186088,-0.249602333,0.9502999,NaN,NaN,NaN,NaN,0.275707215,5.104452E-20,-0.229884073,1.27592731,Plane,XR.DevicePose:Eye Tracking OpenXR
7.82081461,0.038923502,0.0289736986,-0.0436818,0.180797279,-0.203218043,0.9622966,0.038923502,0.0289736986,-0.0436818,0.180797279,-0.203218043,0.9622966,0.038923502,0.0289736986,-0.0436818,0.180797279,-0.203218043,0.9622966,NaN,NaN,NaN,NaN,0.322704047,-1.48244E-20,0.0667631552,1.56961286,Plane,XR.DevicePose:Eye Tracking OpenXR
7.83169746,0.0395022631,0.0293930769,-0.04484397,0.187743083,-0.194009408,0.962867,0.0395022631,0.0293930769,-0.04484397,0.187743083,-0.194009408,0.962867,0.0395022631,0.0293930769,-0.04484397,0.187743083,-0.194009408,0.962867,NaN,NaN,NaN,NaN,0.3485774,-3.11536058E-20,0.140303358,1.646276,Plane,XR.DevicePose:Eye Tracking OpenXR
7.842643,0.0399753749,0.02962625,-0.0456649661,0.180583522,-0.213310853,0.96015,0.0399753749,0.02962625,-0.0456649661,0.180583522,-0.213310853,0.96015,0.0399753749,0.02962625,-0.0456649661,0.180583522,-0.213310853,0.96015,NaN,NaN,NaN,NaN,0.310564,1.5477454E-21,-0.0069704256,1.498406,Plane,XR.DevicePose:Eye Tracking OpenXR
7.854309,0.04062301,0.0299631357,-0.0468722,0.186441913,-0.208573788,0.960071,0.04062301,0.0299631357,-0.0468722,0.186441913,-0.208573788,0.960071,0.04062301,0.0299631357,-0.0468722,0.186441913,-0.208573788,0.960071,NaN,NaN,NaN,NaN,0.326635659,-5.75850023E-21,0.0259339772,1.53405237,Plane,XR.DevicePose:Eye Tracking OpenXR
7.86454868,0.04115638,0.0302037,-0.04791081,0.183640748,-0.217202067,0.958696663,0.04115638,0.0302037,-0.04791081,0.183640748,-0.217202067,0.958696663,0.04115638,0.0302037,-0.04791081,0.183640748,-0.217202067,0.958696663,NaN,NaN,NaN,NaN,0.311887234,7.678457E-21,-0.0345806964,1.47422028,Plane,XR.DevicePose:Eye Tracking OpenXR
7.8758316,0.04155487,0.0303586721,-0.0487266779,0.14916496,-0.2829118,0.94747597,0.04155487,0.0303586721,-0.0487266779,0.14916496,-0.2829118,0.94747597,0.04155487,0.0303586721,-0.0487266779,0.14916496,-0.2829118,0.94747597,NaN,NaN,NaN,NaN,0.21045801,8.345337E-20,-0.375840575,1.13236237,Plane,XR.DevicePose:Eye Tracking OpenXR
7.88696432,0.0419945419,0.03053701,-0.04953146,0.15627557,-0.281928241,0.94662267,0.0419945419,0.03053701,-0.04953146,0.15627557,-0.281928241,0.94662267,0.0419945419,0.03053701,-0.04953146,0.15627557,-0.281928241,0.94662267,NaN,NaN,NaN,NaN,0.219672889,8.288332E-20,-0.3732733,1.13694537,Plane,XR.DevicePose:Eye Tracking OpenXR
7.897793,0.04230538,0.0305918455,-0.0500645638,0.154019579,-0.286593735,0.945590854,0.04230538,0.0305918455,-0.0500645638,0.154019579,-0.286593735,0.945590854,0.04230538,0.0305918455,-0.0500645638,0.154019579,-0.286593735,0.945590854,NaN,NaN,NaN,NaN,0.214588612,8.71080832E-20,-0.39229995,1.11862826,Plane,XR.DevicePose:Eye Tracking OpenXR
7.90906334,0.04283333,0.0307990313,-0.0508377552,0.1535323,-0.271019667,0.950250566,0.04283333,0.0307990313,-0.0508377552,0.1535323,-0.271019667,0.950250566,0.04283333,0.0307990313,-0.0508377552,0.1535323,-0.271019667,0.950250566,NaN,NaN,NaN,NaN,0.224560469,7.239777E-20,-0.32605055,1.18367434,Plane,XR.DevicePose:Eye Tracking OpenXR
7.920799,0.04326406,0.0310165882,-0.05145812,0.1524339,-0.274816215,0.9493366,0.04326406,0.0310165882,-0.05145812,0.1524339,-0.274816215,0.9493366,0.04326406,0.0310165882,-0.05145812,0.1524339,-0.274816215,0.9493366,NaN,NaN,NaN,NaN,0.2213299,7.60558258E-20,-0.342525,1.16811371,Plane,XR.DevicePose:Eye Tracking OpenXR
7.931797,0.0434429049,0.0310535431,-0.0517197251,0.155924439,-0.2541471,0.9545139,0.0434429049,0.0310535431,-0.0517197251,0.155924439,-0.2541471,0.9545139,0.0434429049,0.0310535431,-0.0517197251,0.155924439,-0.2541471,0.9545139,NaN,NaN,NaN,NaN,0.240427226,5.46056044E-20,-0.245921776,1.26325858,Plane,XR.DevicePose:Eye Tracking OpenXR
7.94266033,0.0438458622,0.0311448574,-0.0524175167,0.1495778,-0.271898985,0.95063,0.0438458622,0.0311448574,-0.0524175167,0.1495778,-0.271898985,0.95063,0.0438458622,0.0311448574,-0.0524175167,0.1495778,-0.271898985,0.95063,NaN,NaN,NaN,NaN,0.220507354,7.318836E-20,-0.329611063,1.18111825,Plane,XR.DevicePose:Eye Tracking OpenXR
7.953819,0.0439527035,0.0310717821,-0.0526843071,0.144297287,-0.271056652,0.9516862,0.0439527035,0.0310717821,-0.0526843071,0.144297287,-0.271056652,0.9516862,0.0439527035,0.0310717821,-0.0526843071,0.144297287,-0.271056652,0.9516862,NaN,NaN,NaN,NaN,0.214880675,7.225193E-20,-0.325393766,1.184519,Plane,XR.DevicePose:Eye Tracking OpenXR
7.964828,0.04398477,0.03102827,-0.052964747,0.140936583,-0.275527656,0.950905561,0.04398477,0.03102827,-0.052964747,0.140936583,-0.275527656,0.950905561,0.04398477,0.03102827,-0.052964747,0.140936583,-0.275527656,0.950905561,NaN,NaN,NaN,NaN,0.208187073,7.661136E-20,-0.3450269,1.16513991,Plane,XR.DevicePose:Eye Tracking OpenXR
7.976237,0.0439561,0.0309385061,-0.0532065034,0.16211541,-0.259906262,0.9519282,0.0439561,0.0309385061,-0.0532065034,0.16211541,-0.259906262,0.9519282,0.0439561,0.0309385061,-0.0532065034,0.16211541,-0.259906262,0.9519282,NaN,NaN,NaN,NaN,0.244152516,6.167126E-20,-0.277742684,1.23482406,Plane,XR.DevicePose:Eye Tracking OpenXR
7.98714924,0.04382646,0.0308605433,-0.05333036,0.158571362,-0.263638675,0.9514987,0.04382646,0.0308605433,-0.05333036,0.158571362,-0.263638675,0.9514987,0.04382646,0.0308605433,-0.05333036,0.158571362,-0.263638675,0.9514987,NaN,NaN,NaN,NaN,0.236815184,6.55724942E-20,-0.295312256,1.2170465,Plane,XR.DevicePose:Eye Tracking OpenXR
7.99855757,0.0437486768,0.0308371782,-0.0533601046,0.156749,-0.265464723,0.951292932,0.0437486768,0.0308371782,-0.0533601046,0.156749,-0.265464723,0.951292932,0.0437486768,0.0308371782,-0.0533601046,0.156749,-0.265464723,0.951292932,NaN,NaN,NaN,NaN,0.233203143,6.742164E-20,-0.303640068,1.20858681,Plane,XR.DevicePose:Eye Tracking OpenXR
8.009745,0.0436254442,0.0308961868,-0.0534515977,0.167928338,-0.269929856,0.9481234,0.0436254442,0.0308961868,-0.0534515977,0.167928338,-0.269929856,0.9481234,0.0436254442,0.0308961868,-0.0534515977,0.167928338,-0.269929856,0.9481234,NaN,NaN,NaN,NaN,0.243252486,7.245539E-20,-0.326310068,1.18881321,Plane,XR.DevicePose:Eye Tracking OpenXR
8.020564,0.04362926,0.0310635567,-0.053563416,0.166323677,-0.2733945,0.947413266,0.04362926,0.0310635567,-0.053563416,0.166323677,-0.2733945,0.947413266,0.04362926,0.0310635567,-0.053563416,0.166323677,-0.2733945,0.947413266,NaN,NaN,NaN,NaN,0.238960952,7.5708145E-20,-0.340959162,1.17435992,Plane,XR.DevicePose:Eye Tracking OpenXR
8.031574,0.04363355,0.0310896635,-0.0535724759,0.166154578,-0.273487449,0.9474161,0.04363355,0.0310896635,-0.0535724759,0.166154578,-0.273487449,0.9474161,0.04363355,0.0310896635,-0.0535724759,0.166154578,-0.273487449,0.9474161,NaN,NaN,NaN,NaN,0.238710612,7.577333E-20,-0.3412527,1.17405617,Plane,XR.DevicePose:Eye Tracking OpenXR
8.057373,0.0439656377,0.0312565565,-0.05383283,0.183662325,-0.258689463,0.9483396,0.0439656377,0.0312565565,-0.05383283,0.183662325,-0.258689463,0.9483396,0.0439656377,0.0312565565,-0.05383283,0.183662325,-0.258689463,0.9483396,NaN,NaN,NaN,NaN,0.2720475,6.131238E-20,-0.2761264,1.2418617,Plane,XR.DevicePose:Eye Tracking OpenXR
8.065841,0.0441497862,0.0312296152,-0.05390948,0.1865969,-0.258457363,0.947829843,0.0441497862,0.0312296152,-0.05390948,0.1865969,-0.258457363,0.947829843,0.0441497862,0.0312296152,-0.05390948,0.1865969,-0.258457363,0.947829843,NaN,NaN,NaN,NaN,0.2760708,6.12571446E-20,-0.275877655,1.24287271,Plane,XR.DevicePose:Eye Tracking OpenXR
8.077156,0.0443162322,0.031180501,-0.0539782643,0.1863468,-0.260582656,0.947297,0.0443162322,0.031180501,-0.0539782643,0.1863468,-0.260582656,0.947297,0.0443162322,0.031180501,-0.0539782643,0.1863468,-0.260582656,0.947297,NaN,NaN,NaN,NaN,0.273996562,6.359132E-20,-0.286389828,1.2325474,Plane,XR.DevicePose:Eye Tracking OpenXR
8.08785248,0.0444588959,0.0311464071,-0.0540735126,0.237648487,-0.245642021,0.939778268,0.0444588959,0.0311464071,-0.0540735126,0.237648487,-0.245642021,0.939778268,0.0444588959,0.0311464071,-0.0540735126,0.237648487,-0.245642021,0.939778268,NaN,NaN,NaN,NaN,0.3551483,5.005559E-20,-0.225430325,1.30737579,Plane,XR.DevicePose:Eye Tracking OpenXR
8.098761,0.0445874035,0.0311032534,-0.0541455746,0.236385986,-0.246844783,0.939781547,0.0445874035,0.0311032534,-0.0541455746,0.236385986,-0.246844783,0.939781547,0.0445874035,0.0311032534,-0.0541455746,0.236385986,-0.246844783,0.939781547,NaN,NaN,NaN,NaN,0.352090567,5.14364331E-20,-0.2316491,1.30083048,Plane,XR.DevicePose:Eye Tracking OpenXR
8.110328,0.0447309,0.0310908556,-0.05419135,0.239608988,-0.245735,0.939256,0.0447309,0.0310908556,-0.05419135,0.239608988,-0.245735,0.939256,0.0447309,0.0310908556,-0.05419135,0.239608988,-0.245735,0.939256,NaN,NaN,NaN,NaN,0.3578126,5.03836874E-20,-0.226907939,1.30665493,Plane,XR.DevicePose:Eye Tracking OpenXR
8.121459,0.04487741,0.031114459,-0.0542221665,0.22831735,-0.252855957,0.9401782,0.04487741,0.031114459,-0.0542221665,0.22831735,-0.252855957,0.9401782,0.04487741,0.031114459,-0.0542221665,0.22831735,-0.252855957,0.9401782,NaN,NaN,NaN,NaN,0.3348231,5.77855451E-20,-0.260242969,1.26995015,Plane,XR.DevicePose:Eye Tracking OpenXR
8.133186,0.0449865162,0.0311406851,-0.0542524457,0.226855889,-0.252995819,0.9404943,0.0449865162,0.0311406851,-0.0542524457,0.226855889,-0.252995819,0.9404943,0.0449865162,0.0311406851,-0.0542524457,0.226855889,-0.252995819,0.9404943,NaN,NaN,NaN,NaN,0.3329396,5.782807E-20,-0.260434449,1.26935172,Plane,XR.DevicePose:Eye Tracking OpenXR
8.143473,0.045057267,0.031185627,-0.05426866,0.224266,-0.25542888,0.9404578,0.045057267,0.031185627,-0.05426866,0.224266,-0.25542888,0.9404578,0.045057267,0.031185627,-0.05426866,0.224266,-0.25542888,0.9404578,NaN,NaN,NaN,NaN,0.327056617,6.033011E-20,-0.271702647,1.25743651,Plane,XR.DevicePose:Eye Tracking OpenXR
8.154847,0.0450759232,0.031218648,-0.05423397,0.220857337,-0.252961576,0.9419302,0.0450759232,0.031218648,-0.05423397,0.220857337,-0.252961576,0.9419302,0.0450759232,0.031218648,-0.05423397,0.220857337,-0.252961576,0.9419302,NaN,NaN,NaN,NaN,0.325530738,5.73188149E-20,-0.258141,1.26983166,Plane,XR.DevicePose:Eye Tracking OpenXR
8.166188,0.0450397432,0.0312829,-0.0541820526,0.22123529,-0.2521662,0.942054749,0.0450397432,0.0312829,-0.0541820526,0.22123529,-0.2521662,0.942054749,0.0450397432,0.0312829,-0.0541820526,0.22123529,-0.2521662,0.942054749,NaN,NaN,NaN,NaN,0.326913565,5.638107E-20,-0.253917783,1.27409172,Plane,XR.DevicePose:Eye Tracking OpenXR
8.17769,0.044972688,0.0313353539,-0.0541168451,0.220424682,-0.2515251,0.9424161,0.044972688,0.0313353539,-0.0541168451,0.220424682,-0.2515251,0.9424161,0.044972688,0.0313353539,-0.0541168451,0.220424682,-0.2515251,0.9424161,NaN,NaN,NaN,NaN,0.326567858,5.55412E-20,-0.2501353,1.27754784,Plane,XR.DevicePose:Eye Tracking OpenXR
8.188113,0.0449382067,0.0314059258,-0.05410087,0.186243027,-0.257799476,0.9480786,0.0449382067,0.0314059258,-0.05410087,0.186243027,-0.257799476,0.9480786,0.0449382067,0.0314059258,-0.05410087,0.186243027,-0.257799476,0.9480786,NaN,NaN,NaN,NaN,0.2771258,6.041936E-20,-0.272104621,1.24672842,Plane,XR.DevicePose:Eye Tracking OpenXR
8.199239,0.04486233,0.0314691067,-0.054104805,0.183691576,-0.257613152,0.9486268,0.04486233,0.0314691067,-0.054104805,0.183691576,-0.257613152,0.9486268,0.04486233,0.0314691067,-0.054104805,0.183691576,-0.257613152,0.9486268,NaN,NaN,NaN,NaN,0.274074048,6.00268362E-20,-0.270336837,1.24787545,Plane,XR.DevicePose:Eye Tracking OpenXR
8.210855,0.0447752774,0.03153038,-0.0540925264,0.180917144,-0.2636487,0.9475011,0.0447752774,0.03153038,-0.0540925264,0.180917144,-0.2636487,0.9475011,0.0447752774,0.03153038,-0.0540925264,0.180917144,-0.2636487,0.9475011,NaN,NaN,NaN,NaN,0.2654135,6.62971949E-20,-0.298576027,1.21954083,Plane,XR.DevicePose:Eye Tracking OpenXR
8.221624,0.04470074,0.03156948,-0.0540702343,0.178534329,-0.264924884,0.947597146,0.04470074,0.03156948,-0.0540702343,0.178534329,-0.264924884,0.947597146,0.04470074,0.03156948,-0.0540702343,0.178534329,-0.264924884,0.947597146,NaN,NaN,NaN,NaN,0.2614021,6.7471326E-20,-0.303863853,1.21381378,Plane,XR.DevicePose:Eye Tracking OpenXR
8.232415,0.0445103347,0.03171146,-0.0540140867,0.176143438,-0.264023364,0.948295951,0.0445103347,0.03171146,-0.0540140867,0.176143438,-0.264023364,0.948295951,0.0445103347,0.03171146,-0.0540140867,0.176143438,-0.264023364,0.948295951,NaN,NaN,NaN,NaN,0.259143084,6.628456E-20,-0.298519135,1.21849608,Plane,XR.DevicePose:Eye Tracking OpenXR
8.243678,0.04433033,0.0318750143,-0.0539467931,0.173669,-0.2629348,0.9490545,0.04433033,0.0318750143,-0.0539467931,0.173669,-0.2629348,0.9490545,0.04433033,0.0318750143,-0.0539467931,0.173669,-0.2629348,0.9490545,NaN,NaN,NaN,NaN,0.256931752,6.4870276E-20,-0.292149752,1.22416282,Plane,XR.DevicePose:Eye Tracking OpenXR
8.255053,0.04413593,0.0320273638,-0.053855896,0.171068192,-0.2618891,0.949815631,0.04413593,0.0320273638,-0.053855896,0.171068192,-0.2618891,0.949815631,0.04413593,0.0320273638,-0.053855896,0.171068192,-0.2618891,0.949815631,NaN,NaN,NaN,NaN,0.254493922,6.348959E-20,-0.285931677,1.2296325,Plane,XR.DevicePose:Eye Tracking OpenXR
8.266206,0.0439785719,0.0321699381,-0.05377674,0.169579953,-0.262132227,0.9500154,0.0439785719,0.0321699381,-0.05377674,0.169579953,-0.262132227,0.9500154,0.0439785719,0.0321699381,-0.05377674,0.169579953,-0.262132227,0.9500154,NaN,NaN,NaN,NaN,0.252395838,6.354328E-20,-0.286173463,1.22903585,Plane,XR.DevicePose:Eye Tracking OpenXR
8.27695751,0.0438696742,0.03223729,-0.05368954,0.130667031,-0.2680448,0.954504132,0.0438696742,0.03223729,-0.05368954,0.130667031,-0.2680448,0.954504132,0.0438696742,0.03223729,-0.05368954,0.130667031,-0.2680448,0.954504132,NaN,NaN,NaN,NaN,0.200962991,6.79915451E-20,-0.306206673,1.20217681,Plane,XR.DevicePose:Eye Tracking OpenXR
8.288528,0.04379353,0.03228724,-0.05358082,0.12798585,-0.2662363,0.955373168,0.04379353,0.03228724,-0.05358082,0.12798585,-0.2662363,0.955373168,0.04379353,0.03228724,-0.05358082,0.12798585,-0.2662363,0.955373168,NaN,NaN,NaN,NaN,0.198721856,6.59632853E-20,-0.297072232,1.21053088,Plane,XR.DevicePose:Eye Tracking OpenXR
8.300143,0.04375699,0.0322654247,-0.0534971952,0.128309742,-0.267305017,0.9550312,0.04375699,0.0322654247,-0.0534971952,0.128309742,-0.267305017,0.9550312,0.04375699,0.0322654247,-0.0534971952,0.128309742,-0.267305017,0.9550312,NaN,NaN,NaN,NaN,0.198441714,6.70802764E-20,-0.302102685,1.20560944,Plane,XR.DevicePose:Eye Tracking OpenXR
8.310947,0.043741405,0.0322673321,-0.05347979,0.1282576,-0.267345726,0.955026865,0.043741405,0.0322673321,-0.05347979,0.1282576,-0.267345726,0.955026865,0.043741405,0.0322673321,-0.05347979,0.1282576,-0.267345726,0.955026865,NaN,NaN,NaN,NaN,0.1983523,6.71149857E-20,-0.302259028,1.20543289,Plane,XR.DevicePose:Eye Tracking OpenXR
8.321318,0.04366082,0.0321571827,-0.0532804728,0.129161477,-0.268894762,0.95447,0.04366082,0.0321571827,-0.0532804728,0.129161477,-0.268894762,0.95447,0.04366082,0.0321571827,-0.0532804728,0.129161477,-0.268894762,0.95447,NaN,NaN,NaN,NaN,0.198405951,6.877835E-20,-0.30975014,1.198079,Plane,XR.DevicePose:Eye Tracking OpenXR
8.332416,0.04361397,0.03207016,-0.0531900525,0.128968254,-0.269109279,0.954435647,0.04361397,0.03207016,-0.0531900525,0.128968254,-0.269109279,0.954435647,0.04361397,0.03207016,-0.0531900525,0.128968254,-0.269109279,0.954435647,NaN,NaN,NaN,NaN,0.197958916,6.903832E-20,-0.310920954,1.19680071,Plane,XR.DevicePose:Eye Tracking OpenXR
8.343973,0.04356411,0.0319399834,-0.0530207157,0.1295527,-0.270898283,0.9538502,0.04356411,0.0319399834,-0.0530207157,0.1295527,-0.270898283,0.9538502,0.04356411,0.0319399834,-0.0530207157,0.1295527,-0.270898283,0.9538502,NaN,NaN,NaN,NaN,0.197517842,7.09320558E-20,-0.319449574,1.18841648,Plane,XR.DevicePose:Eye Tracking OpenXR
8.356296,0.0435268,0.0318008661,-0.0528866649,0.1295453,-0.2728397,0.953297734,0.0435268,0.0318008661,-0.0528866649,0.1295453,-0.2728397,0.953297734,0.0435268,0.0318008661,-0.0528866649,0.1295453,-0.2728397,0.953297734,NaN,NaN,NaN,NaN,0.196325749,7.294595E-20,-0.328519344,1.17945027,Plane,XR.DevicePose:Eye Tracking OpenXR
8.36692,0.0435133576,0.03165257,-0.0527222157,0.130358815,-0.273746252,0.9529269,0.0435133576,0.03165257,-0.0527222157,0.130358815,-0.273746252,0.9529269,0.0435133576,0.03165257,-0.0527222157,0.130358815,-0.273746252,0.9529269,NaN,NaN,NaN,NaN,0.196683377,7.39476462E-20,-0.333030581,1.17500257,Plane,XR.DevicePose:Eye Tracking OpenXR
8.37867,0.04349664,0.0314906836,-0.0525352955,0.12916173,-0.2763643,0.952334,0.04349664,0.0314906836,-0.0525352955,0.12916173,-0.2763643,0.952334,0.04349664,0.0314906836,-0.0525352955,0.12916173,-0.2763643,0.952334,NaN,NaN,NaN,NaN,0.193750843,7.65384534E-20,-0.344698548,1.16328585,Plane,XR.DevicePose:Eye Tracking OpenXR
8.388507,0.0434758663,0.0314003229,-0.0523811,0.129972532,-0.2772123,0.951977134,0.0434758663,0.0314003229,-0.0523811,0.129972532,-0.2772123,0.951977134,0.0434758663,0.0314003229,-0.0523811,0.129972532,-0.2772123,0.951977134,NaN,NaN,NaN,NaN,0.194162115,7.74175654E-20,-0.348657727,1.15940142,Plane,XR.DevicePose:Eye Tracking OpenXR
8.39981,0.0434593856,0.03130877,-0.0522187352,0.129355118,-0.278141737,0.9517901,0.0434593856,0.03130877,-0.0522187352,0.129355118,-0.278141737,0.9517901,0.0434593856,0.03130877,-0.0522187352,0.129355118,-0.278141737,0.9517901,NaN,NaN,NaN,NaN,0.192880616,7.8318E-20,-0.3527129,1.155198,Plane,XR.DevicePose:Eye Tracking OpenXR
8.411048,0.04339838,0.031252265,-0.05202514,0.129753545,-0.278291166,0.9516922,0.04339838,0.031252265,-0.05202514,0.129753545,-0.278291166,0.9516922,0.04339838,0.031252265,-0.05202514,0.129753545,-0.278291166,0.9516922,NaN,NaN,NaN,NaN,0.19319056,7.847409E-20,-0.3534159,1.1543746,Plane,XR.DevicePose:Eye Tracking OpenXR
8.42206,0.04334131,0.031187892,-0.05186689,0.129265934,-0.2788119,0.951606154,0.04334131,0.031187892,-0.05186689,0.129265934,-0.2788119,0.951606154,0.04334131,0.031187892,-0.05186689,0.129265934,-0.2788119,0.951606154,NaN,NaN,NaN,NaN,0.1922488,7.89653561E-20,-0.355628371,1.15198767,Plane,XR.DevicePose:Eye Tracking OpenXR
8.433063,0.04326582,0.0311251879,-0.0517074466,0.129546285,-0.2791276,0.951475441,0.04326582,0.0311251879,-0.0517074466,0.129546285,-0.2791276,0.951475441,0.04326582,0.0311251879,-0.0517074466,0.129546285,-0.2791276,0.951475441,NaN,NaN,NaN,NaN,0.192308411,7.928607E-20,-0.3570727,1.15046012,Plane,XR.DevicePose:Eye Tracking OpenXR
8.444306,0.043189168,0.03104484,-0.0515354276,0.128897041,-0.280167222,0.951258063,0.043189168,0.03104484,-0.0515354276,0.128897041,-0.280167222,0.951258063,0.043189168,0.03104484,-0.0515354276,0.128897041,-0.280167222,0.951258063,NaN,NaN,NaN,NaN,0.19088982,8.026575E-20,-0.3614848,1.1459043,Plane,XR.DevicePose:Eye Tracking OpenXR
8.455753,0.0430946648,0.030977726,-0.05135089,0.128667951,-0.28102082,0.9510372,0.0430946648,0.030977726,-0.05135089,0.128667951,-0.28102082,0.9510372,0.0430946648,0.030977726,-0.05135089,0.128667951,-0.28102082,0.9510372,NaN,NaN,NaN,NaN,0.190055355,8.106642E-20,-0.3650907,1.14218485,Plane,XR.DevicePose:Eye Tracking OpenXR
8.465933,0.0430007577,0.0309159756,-0.05116719,0.1276989,-0.2817941,0.950939059,0.0430007577,0.0309159756,-0.05116719,0.1276989,-0.2817941,0.950939059,0.0430007577,0.0309159756,-0.05116719,0.1276989,-0.2817941,0.950939059,NaN,NaN,NaN,NaN,0.188434109,8.17585641E-20,-0.368207842,1.13883126,Plane,XR.DevicePose:Eye Tracking OpenXR
8.477271,0.0428485572,0.0308527946,-0.05099207,0.1263029,-0.283072174,0.9507459,0.0428485572,0.0308527946,-0.05099207,0.1263029,-0.283072174,0.9507459,0.0428485572,0.0308527946,-0.05099207,0.1263029,-0.283072174,0.9507459,NaN,NaN,NaN,NaN,0.1860082,8.29012042E-20,-0.373353839,1.13346636,Plane,XR.DevicePose:Eye Tracking OpenXR
8.489221,0.0427177548,0.03075695,-0.0508342981,0.125235036,-0.283175975,0.9508562,0.0427177548,0.03075695,-0.0508342981,0.125235036,-0.283175975,0.9508562,0.0427177548,0.03075695,-0.0508342981,0.125235036,-0.283175975,0.9508562,NaN,NaN,NaN,NaN,0.184577689,8.29975255E-20,-0.3737876,1.13271236,Plane,XR.DevicePose:Eye Tracking OpenXR
8.500186,0.04256794,0.03064239,-0.0506901741,0.1241609,-0.2844572,0.950614631,0.04256794,0.03064239,-0.0506901741,0.1241609,-0.2844572,0.950614631,0.04256794,0.03064239,-0.0506901741,0.1241609,-0.2844572,0.950614631,NaN,NaN,NaN,NaN,0.182521328,8.41881938E-20,-0.3791499,1.12720776,Plane,XR.DevicePose:Eye Tracking OpenXR
8.510941,0.0424267054,0.0305395126,-0.0505511761,0.122966379,-0.2856999,0.9503972,0.0424267054,0.0305395126,-0.0505511761,0.122966379,-0.2856999,0.9503972,0.0424267054,0.0305395126,-0.0505511761,0.122966379,-0.2856999,0.9503972,NaN,NaN,NaN,NaN,0.180381522,8.53224459E-20,-0.384258121,1.12194479,Plane,XR.DevicePose:Eye Tracking OpenXR
8.522537,0.0423240066,0.0304095745,-0.0504289269,0.122067377,-0.2870521,0.9501056,0.0423240066,0.0304095745,-0.0504289269,0.122067377,-0.2870521,0.9501056,0.0423240066,0.0304095745,-0.0504289269,0.122067377,-0.2870521,0.9501056,NaN,NaN,NaN,NaN,0.178581461,8.65784E-20,-0.389914453,1.116207,Plane,XR.DevicePose:Eye Tracking OpenXR
8.533345,0.04225087,0.0303444862,-0.0503101945,0.122827537,-0.286907524,0.9500513,0.04225087,0.0303444862,-0.0503101945,0.122827537,-0.286907524,0.9500513,0.04225087,0.0303444862,-0.0503101945,0.122827537,-0.286907524,0.9500513,NaN,NaN,NaN,NaN,0.179392084,8.64946965E-20,-0.389537483,1.1165427,Plane,XR.DevicePose:Eye Tracking OpenXR
8.545005,0.0421964526,0.0302695036,-0.05020243,0.122559175,-0.287770569,0.9498249,0.0421964526,0.0302695036,-0.05020243,0.122559175,-0.287770569,0.9498249,0.0421964526,0.0302695036,-0.05020243,0.122559175,-0.287770569,0.9498249,NaN,NaN,NaN,NaN,0.178593382,8.728809E-20,-0.3931106,1.11293352,Plane,XR.DevicePose:Eye Tracking OpenXR
8.555634,0.0421251357,0.0301959515,-0.0501003861,0.122423738,-0.2885785,0.949597239,0.0421251357,0.0301959515,-0.0501003861,0.122423738,-0.2885785,0.949597239,0.0421251357,0.0301959515,-0.0501003861,0.122423738,-0.2885785,0.949597239,NaN,NaN,NaN,NaN,0.177949652,8.803244E-20,-0.396462858,1.10956275,Plane,XR.DevicePose:Eye Tracking OpenXR
8.566843,0.04204431,0.0301370621,-0.0499969721,0.121648788,-0.2894066,0.9494448,0.04204431,0.0301370621,-0.0499969721,0.121648788,-0.2894066,0.9494448,0.04204431,0.0301370621,-0.0499969721,0.121648788,-0.2894066,0.9494448,NaN,NaN,NaN,NaN,0.176602587,8.875923E-20,-0.399736047,1.10618448,Plane,XR.DevicePose:Eye Tracking OpenXR
8.577635,0.04191968,0.0300779343,-0.0498740077,0.120963261,-0.290131569,0.949311137,0.04191968,0.0300779343,-0.0498740077,0.120963261,-0.290131569,0.949311137,0.04191968,0.0300779343,-0.0498740077,0.120963261,-0.290131569,0.949311137,NaN,NaN,NaN,NaN,0.175374731,8.939032E-20,-0.4025782,1.10321641,Plane,XR.DevicePose:Eye Tracking OpenXR
8.589314,0.0417999029,0.0300747156,-0.0497806072,0.119864695,-0.2907637,0.949257,0.0417999029,0.0300747156,-0.0497806072,0.119864695,-0.2907637,0.949257,0.0417999029,0.0300747156,-0.0497806072,0.119864695,-0.2907637,0.949257,NaN,NaN,NaN,NaN,0.173753485,8.989073E-20,-0.404831856,1.10080683,Plane,XR.DevicePose:Eye Tracking OpenXR
8.601964,0.0416143537,0.030074358,-0.0496765971,0.119379,-0.290426642,0.9494214,0.0416143537,0.030074358,-0.0496765971,0.119379,-0.290426642,0.9494214,0.0416143537,0.030074358,-0.0496765971,0.119379,-0.290426642,0.9494214,NaN,NaN,NaN,NaN,0.17318128,8.955838E-20,-0.4033351,1.10208321,Plane,XR.DevicePose:Eye Tracking OpenXR
8.612125,0.0415314138,0.0300525427,-0.049626708,0.1183093,-0.2910364,0.9493686,0.0415314138,0.0300525427,-0.049626708,0.1183093,-0.2910364,0.9493686,0.0415314138,0.0300525427,-0.049626708,0.1183093,-0.2910364,0.9493686,NaN,NaN,NaN,NaN,0.17163752,9.00628047E-20,-0.4056068,1.09969926,Plane,XR.DevicePose:Eye Tracking OpenXR
8.62243748,0.0413623154,0.0299857855,-0.0495385528,0.117309235,-0.291934967,0.9492168,0.0413623154,0.0299857855,-0.0495385528,0.117309235,-0.291934967,0.9492168,0.0413623154,0.0299857855,-0.0495385528,0.117309235,-0.291934967,0.9492168,NaN,NaN,NaN,NaN,0.169950709,9.084187E-20,-0.409115434,1.09608567,Plane,XR.DevicePose:Eye Tracking OpenXR
8.633998,0.0412069261,0.02993977,-0.0494822264,0.117173642,-0.29193598,0.949233234,0.0412069261,0.02993977,-0.0494822264,0.117173642,-0.29193598,0.949233234,0.0412069261,0.02993977,-0.0494822264,0.117173642,-0.29193598,0.949233234,NaN,NaN,NaN,NaN,0.169628844,9.08594E-20,-0.40919435,1.09592438,Plane,XR.DevicePose:Eye Tracking OpenXR
8.645117,0.04092154,0.02983725,-0.04936093,0.115879856,-0.29311648,0.949028254,0.04092154,0.02983725,-0.04936093,0.115879856,-0.29311648,0.949028254,0.04092154,0.02983725,-0.04936093,0.115879856,-0.29311648,0.949028254,NaN,NaN,NaN,NaN,0.167363867,9.188613E-20,-0.41381833,1.09116089,Plane,XR.DevicePose:Eye Tracking OpenXR
8.655583,0.04077053,0.029841423,-0.0493016243,0.114925005,-0.293892443,0.948904335,0.04077053,0.029841423,-0.0493016243,0.114925005,-0.293892443,0.948904335,0.04077053,0.029841423,-0.0493016243,0.114925005,-0.293892443,0.948904335,NaN,NaN,NaN,NaN,0.165837988,9.250703E-20,-0.416614622,1.08829415,Plane,XR.DevicePose:Eye Tracking OpenXR
8.679071,0.0402862132,0.0298082829,-0.0491099954,0.112709165,-0.294570118,0.94896,0.0402862132,0.0298082829,-0.0491099954,0.112709165,-0.294570118,0.94896,0.0402862132,0.0298082829,-0.0491099954,0.112709165,-0.294570118,0.94896,NaN,NaN,NaN,NaN,0.1626551,9.30023267E-20,-0.418845236,1.08567786,Plane,XR.DevicePose:Eye Tracking OpenXR
8.689257,0.0400492251,0.0297776461,-0.0490481257,0.111248754,-0.295142382,0.9489545,0.0400492251,0.0297776461,-0.0490481257,0.111248754,-0.295142382,0.9489545,0.0400492251,0.0297776461,-0.0490481257,0.111248754,-0.295142382,0.9489545,NaN,NaN,NaN,NaN,0.160580859,9.345533E-20,-0.420885384,1.083469,Plane,XR.DevicePose:Eye Tracking OpenXR
8.701248,0.03978145,0.0297162533,-0.04896593,0.110093735,-0.295256674,0.9490537,0.03978145,0.0297162533,-0.04896593,0.110093735,-0.295256674,0.9490537,0.03978145,0.0297162533,-0.04896593,0.110093735,-0.295256674,0.9490537,NaN,NaN,NaN,NaN,0.158989415,9.354542E-20,-0.4212911,1.08284175,Plane,XR.DevicePose:Eye Tracking OpenXR
8.711319,0.0395461023,0.0296854973,-0.0488871932,0.110046282,-0.2948446,0.9491873,0.0395461023,0.0296854973,-0.0488871932,0.110046282,-0.2948446,0.9491873,0.0395461023,0.0296854973,-0.0488871932,0.110046282,-0.2948446,0.9491873,NaN,NaN,NaN,NaN,0.158876166,9.31988144E-20,-0.419730127,1.08425069,Plane,XR.DevicePose:Eye Tracking OpenXR
8.722524,0.0392531157,0.02963221,-0.0487998128,0.10904821,-0.2952228,0.9491849,0.0392531157,0.02963221,-0.0487998128,0.10904821,-0.2952228,0.9491849,0.0392531157,0.02963221,-0.0487998128,0.10904821,-0.2952228,0.9491849,NaN,NaN,NaN,NaN,0.157320485,9.35107843E-20,-0.421135128,1.0826813,Plane,XR.DevicePose:Eye Tracking OpenXR
8.73365,0.03895849,0.0296182632,-0.04872203,0.1079565,-0.2950757,0.9493554,0.03895849,0.0296182632,-0.04872203,0.1079565,-0.2950757,0.9493554,0.03895849,0.0296182632,-0.04872203,0.1079565,-0.2950757,0.9493554,NaN,NaN,NaN,NaN,0.155884013,9.334872E-20,-0.420405239,1.08317375,Plane,XR.DevicePose:Eye Tracking OpenXR
8.744773,0.0386738777,0.0295895338,-0.04864794,0.106980085,-0.295905054,0.9492078,0.0386738777,0.0295895338,-0.04864794,0.106980085,-0.295905054,0.9492078,0.0386738777,0.0295895338,-0.04864794,0.106980085,-0.295905054,0.9492078,NaN,NaN,NaN,NaN,0.154215083,9.40280953E-20,-0.423464864,1.08004081,Plane,XR.DevicePose:Eye Tracking OpenXR
8.756106,0.03848827,0.029568553,-0.04859221,0.106693529,-0.295466721,0.9493766,0.03848827,0.029568553,-0.04859221,0.106693529,-0.295466721,0.9493766,0.03848827,0.029568553,-0.04859221,0.106693529,-0.295466721,0.9493766,NaN,NaN,NaN,NaN,0.1538813,9.365245E-20,-0.421773136,1.08157194,Plane,XR.DevicePose:Eye Tracking OpenXR
8.76696,0.0382066965,0.0295170546,-0.0484996438,0.104884513,-0.2958446,0.9494605,0.0382066965,0.0295170546,-0.0484996438,0.104884513,-0.2958446,0.9494605,0.0382066965,0.0295170546,-0.0484996438,0.104884513,-0.2958446,0.9494605,NaN,NaN,NaN,NaN,0.15149115,9.39397162E-20,-0.423066884,1.08001637,Plane,XR.DevicePose:Eye Tracking OpenXR
8.778276,0.0379940867,0.02946961,-0.0484183431,0.104367442,-0.2964968,0.949314,0.0379940867,0.02946961,-0.0484183431,0.104367442,-0.2964968,0.949314,0.0379940867,0.02946961,-0.0484183431,0.104367442,-0.2964968,0.949314,NaN,NaN,NaN,NaN,0.150448069,9.449127E-20,-0.425550848,1.07748067,Plane,XR.DevicePose:Eye Tracking OpenXR
8.789317,0.0377983451,0.0294508934,-0.04835105,0.10344065,-0.296809971,0.9493176,0.0377983451,0.0294508934,-0.04835105,0.10344065,-0.296809971,0.9493176,0.0377983451,0.0294508934,-0.04835105,0.10344065,-0.296809971,0.9493176,NaN,NaN,NaN,NaN,0.1491308,9.47283554E-20,-0.426618576,1.07628083,Plane,XR.DevicePose:Eye Tracking OpenXR
8.799944,0.0376140177,0.0294357538,-0.04826832,0.10230425,-0.2967249,0.9494673,0.0376140177,0.0294357538,-0.04826832,0.10230425,-0.2967249,0.9494673,0.0376140177,0.0294357538,-0.04826832,0.10230425,-0.2967249,0.9494673,NaN,NaN,NaN,NaN,0.147747979,9.461994E-20,-0.426130325,1.07653844,Plane,XR.DevicePose:Eye Tracking OpenXR
8.81141949,0.037448734,0.0294395685,-0.0481976271,0.102470875,-0.296628267,0.9494795,0.037448734,0.0294395685,-0.0481976271,0.102470875,-0.296628267,0.9494795,0.037448734,0.0294395685,-0.0481976271,0.102470875,-0.296628267,0.9494795,NaN,NaN,NaN,NaN,0.1477897,9.45247139E-20,-0.425701439,1.076902,Plane,XR.DevicePose:Eye Tracking OpenXR
8.822404,0.03727308,0.0294094086,-0.04812044,0.100814335,-0.297141373,0.949496448,0.03727308,0.0294094086,-0.04812044,0.100814335,-0.297141373,0.949496448,0.03727308,0.0294094086,-0.04812044,0.100814335,-0.297141373,0.949496448,NaN,NaN,NaN,NaN,0.145637974,9.491695E-20,-0.427467942,1.07494092,Plane,XR.DevicePose:Eye Tracking OpenXR
8.833206,0.0371260643,0.0293864012,-0.04803747,0.105992712,-0.283622116,0.9530604,0.0371260643,0.0293864012,-0.04803747,0.105992712,-0.283622116,0.9530604,0.0371260643,0.0293864012,-0.04803747,0.105992712,-0.283622116,0.9530604,NaN,NaN,NaN,NaN,0.156480059,8.32218E-20,-0.374797672,1.12609839,Plane,XR.DevicePose:Eye Tracking OpenXR
8.844832,0.0369377434,0.0293529034,-0.0479359627,0.108050689,-0.28958565,0.9510338,0.0369377434,0.0293529034,-0.0479359627,0.108050689,-0.28958565,0.9510338,0.0369377434,0.0293529034,-0.0479359627,0.108050689,-0.28958565,0.9510338,NaN,NaN,NaN,NaN,0.156092629,8.862754E-20,-0.399142981,1.1027925,Plane,XR.DevicePose:Eye Tracking OpenXR
8.85601,0.0368084,0.0293380022,-0.0478357077,0.104505733,-0.289961219,0.951315463,0.0368084,0.0293380022,-0.0478357077,0.104505733,-0.289961219,0.951315463,0.0368084,0.0293380022,-0.0478357077,0.104505733,-0.289961219,0.951315463,NaN,NaN,NaN,NaN,0.151896462,8.88488848E-20,-0.4001398,1.10131264,Plane,XR.DevicePose:Eye Tracking OpenXR
8.867782,0.0367164,0.0293363333,-0.04776275,0.104621604,-0.290318131,0.9511938,0.0367164,0.0293363333,-0.04776275,0.104621604,-0.290318131,0.9511938,0.0367164,0.0293363333,-0.04776275,0.104621604,-0.290318131,0.9511938,NaN,NaN,NaN,NaN,0.1518011,8.91496361E-20,-0.401494265,1.099953,Plane,XR.DevicePose:Eye Tracking OpenXR
8.878396,0.03658113,0.02933395,-0.04764712,0.102705359,-0.291826,0.9509412,0.03658113,0.02933395,-0.04764712,0.102705359,-0.291826,0.9509412,0.03658113,0.02933395,-0.04764712,0.102705359,-0.291826,0.9509412,NaN,NaN,NaN,NaN,0.148963913,9.03874537E-20,-0.4070689,1.09426141,Plane,XR.DevicePose:Eye Tracking OpenXR
8.890397,0.0365032256,0.0293252468,-0.04756111,0.102920227,-0.2918472,0.950911462,0.0365032256,0.0293252468,-0.04756111,0.102920227,-0.2918472,0.950911462,0.0365032256,0.0293252468,-0.04756111,0.102920227,-0.2918472,0.950911462,NaN,NaN,NaN,NaN,0.149112925,9.039864E-20,-0.407119274,1.09415209,Plane,XR.DevicePose:Eye Tracking OpenXR
8.900846,0.0364313424,0.02934444,-0.0474624038,0.102135748,-0.292164117,0.950898767,0.0364313424,0.02934444,-0.0474624038,0.102135748,-0.292164117,0.950898767,0.0364313424,0.02934444,-0.0474624038,0.102135748,-0.292164117,0.950898767,NaN,NaN,NaN,NaN,0.1480758,9.061649E-20,-0.4081004,1.09303093,Plane,XR.DevicePose:Eye Tracking OpenXR
8.91204548,0.03634,0.0293767452,-0.04734838,0.101902477,-0.293053746,0.95065,0.03634,0.0293767452,-0.04734838,0.101902477,-0.293053746,0.95065,0.03634,0.0293767452,-0.04734838,0.101902477,-0.293053746,0.95065,NaN,NaN,NaN,NaN,0.147402272,9.13287659E-20,-0.411308169,1.08982313,Plane,XR.DevicePose:Eye Tracking OpenXR
8.923457,0.0361924767,0.0293604136,-0.04723525,0.100410707,-0.29145363,0.951300442,0.0361924767,0.0293604136,-0.04723525,0.100410707,-0.29145363,0.951300442,0.0361924767,0.0293604136,-0.04723525,0.100410707,-0.29145363,0.951300442,NaN,NaN,NaN,NaN,0.14622806,8.98942343E-20,-0.404847652,1.09575021,Plane,XR.DevicePose:Eye Tracking OpenXR
8.934832,0.0360538661,0.02931106,-0.04712212,0.0997722745,-0.2914021,0.951383352,0.0360538661,0.02931106,-0.04712212,0.0997722745,-0.2914021,0.951383352,0.0360538661,0.02931106,-0.04712212,0.0997722745,-0.2914021,0.951383352,NaN,NaN,NaN,NaN,0.145381674,8.984377E-20,-0.404620349,1.09577465,Plane,XR.DevicePose:Eye Tracking OpenXR
8.944589,0.03591764,0.02924037,-0.0470144153,0.0970570445,-0.292040884,0.951468349,0.03591764,0.02924037,-0.0470144153,0.0970570445,-0.292040884,0.951468349,0.03591764,0.02924037,-0.0470144153,0.0970570445,-0.292040884,0.951468349,NaN,NaN,NaN,NaN,0.142019972,9.035666E-20,-0.4069302,1.09313583,Plane,XR.DevicePose:Eye Tracking OpenXR
8.956132,0.035813868,0.02913189,-0.04691726,0.09508154,-0.29130584,0.9518931,0.035813868,0.02913189,-0.04691726,0.09508154,-0.29130584,0.9518931,0.035813868,0.02913189,-0.04691726,0.09508154,-0.29130584,0.9518931,NaN,NaN,NaN,NaN,0.1399815,8.97277255E-20,-0.404097736,1.09552169,Plane,XR.DevicePose:Eye Tracking OpenXR
8.975962,0.03556329,0.0289721489,-0.046787858,0.0908711553,-0.2920228,0.9520846,0.03556329,0.0289721489,-0.046787858,0.0908711553,-0.2920228,0.9520846,0.03556329,0.0289721489,-0.046787858,0.0908711553,-0.2920228,0.9520846,NaN,NaN,NaN,NaN,0.134831652,9.03366661E-20,-0.406840175,1.09228492,Plane,XR.DevicePose:Eye Tracking OpenXR
8.981828,0.0354897678,0.0289495,-0.0467487574,0.0907212049,-0.29212442,0.952067733,0.0354897678,0.0289495,-0.0467487574,0.0907212049,-0.29212442,0.952067733,0.0354897678,0.0289495,-0.0467487574,0.0907212049,-0.29212442,0.952067733,NaN,NaN,NaN,NaN,0.134533629,9.04287934E-20,-0.407255054,1.09182751,Plane,XR.DevicePose:Eye Tracking OpenXR
8.989102,0.0354298651,0.0289180279,-0.0467036366,0.0906715244,-0.2918708,0.9521503,0.0354298651,0.0289180279,-0.0467036366,0.0906715244,-0.2918708,0.9521503,0.0354298651,0.0289180279,-0.0467036366,0.0906715244,-0.2918708,0.9521503,NaN,NaN,NaN,NaN,0.134509787,9.022097E-20,-0.406319141,1.09266841,Plane,XR.DevicePose:Eye Tracking OpenXR
9.000461,0.0352364779,0.0289366245,-0.04662174,0.08915335,-0.2924415,0.9521185,0.0352364779,0.0289366245,-0.04662174,0.08915335,-0.2924415,0.9521185,0.0352364779,0.0289366245,-0.04662174,0.08915335,-0.2924415,0.9521185,NaN,NaN,NaN,NaN,0.132471308,9.064781E-20,-0.408241421,1.09059978,Plane,XR.DevicePose:Eye Tracking OpenXR
9.011708,0.035104543,0.0289872885,-0.04657328,0.0881085,-0.291310579,0.9525624,0.035104543,0.0289872885,-0.04657328,0.0881085,-0.291310579,0.9525624,0.035104543,0.0289872885,-0.04657328,0.0881085,-0.291310579,0.9525624,NaN,NaN,NaN,NaN,0.131589159,8.95972765E-20,-0.403510273,1.09500742,Plane,XR.DevicePose:Eye Tracking OpenXR
9.022729,0.0349323452,0.0290486813,-0.04653251,0.0870783851,-0.291006058,0.952750146,0.0349323452,0.0290486813,-0.04653251,0.0870783851,-0.291006058,0.952750146,0.0349323452,0.0290486813,-0.04653251,0.0870783851,-0.291006058,0.952750146,NaN,NaN,NaN,NaN,0.130403027,8.925554E-20,-0.401971221,1.09636426,Plane,XR.DevicePose:Eye Tracking OpenXR
9.033922,0.0347514749,0.0290972,-0.0464857221,0.0854312852,-0.2901818,0.9531506,0.0347514749,0.0290972,-0.0464857221,0.0854312852,-0.2901818,0.9531506,0.0347514749,0.0290972,-0.0464857221,0.0854312852,-0.2901818,0.9531506,NaN,NaN,NaN,NaN,0.1287043,8.84532E-20,-0.3983578,1.09964573,Plane,XR.DevicePose:Eye Tracking OpenXR
9.045165,0.0345662832,0.029183507,-0.0464313626,0.08531814,-0.2898742,0.9532543,0.0345662832,0.029183507,-0.0464313626,0.08531814,-0.2898742,0.9532543,0.0345662832,0.029183507,-0.0464313626,0.08531814,-0.2898742,0.9532543,NaN,NaN,NaN,NaN,0.12851952,8.810581E-20,-0.396793276,1.10111034,Plane,XR.DevicePose:Eye Tracking OpenXR
9.056516,0.0344033539,0.02932918,-0.04637927,0.08373221,-0.289508164,0.9535061,0.0344033539,0.02932918,-0.04637927,0.08373221,-0.289508164,0.9535061,0.0344033539,0.02932918,-0.04637927,0.08373221,-0.289508164,0.9535061,NaN,NaN,NaN,NaN,0.126755223,8.76313461E-20,-0.3946565,1.10300589,Plane,XR.DevicePose:Eye Tracking OpenXR
9.100614,NaN,NaN,NaN,NaN,NaN,NaN,NaN,NaN,NaN,NaN,NaN,NaN,NaN,NaN,NaN,NaN,NaN,NaN,NaN,NaN,NaN,NaN,NaN,NaN,NaN,NaN,None,Unavailable
