time,left_gaze_origin_x,left_gaze_origin_y,left_gaze_origin_z,left_gaze_direction_x,left_gaze_direction_y,left_gaze_direction_z,right_gaze_origin_x,right_gaze_origin_y,right_gaze_origin_z,right_gaze_direction_x,right_gaze_direction_y,right_gaze_direction_z,combined_gaze_origin_x,combined_gaze_origin_y,combined_gaze_origin_z,combined_gaze_direction_x,combined_gaze_direction_y,combined_gaze_direction_z,eye_openness_left,eye_openness_right,pupil_diameter_left,pupil_diameter_right,focus_point_x,focus_point_y,focus_point_z,focus_distance,focus_object,tracking_provider
0,NaN,NaN,NaN,NaN,NaN,NaN,NaN,NaN,NaN,NaN,NaN,NaN,NaN,NaN,NaN,NaN,NaN,NaN,NaN,NaN,NaN,NaN,NaN,NaN,NaN,NaN,None,Unavailable
0.0199999921,NaN,NaN,NaN,NaN,NaN,NaN,NaN,NaN,NaN,NaN,NaN,NaN,NaN,NaN,NaN,NaN,NaN,NaN,NaN,NaN,NaN,NaN,NaN,NaN,NaN,NaN,None,Unavailable
0.1788301,NaN,NaN,NaN,NaN,NaN,NaN,NaN,NaN,NaN,NaN,NaN,NaN,NaN,NaN,NaN,NaN,NaN,NaN,NaN,NaN,NaN,NaN,NaN,NaN,NaN,NaN,None,Unavailable
0.2042175,NaN,NaN,NaN,NaN,NaN,NaN,NaN,NaN,NaN,NaN,NaN,NaN,NaN,NaN,NaN,NaN,NaN,NaN,NaN,NaN,NaN,NaN,NaN,NaN,NaN,NaN,None,Unavailable
0.2187008,NaN,NaN,NaN,NaN,NaN,NaN,NaN,NaN,NaN,NaN,NaN,NaN,NaN,NaN,NaN,NaN,NaN,NaN,NaN,NaN,NaN,NaN,NaN,NaN,NaN,NaN,None,Unavailable
0.225570083,0.0168346465,-0.0149453878,0.022675395,0.362537146,-0.0656093657,0.929657042,0.0168346465,-0.0149453878,0.022675395,0.362537146,-0.0656093657,0.929657042,0.0168346465,-0.0149453878,0.022675395,0.362537146,-0.0656093657,0.929657042,NaN,NaN,NaN,NaN,1.53670251,-5.59572433E-19,2.52009,4.192307,Plane,XR.DevicePose:Eye Tracking OpenXR
0.3003291,0.0198633075,-0.0150678158,0.022655189,0.284015447,-0.06440976,0.956653833,0.0198633075,-0.0150678158,0.022655189,0.284015447,-0.06440976,0.956653833,0.0198633075,-0.0150678158,0.022655189,0.284015447,-0.06440976,0.956653833,NaN,NaN,NaN,NaN,1.23216724,-6.008759E-19,2.70610428,4.26848555,Plane,XR.DevicePose:Eye Tracking OpenXR
0.3113687,0.0202193558,-0.0149605274,0.0228163,0.2859487,-0.06410938,0.95609796,0.0202193558,-0.0149605274,0.0228163,0.2859487,-0.06410938,0.95609796,0.0202193558,-0.0149605274,0.0228163,0.2859487,-0.06410938,0.95609796,NaN,NaN,NaN,NaN,1.24697769,-6.0498925E-19,2.7246294,4.290159,Plane,XR.DevicePose:Eye Tracking OpenXR
0.316369176,0.0202739239,-0.0149004459,0.0228654146,0.284087032,-0.06290192,0.9567329,0.0202739239,-0.0149004459,0.0228654146,0.284087032,-0.06290192,0.9567329,0.0202739239,-0.0149004459,0.0228654146,0.284087032,-0.06290192,0.9567329,NaN,NaN,NaN,NaN,1.26271653,-6.233037E-19,2.80711031,4.37346745,Plane,XR.DevicePose:Eye Tracking OpenXR
0.3260658,0.0205074251,-0.0146479607,0.0230897069,0.2835829,-0.05733032,0.9572325,0.0205074251,-0.0146479607,0.0230897069,0.2835829,-0.05733032,0.9572325,0.0205074251,-0.0146479607,0.0230897069,0.2835829,-0.05733032,0.9572325,NaN,NaN,NaN,NaN,1.38252687,-7.15114131E-19,3.22058749,4.802903,Plane,XR.DevicePose:Eye Tracking OpenXR
0.336912483,0.0206448138,-0.01434648,0.02338785,0.282286227,-0.0606073067,0.957413852,0.0206448138,-0.01434648,0.02338785,0.282286227,-0.0606073067,0.957413852,0.0206448138,-0.01434648,0.02338785,0.282286227,-0.0606073067,0.957413852,NaN,NaN,NaN,NaN,1.30452752,-6.61223E-19,2.97788334,4.54818869,Plane,XR.DevicePose:Eye Tracking OpenXR
0.3506083,0.020760417,-0.0139863491,0.0237699747,0.279494762,-0.0542545728,0.9586131,0.020760417,-0.0139863491,0.0237699747,0.279494762,-0.0542545728,0.9586131,0.020760417,-0.0139863491,0.0237699747,0.279494762,-0.0542545728,0.9586131,NaN,NaN,NaN,NaN,1.4426434,-7.77287663E-19,3.50059223,5.08738,Plane,XR.DevicePose:Eye Tracking OpenXR
0.3621077,0.02082318,-0.0137554407,0.02404648,0.282244056,-0.07079814,0.9567267,0.02082318,-0.0137554407,0.02404648,0.282244056,-0.07079814,0.9567267,0.02082318,-0.0137554407,0.02404648,0.282244056,-0.07079814,0.9567267,NaN,NaN,NaN,NaN,1.12209678,-5.23372373E-19,2.35705948,3.90186167,Plane,XR.DevicePose:Eye Tracking OpenXR
0.3702258,0.0208205283,-0.0135405064,0.024235487,0.278467655,-0.06782758,0.958047569,0.0208205283,-0.0135405064,0.024235487,0.278467655,-0.06782758,0.958047569,0.0208205283,-0.0135405064,0.024235487,0.278467655,-0.06782758,0.958047569,NaN,NaN,NaN,NaN,1.15583074,-5.61586773E-19,2.529162,4.07591438,Plane,XR.DevicePose:Eye Tracking OpenXR
0.3812901,0.0208028853,-0.0134936571,0.0242971778,0.282595038,-0.0471346974,0.9580806,0.0208028853,-0.0134936571,0.0242971778,0.282595038,-0.0471346974,0.9580806,0.0208028853,-0.0134936571,0.0242971778,0.282595038,-0.0471346974,0.9580806,NaN,NaN,NaN,NaN,1.6785903,-9.425107E-19,4.244691,5.86630058,Plane,XR.DevicePose:Eye Tracking OpenXR
0.3927567,0.0208041668,-0.0134927034,0.024396956,0.280827075,-0.04696772,0.958608449,0.0208041668,-0.0134927034,0.024396956,0.280827075,-0.04696772,0.958608449,0.0208041668,-0.0134927034,0.024396956,0.280827075,-0.04696772,0.958608449,NaN,NaN,NaN,NaN,1.67408156,-9.476657E-19,4.26790667,5.88717651,Plane,XR.DevicePose:Eye Tracking OpenXR
0.403749883,0.0206517875,-0.0136836767,0.02437663,0.278522223,-0.04671896,0.9592928,0.0206517875,-0.0136836767,0.02437663,0.278522223,-0.04671896,0.9592928,0.0206517875,-0.0136836767,0.02437663,0.278522223,-0.04671896,0.9592928,NaN,NaN,NaN,NaN,1.66795576,-9.543612E-19,4.298061,5.914436,Plane,XR.DevicePose:Eye Tracking OpenXR
0.4149384,0.0205400586,-0.0138441324,0.02434671,0.276195973,-0.04736165,0.9599337,0.0205400586,-0.0138441324,0.02434671,0.276195973,-0.04736165,0.9599337,0.0205400586,-0.0138441324,0.02434671,0.276195973,-0.04736165,0.9599337,NaN,NaN,NaN,NaN,1.63097084,-9.373637E-19,4.22151041,5.83079,Plane,XR.DevicePose:Eye Tracking OpenXR
0.426106483,0.0202390552,-0.0141688585,0.0242811441,0.271948457,-0.04780627,0.9611236,0.0202390552,-0.0141688585,0.0242811441,0.271948457,-0.04780627,0.9611236,0.0202390552,-0.0141688585,0.0242811441,0.271948457,-0.04780627,0.9611236,NaN,NaN,NaN,NaN,1.58932173,-9.258705E-19,4.16974974,5.769768,Plane,XR.DevicePose:Eye Tracking OpenXR
0.437756479,0.01984629,-0.0143324137,0.024210155,0.2679521,-0.0498510562,0.962141633,0.01984629,-0.0143324137,0.024210155,0.2679521,-0.0498510562,0.962141633,0.01984629,-0.0143324137,0.024210155,0.2679521,-0.0498510562,0.962141633,NaN,NaN,NaN,NaN,1.50156808,-8.758956E-19,3.9446826,5.529824,Plane,XR.DevicePose:Eye Tracking OpenXR
0.448699683,0.01941377,-0.0143805742,0.0241532922,0.264131635,-0.04961712,0.963209569,0.01941377,-0.0143805742,0.0241532922,0.264131635,-0.04961712,0.963209569,0.01941377,-0.0143805742,0.0241532922,0.264131635,-0.04961712,0.963209569,NaN,NaN,NaN,NaN,1.48664737,-8.825646E-19,3.97471738,5.554925,Plane,XR.DevicePose:Eye Tracking OpenXR
0.4594574,0.018974632,-0.0142669678,0.0241026282,0.2593868,-0.0483157821,0.9645642,0.018974632,-0.0142669678,0.0241026282,0.2593868,-0.0483157821,0.9645642,0.018974632,-0.0142669678,0.0241026282,0.2593868,-0.0483157821,0.9645642,NaN,NaN,NaN,NaN,1.49926186,-9.167715E-19,4.128772,5.706893,Plane,XR.DevicePose:Eye Tracking OpenXR
0.470759,0.0186807513,-0.0140910149,0.0240693688,0.2576087,-0.0475774929,0.9650773,0.0186807513,-0.0140910149,0.0240693688,0.2576087,-0.0475774929,0.9650773,0.0186807513,-0.0140910149,0.0240693688,0.2576087,-0.0475774929,0.9650773,NaN,NaN,NaN,NaN,1.51259053,-9.371836E-19,4.2207,5.799148,Plane,XR.DevicePose:Eye Tracking OpenXR
0.482925177,0.0182164311,-0.0137212276,0.0240007639,0.253714919,-0.0459428169,0.966187358,0.0182164311,-0.0137212276,0.0240007639,0.253714919,-0.0459428169,0.966187358,0.0182164311,-0.0137212276,0.0240007639,0.253714919,-0.0459428169,0.966187358,NaN,NaN,NaN,NaN,1.54393792,-9.84591E-19,4.43420362,6.013535,Plane,XR.DevicePose:Eye Tracking OpenXR
0.4937577,0.0178974867,-0.013427496,0.023966372,0.250436127,-0.0453661,0.9670696,0.0178974867,-0.013427496,0.023966372,0.250436127,-0.0453661,0.9670696,0.0178974867,-0.013427496,0.023966372,0.250436127,-0.0453661,0.9670696,NaN,NaN,NaN,NaN,1.54465985,-1.00356457E-18,4.519653,6.096457,Plane,XR.DevicePose:Eye Tracking OpenXR
0.5049701,0.0175043046,-0.0130264759,0.0239115953,0.247596428,-0.0442824438,0.967850745,0.0175043046,-0.0130264759,0.0239115953,0.247596428,-0.0442824438,0.967850745,0.0175043046,-0.0130264759,0.0239115953,0.247596428,-0.0442824438,0.967850745,NaN,NaN,NaN,NaN,1.56614411,-1.03862121E-18,4.67753363,6.254702,Plane,XR.DevicePose:Eye Tracking OpenXR
0.515515268,0.01711312,-0.0126236677,0.0238726139,0.244287044,-0.0419528857,0.968795,0.01711312,-0.0126236677,0.0238726139,0.244287044,-0.0419528857,0.968795,0.01711312,-0.0126236677,0.0238726139,0.244287044,-0.0419528857,0.968795,NaN,NaN,NaN,NaN,1.6322391,-1.11670169E-18,5.02917671,6.611614,Plane,XR.DevicePose:Eye Tracking OpenXR
0.5272641,0.0166647732,-0.0121289492,0.0238167644,0.243622944,-0.0405614227,0.9690215,0.0166647732,-0.0121289492,0.0238167644,0.243622944,-0.0405614227,0.9690215,0.0166647732,-0.0121289492,0.0238167644,0.243622944,-0.0405614227,0.9690215,NaN,NaN,NaN,NaN,1.68562889,-1.16844742E-18,5.262219,6.850623,Plane,XR.DevicePose:Eye Tracking OpenXR
0.5380608,0.0162223876,-0.0116072893,0.0237923265,0.241394311,-0.03866046,0.9696567,0.0162223876,-0.0116072893,0.0237923265,0.241394311,-0.03866046,0.9696567,0.0162223876,-0.0116072893,0.0237923265,0.241394311,-0.03866046,0.9696567,NaN,NaN,NaN,NaN,1.75448823,-1.2448392E-18,5.606257,7.200967,Plane,XR.DevicePose:Eye Tracking OpenXR
0.5493783,0.0158835649,-0.0111954212,0.0237618089,0.2386426,-0.0370971821,0.9703986,0.0158835649,-0.0111954212,0.0237618089,0.2386426,-0.0370971821,0.9703986,0.0158835649,-0.0111954212,0.0237618089,0.2386426,-0.0370971821,0.9703986,NaN,NaN,NaN,NaN,1.80939865,-1.31379432E-18,5.91680336,7.515518,Plane,XR.DevicePose:Eye Tracking OpenXR
0.5603727,0.0155119,-0.0107961893,0.0237350464,0.237315387,-0.036509797,0.970746338,0.0155119,-0.0107961893,0.0237350464,0.237315387,-0.036509797,0.970746338,0.0155119,-0.0107961893,0.0237350464,0.237315387,-0.036509797,0.970746338,NaN,NaN,NaN,NaN,1.83033967,-1.34278938E-18,6.047385,7.64736557,Plane,XR.DevicePose:Eye Tracking OpenXR
0.5731951,0.0151638389,-0.0105109215,0.0237159133,0.235165685,-0.03472266,0.9713349,0.0151638389,-0.0105109215,0.0237159133,0.235165685,-0.03472266,0.9713349,0.0151638389,-0.0105109215,0.0237159133,0.235165685,-0.03472266,0.9713349,NaN,NaN,NaN,NaN,1.908038,-1.43044529E-18,6.4421525,8.049184,Plane,XR.DevicePose:Eye Tracking OpenXR
0.58371377,0.014934659,-0.0103389025,0.0237177014,0.235728443,-0.03571127,0.9711626,0.014934659,-0.0103389025,0.0237177014,0.235728443,-0.03571127,0.9711626,0.014934659,-0.0103389025,0.0237177014,0.235728443,-0.03571127,0.9711626,NaN,NaN,NaN,NaN,1.8609637,-1.38313056E-18,6.229066,7.831171,Plane,XR.DevicePose:Eye Tracking OpenXR
0.5946555,0.0146969855,-0.0102477074,0.0237342715,0.234776616,-0.0355804078,0.971397936,0.0146969855,-0.0102477074,0.0237342715,0.234776616,-0.0355804078,0.971397936,0.0146969855,-0.0102477074,0.0237342715,0.234776616,-0.0355804078,0.971397936,NaN,NaN,NaN,NaN,1.860624,-1.39030522E-18,6.261378,7.862537,Plane,XR.DevicePose:Eye Tracking OpenXR
0.6065327,0.0144039989,-0.0102207661,0.0237877369,0.23352237,-0.0357517675,0.971693933,0.0144039989,-0.0102207661,0.0237877369,0.23352237,-0.0357517675,0.971693933,0.0144039989,-0.0102207661,0.0237877369,0.23352237,-0.0357517675,0.971693933,NaN,NaN,NaN,NaN,1.8418541,-1.382866E-18,6.227874,7.825605,Plane,XR.DevicePose:Eye Tracking OpenXR
0.6169396,0.01424709,-0.0102854967,0.0238384,0.231473267,-0.0343272239,0.972235441,0.01424709,-0.0102854967,0.0238384,0.231473267,-0.0343272239,0.972235441,0.01424709,-0.0102854967,0.0238384,0.231473267,-0.0343272239,0.972235441,NaN,NaN,NaN,NaN,1.9003967,-1.45352167E-18,6.546079,8.148474,Plane,XR.DevicePose:Eye Tracking OpenXR
0.6281463,0.0139285624,-0.0104604959,0.0239388347,0.230219424,-0.0347243249,0.97251904,0.0139285624,-0.0104604959,0.0239388347,0.230219424,-0.0347243249,0.97251904,0.0139285624,-0.0104604959,0.0239388347,0.230219424,-0.0347243249,0.97251904,NaN,NaN,NaN,NaN,1.86724269,-1.4328435E-18,6.452953,8.050249,Plane,XR.DevicePose:Eye Tracking OpenXR
0.639103,0.013679564,-0.0106962919,0.0240256786,0.228085786,-0.03467739,0.9730233,0.013679564,-0.0106962919,0.0240256786,0.228085786,-0.03467739,0.9730233,0.013679564,-0.0106962919,0.0240256786,0.228085786,-0.03467739,0.9730233,NaN,NaN,NaN,NaN,1.85075831,-1.43465006E-18,6.461089,8.054345,Plane,XR.DevicePose:Eye Tracking OpenXR
0.6501268,0.0134571791,-0.0108841658,0.0240859985,0.2282658,-0.03625405,0.972923636,0.0134571791,-0.0108841658,0.0240859985,0.2282658,-0.03625405,0.972923636,0.0134571791,-0.0108841658,0.0240859985,0.2282658,-0.03625405,0.972923636,NaN,NaN,NaN,NaN,1.77084267,-1.35769321E-18,6.114506,7.698887,Plane,XR.DevicePose:Eye Tracking OpenXR
0.661574066,0.0129942,-0.0112963915,0.0241910219,-0.00616070163,-0.09048711,0.9958786,0.0129942,-0.0112963915,0.0241910219,-0.00616070163,-0.09048711,0.9958786,0.0129942,-0.0112963915,0.0241910219,-0.00616070163,-0.09048711,0.9958786,NaN,NaN,NaN,NaN,-0.0059809885,-3.75593661E-19,1.69152343,3.08003664,Plane,XR.DevicePose:Eye Tracking OpenXR
0.672652066,0.0125237405,-0.0116198063,0.024264276,-0.008714542,-0.09354213,0.995577157,0.0125237405,-0.0116198063,0.024264276,-0.008714542,-0.09354213,0.995577157,0.0125237405,-0.0116198063,0.024264276,-0.008714542,-0.09354213,0.995577157,NaN,NaN,NaN,NaN,-0.0134106241,-3.52404144E-19,1.58708715,2.9759872,Plane,XR.DevicePose:Eye Tracking OpenXR
0.6835615,0.0120195448,-0.0119352341,0.0243439674,-0.0119285,-0.09345197,0.9955523,0.0120195448,-0.0119352341,0.0243439674,-0.0119285,-0.09345197,0.9955523,0.0120195448,-0.0119352341,0.0243439674,-0.0119285,-0.09345197,0.9955523,NaN,NaN,NaN,NaN,-0.0234735031,-3.52293974E-19,1.58659089,2.9754827,Plane,XR.DevicePose:Eye Tracking OpenXR
0.6947632,0.01144436,-0.0122870207,0.024430871,-0.0134198405,-0.0952827558,0.9953598,0.01144436,-0.0122870207,0.024430871,-0.0134198405,-0.0952827558,0.9953598,0.01144436,-0.0122870207,0.024430871,-0.0134198405,-0.0952827558,0.9953598,NaN,NaN,NaN,NaN,-0.0276693664,-3.38733537E-19,1.52552021,2.91461921,Plane,XR.DevicePose:Eye Tracking OpenXR
0.7058956,0.0108453631,-0.0126177073,0.024495542,-0.0161310881,-0.0982531458,0.9950307,0.0108453631,-0.0126177073,0.024495542,-0.0161310881,-0.0982531458,0.9950307,0.0108453631,-0.0126177073,0.024495542,-0.0161310881,-0.0982531458,0.9950307,NaN,NaN,NaN,NaN,-0.0346949361,-3.18327069E-19,1.43361771,2.82313871,Plane,XR.DevicePose:Eye Tracking OpenXR
0.7169291,0.0102118254,-0.0128692389,0.0245524049,-0.01892363,-0.09788896,0.9950174,0.0102118254,-0.0128692389,0.0245524049,-0.01892363,-0.09788896,0.9950174,0.0102118254,-0.0128692389,0.0245524049,-0.01892363,-0.09788896,0.9950174,NaN,NaN,NaN,NaN,-0.0433623381,-3.200845E-19,1.44153237,2.83107233,Plane,XR.DevicePose:Eye Tracking OpenXR
0.7287624,0.009461015,-0.0130358934,0.0245528221,-0.0228784066,-0.09935349,0.9947892,0.009461015,-0.0130358934,0.0245528221,-0.0228784066,-0.09935349,0.9947892,0.009461015,-0.0130358934,0.0245528221,-0.0228784066,-0.09935349,0.9947892,NaN,NaN,NaN,NaN,-0.0543162748,-3.1035054E-19,1.39769459,2.78766322,Plane,XR.DevicePose:Eye Tracking OpenXR
0.7392697,0.008969188,-0.0130405426,0.0245286226,-0.0254384764,-0.09962445,0.9946999,0.008969188,-0.0130405426,0.0245286226,-0.0254384764,-0.09962445,0.9946999,0.008969188,-0.0130405426,0.0245286226,-0.0254384764,-0.09962445,0.9946999,NaN,NaN,NaN,NaN,-0.06175067,-3.08604465E-19,1.389831,2.780035,Plane,XR.DevicePose:Eye Tracking OpenXR
0.751168966,0.008259922,-0.0129537582,0.0244887471,-0.0266760513,-0.09878916,0.994750738,0.008259922,-0.0129537582,0.0244887471,-0.0266760513,-0.09878916,0.994750738,0.008259922,-0.0129537582,0.0244887471,-0.0266760513,-0.09878916,0.994750738,NaN,NaN,NaN,NaN,-0.0665509,-3.14009134E-19,1.41417146,2.804419,Plane,XR.DevicePose:Eye Tracking OpenXR
0.7619171,0.007608235,-0.012899518,0.024492979,-0.029344175,-0.09876698,0.994677842,0.007608235,-0.012899518,0.024492979,-0.029344175,-0.09876698,0.994677842,0.007608235,-0.012899518,0.024492979,-0.029344175,-0.09876698,0.994677842,NaN,NaN,NaN,NaN,-0.07471972,-3.14230819E-19,1.41516984,2.805598,Plane,XR.DevicePose:Eye Tracking OpenXR
0.7729036,0.006811261,-0.0128748417,0.0244851112,-0.0341447033,-0.0981464162,0.994586051,0.006811261,-0.0128748417,0.0244851112,-0.0341447033,-0.0981464162,0.994586051,0.006811261,-0.0128748417,0.0244851112,-0.0341447033,-0.0981464162,0.994586051,NaN,NaN,NaN,NaN,-0.08959934,-3.18143874E-19,1.43279266,2.82358885,Plane,XR.DevicePose:Eye Tracking OpenXR
0.7842027,0.005780101,-0.0128420591,0.02444762,-0.03984338,-0.0987562761,0.994313657,0.005780101,-0.0128420591,0.02444762,-0.03984338,-0.0987562761,0.994313657,0.005780101,-0.0128420591,0.02444762,-0.03984338,-0.0987562761,0.994313657,NaN,NaN,NaN,NaN,-0.10603971,-3.14186332E-19,1.41496944,2.80648422,Plane,XR.DevicePose:Eye Tracking OpenXR
0.7955522,0.004815638,-0.0127868652,0.0243999958,-0.04576661,-0.09922269,0.994012237,0.004815638,-0.0127868652,0.0243999958,-0.04576661,-0.09922269,0.994012237,0.004815638,-0.0127868652,0.0243999958,-0.04576661,-0.09922269,0.994012237,NaN,NaN,NaN,NaN,-0.123049304,-3.11199564E-19,1.40151823,2.7938478,Plane,XR.DevicePose:Eye Tracking OpenXR
0.8064719,0.003741324,-0.0126718283,0.02434212,-0.05239088,-0.09860758,0.99374634,0.003741324,-0.0126718283,0.02434212,-0.05239088,-0.09860758,0.99374634,0.003741324,-0.0126718283,0.02434212,-0.05239088,-0.09860758,0.99374634,NaN,NaN,NaN,NaN,-0.143605024,-3.15124122E-19,1.41919291,2.8124423,Plane,XR.DevicePose:Eye Tracking OpenXR
0.8175286,0.00293886662,-0.0125613213,0.02430141,-0.05431523,-0.09816095,0.9936872,0.00293886662,-0.0125613213,0.02430141,-0.05431523,-0.09816095,0.9936872,0.00293886662,-0.0125613213,0.02430141,-0.05431523,-0.09816095,0.9936872,NaN,NaN,NaN,NaN,-0.150575787,-3.18150285E-19,1.43282151,2.82636476,Plane,XR.DevicePose:Eye Tracking OpenXR
0.8291063,0.00183454156,-0.0124094486,0.0242091417,-0.0610997342,-0.098144874,0.9932947,0.00183454156,-0.0124094486,0.0242091417,-0.0610997342,-0.098144874,0.9932947,0.00183454156,-0.0124094486,0.0242091417,-0.0610997342,-0.098144874,0.9932947,NaN,NaN,NaN,NaN,-0.170978427,-3.18328982E-19,1.43362629,2.828375,Plane,XR.DevicePose:Eye Tracking OpenXR
0.8397937,0.0004104674,-0.0122267008,0.02402234,-0.0691599548,-0.09882993,0.992698133,0.0004104674,-0.0122267008,0.02402234,-0.0691599548,-0.09882993,0.992698133,0.0004104674,-0.0122267008,0.02402234,-0.0691599548,-0.09882993,0.992698133,NaN,NaN,NaN,NaN,-0.193971813,-3.13997657E-19,1.41411972,2.81061888,Plane,XR.DevicePose:Eye Tracking OpenXR
0.8510397,-0.000638574362,-0.0121754408,0.0238419771,-0.0769496,-0.09940405,0.992067337,-0.000638574362,-0.0121754408,0.0238419771,-0.0769496,-0.09940405,0.992067337,-0.000638574362,-0.0121754408,0.0238419771,-0.0769496,-0.09940405,0.992067337,NaN,NaN,NaN,NaN,-0.215705112,-3.10100964E-19,1.39657068,2.79490161,Plane,XR.DevicePose:Eye Tracking OpenXR
0.8623984,-0.00207805634,-0.0121798515,0.0235531926,-0.08532587,-0.101973057,0.991121054,-0.00207805634,-0.0121798515,0.0235531926,-0.08532587,-0.101973057,0.991121054,-0.00207805634,-0.0121798515,0.0235531926,-0.08532587,-0.101973057,0.991121054,NaN,NaN,NaN,NaN,-0.234543771,-2.939457E-19,1.32381368,2.7244463,Plane,XR.DevicePose:Eye Tracking OpenXR
0.8737023,-0.00273987651,-0.0122228861,0.0234183073,-0.08710413,-0.102993652,0.9908608,-0.00273987651,-0.0122228861,0.0234183073,-0.08710413,-0.102993652,0.9908608,-0.00273987651,-0.0122228861,0.0234183073,-0.08710413,-0.102993652,0.9908608,NaN,NaN,NaN,NaN,-0.23766242,-2.87726323E-19,1.29580414,2.69703078,Plane,XR.DevicePose:Eye Tracking OpenXR
0.884929061,-0.00444081426,-0.0123833418,0.02305305,-0.09851731,-0.105488986,0.989528358,-0.00444081426,-0.0123833418,0.02305305,-0.09851731,-0.105488986,0.989528358,-0.00444081426,-0.0123833418,0.02305305,-0.09851731,-0.105488986,0.989528358,NaN,NaN,NaN,NaN,-0.263710052,-2.724942E-19,1.2272048,2.631712,Plane,XR.DevicePose:Eye Tracking OpenXR
0.8967715,-0.00570201874,-0.0124856234,0.0227845311,-0.0583635271,-0.108789757,0.99235,-0.00570201874,-0.0124856234,0.0227845311,-0.0583635271,-0.108789757,0.99235,-0.00570201874,-0.0124856234,0.0227845311,-0.0583635271,-0.108789757,0.99235,NaN,NaN,NaN,NaN,-0.154582918,-2.562821E-19,1.154192,2.55092335,Plane,XR.DevicePose:Eye Tracking OpenXR
0.907143,-0.006743461,-0.0125703812,0.02256769,-0.0623764358,-0.110513225,0.991915345,-0.006743461,-0.0125703812,0.02256769,-0.0623764358,-0.110513225,0.991915345,-0.006743461,-0.0125703812,0.02256769,-0.0623764358,-0.110513225,0.991915345,NaN,NaN,NaN,NaN,-0.163331687,-2.47055016E-19,1.1126368,2.51037455,Plane,XR.DevicePose:Eye Tracking OpenXR
0.9184446,-0.008202225,-0.0127485991,0.0222497582,-0.06483645,-0.11160928,0.9916348,-0.008202225,-0.0127485991,0.0222497582,-0.06483645,-0.11160928,0.9916348,-0.008202225,-0.0127485991,0.0222497582,-0.06483645,-0.11160928,0.9916348,NaN,NaN,NaN,NaN,-0.169264033,-2.41048651E-19,1.08558655,2.48412466,Plane,XR.DevicePose:Eye Tracking OpenXR
0.9294051,-0.00952342153,-0.0130130053,0.0219038129,-0.013631532,-0.10654974,0.994213939,-0.00952342153,-0.0130130053,0.0219038129,-0.013631532,-0.10654974,0.994213939,-0.00952342153,-0.0130130053,0.0219038129,-0.013631532,-0.10654974,0.994213939,NaN,NaN,NaN,NaN,-0.0449599847,-2.67888671E-19,1.20646334,2.59960246,Plane,XR.DevicePose:Eye Tracking OpenXR
0.9404316,-0.0107261837,-0.0133824348,0.02155286,-0.0187092386,-0.102563091,0.9945505,-0.0107261837,-0.0133824348,0.02155286,-0.0187092386,-0.102563091,0.9945505,-0.0107261837,-0.0133824348,0.02155286,-0.0187092386,-0.102563091,0.9945505,NaN,NaN,NaN,NaN,-0.0611858964,-2.89524743E-19,1.30390346,2.69704771,Plane,XR.DevicePose:Eye Tracking OpenXR
0.9521644,-0.0119382143,-0.0138392448,0.0212072134,-0.0170696024,-0.109132409,0.9938806,-0.0119382143,-0.0138392448,0.0212072134,-0.0170696024,-0.109132409,0.9938806,-0.0119382143,-0.0138392448,0.0212072134,-0.0170696024,-0.109132409,0.9938806,NaN,NaN,NaN,NaN,-0.0551330224,-2.52294326E-19,1.13623261,2.530511,Plane,XR.DevicePose:Eye Tracking OpenXR
0.963116765,-0.0132767856,-0.0143965483,0.02086097,-0.0154848481,-0.106578752,0.99418366,-0.0132767856,-0.0143965483,0.02086097,-0.0154848481,-0.106578752,0.99418366,-0.0132767856,-0.0143965483,0.02086097,-0.0154848481,-0.106578752,0.99418366,NaN,NaN,NaN,NaN,-0.053319253,-2.6461774E-19,1.19173229,2.58591318,Plane,XR.DevicePose:Eye Tracking OpenXR
0.973919868,-0.0147554278,-0.0150251389,0.0205221772,-0.0533472672,-0.157661021,0.986051261,-0.0147554278,-0.0150251389,0.0205221772,-0.0533472672,-0.157661021,0.986051261,-0.0147554278,-0.0150251389,0.0205221772,-0.0533472672,-0.157661021,0.986051261,NaN,NaN,NaN,NaN,-0.107797794,-7.55600151E-20,0.340292037,1.74408877,Plane,XR.DevicePose:Eye Tracking OpenXR
0.9858112,-0.0166250765,-0.0158158541,0.0201352239,-0.0590581633,-0.16188398,0.985040963,-0.0166250765,-0.0158158541,0.0201352239,-0.0590581633,-0.16188398,0.985040963,-0.0166250765,-0.0158158541,0.0201352239,-0.0590581633,-0.16188398,0.985040963,NaN,NaN,NaN,NaN,-0.116652317,-6.406082E-20,0.2885043,1.69370747,Plane,XR.DevicePose:Eye Tracking OpenXR
0.9977248,-0.0183323622,-0.0165307522,0.0198135972,-0.07750888,-0.168817028,0.982595146,-0.0183323622,-0.0165307522,0.0198135972,-0.07750888,-0.168817028,0.982595146,-0.0183323622,-0.0165307522,0.0198135972,-0.07750888,-0.168817028,0.982595146,NaN,NaN,NaN,NaN,-0.143890157,-4.696962E-20,0.211532339,1.61991477,Plane,XR.DevicePose:Eye Tracking OpenXR
1.00900412,-0.0203660727,-0.017369628,0.01941955,-0.09772537,-0.17729798,0.9792932,-0.0203660727,-0.017369628,0.01941955,-0.09772537,-0.17729798,0.9792932,-0.0203660727,-0.017369628,0.01941955,-0.09772537,-0.17729798,0.9792932,NaN,NaN,NaN,NaN,-0.170637965,-2.781538E-20,0.125269324,1.53769577,Plane,XR.DevicePose:Eye Tracking OpenXR
1.02051,-0.0225679576,-0.0182538033,0.0189896822,-0.114084862,-0.185138226,0.976067841,-0.0225679576,-0.0182538033,0.0189896822,-0.114084862,-0.185138226,0.976067841,-0.0225679576,-0.0182538033,0.0189896822,-0.114084862,-0.185138226,0.976067841,NaN,NaN,NaN,NaN,-0.190021887,-1.14728287E-20,0.0516690239,1.46780145,Plane,XR.DevicePose:Eye Tracking OpenXR
1.03128564,-0.02457872,-0.0187901258,0.0186127424,-0.190431938,-0.3926763,0.899745,-0.02457872,-0.0187901258,0.0186127424,-0.190431938,-0.3926763,0.899745,-0.02457872,-0.0187901258,0.0186127424,-0.190431938,-0.3926763,0.899745,NaN,NaN,NaN,NaN,-0.1561044,1.68745039E-19,-0.759960055,0.6906703,Plane,XR.DevicePose:Eye Tracking OpenXR
1.04200435,-0.0257008374,-0.01880145,0.0183858275,-0.188814223,-0.388654023,0.901829958,-0.0257008374,-0.01880145,0.0183858275,-0.188814223,-0.388654023,0.901829958,-0.0257008374,-0.01880145,0.0183858275,-0.188814223,-0.388654023,0.901829958,NaN,NaN,NaN,NaN,-0.157453358,1.67050185E-19,-0.752327144,0.697789133,Plane,XR.DevicePose:Eye Tracking OpenXR
1.05279756,-0.0268569887,-0.0184010267,0.0181836486,-0.201945931,-0.3855389,0.9003208,-0.0268569887,-0.0184010267,0.0181836486,-0.201945931,-0.3855389,0.9003208,-0.0268569887,-0.0184010267,0.0181836486,-0.201945931,-0.3855389,0.9003208,NaN,NaN,NaN,NaN,-0.169120967,1.65994133E-19,-0.7475711,0.704465747,Plane,XR.DevicePose:Eye Tracking OpenXR
1.06357276,-0.0276206136,-0.017596364,0.0180574656,-0.188706592,-0.3590158,0.9140555,-0.0276206136,-0.017596364,0.0180574656,-0.188706592,-0.3590158,0.9140555,-0.0276206136,-0.017596364,0.0180574656,-0.188706592,-0.3590158,0.9140555,NaN,NaN,NaN,NaN,-0.170801923,1.528559E-19,-0.688401759,0.7587511,Plane,XR.DevicePose:Eye Tracking OpenXR
1.07417393,-0.028203547,-0.0166344643,0.0179654956,-0.197350562,-0.350449145,0.915553451,-0.028203547,-0.0166344643,0.0179654956,-0.197350562,-0.350449145,0.915553451,-0.028203547,-0.0166344643,0.0179654956,-0.197350562,-0.350449145,0.915553451,NaN,NaN,NaN,NaN,-0.182145566,1.48295428E-19,-0.6678632,0.7800434,Plane,XR.DevicePose:Eye Tracking OpenXR
1.08559668,-0.028559655,-0.0156787634,0.0178403854,-0.203246191,-0.341519922,0.9176356,-0.028559655,-0.0156787634,0.0178403854,-0.203246191,-0.341519922,0.9176356,-0.028559655,-0.0156787634,0.0178403854,-0.203246191,-0.341519922,0.9176356,NaN,NaN,NaN,NaN,-0.191814378,1.432368E-19,-0.6450812,0.803236365,Plane,XR.DevicePose:Eye Tracking OpenXR
1.09689474,-0.0286820233,-0.0152208805,0.0177353024,-0.1982822,-0.336391479,0.9206112,-0.0286820233,-0.0152208805,0.0177353024,-0.1982822,-0.336391479,0.9206112,-0.0286820233,-0.0152208805,0.0177353024,-0.1982822,-0.336391479,0.9206112,NaN,NaN,NaN,NaN,-0.1906475,1.39947961E-19,-0.6302696,0.8168432,Plane,XR.DevicePose:Eye Tracking OpenXR
1.107822,-0.0289109647,-0.0140874386,0.0172837973,-0.155353725,-0.317682743,0.935383856,-0.0289109647,-0.0140874386,0.0172837973,-0.155353725,-0.317682743,0.935383856,-0.0289109647,-0.0140874386,0.0172837973,-0.155353725,-0.317682743,0.935383856,NaN,NaN,NaN,NaN,-0.163838148,1.2663657E-19,-0.5703204,0.868516,Plane,XR.DevicePose:Eye Tracking OpenXR
1.11880255,-0.0288024247,-0.01358223,0.0169141889,-0.109623112,-0.3420043,0.9332823,-0.0288024247,-0.01358223,0.0169141889,-0.109623112,-0.3420043,0.9332823,-0.0288024247,-0.01358223,0.0169141889,-0.109623112,-0.3420043,0.9332823,NaN,NaN,NaN,NaN,-0.117402986,1.39617218E-19,-0.628780067,0.80822885,Plane,XR.DevicePose:Eye Tracking OpenXR
1.130071,-0.02870372,-0.0130220652,0.0163565874,-0.116318583,-0.327631742,0.937617958,-0.02870372,-0.0130220652,0.0163565874,-0.116318583,-0.327631742,0.937617958,-0.02870372,-0.0130220652,0.0163565874,-0.116318583,-0.327631742,0.937617958,NaN,NaN,NaN,NaN,-0.127038762,1.312254E-19,-0.590986669,0.845394,Plane,XR.DevicePose:Eye Tracking OpenXR
1.141198,-0.0284979939,-0.0127046108,0.0158853531,-0.114518195,-0.326334238,0.938291848,-0.0284979939,-0.0127046108,0.0158853531,-0.114518195,-0.326334238,0.938291848,-0.0284979939,-0.0127046108,0.0158853531,-0.114518195,-0.326334238,0.938291848,NaN,NaN,NaN,NaN,-0.12580733,1.3030054E-19,-0.586821437,0.849728167,Plane,XR.DevicePose:Eye Tracking OpenXR
1.15291822,-0.0280984938,-0.0124362707,0.0154288411,-0.104637571,-0.3268699,0.939258754,-0.0280984938,-0.0124362707,0.0154288411,-0.104637571,-0.3268699,0.939258754,-0.0280984938,-0.0124362707,0.0154288411,-0.104637571,-0.3268699,0.939258754,NaN,NaN,NaN,NaN,-0.116952173,1.303387E-19,-0.5869932,0.8491565,Plane,XR.DevicePose:Eye Tracking OpenXR
1.16391134,-0.0275862515,-0.0122233629,0.0151183605,-0.102947749,-0.324662983,0.940210462,-0.0275862515,-0.0122233629,0.0151183605,-0.102947749,-0.324662983,0.940210462,-0.0275862515,-0.0122233629,0.0151183605,-0.102947749,-0.324662983,0.940210462,NaN,NaN,NaN,NaN,-0.115666747,1.288862E-19,-0.580451846,0.8555845,Plane,XR.DevicePose:Eye Tracking OpenXR
1.17466736,-0.0269024968,-0.0119438171,0.014909327,-0.0984353647,-0.3220362,0.9415961,-0.0269024968,-0.0119438171,0.014909327,-0.0984353647,-0.3220362,0.9415961,-0.0269024968,-0.0119438171,0.014909327,-0.0984353647,-0.3220362,0.9415961,NaN,NaN,NaN,NaN,-0.111894667,1.27028821E-19,-0.572087,0.863431334,Plane,XR.DevicePose:Eye Tracking OpenXR
1.18590617,-0.0261613429,-0.011670351,0.0148144364,-0.09341986,-0.3192203,0.943064749,-0.0261613429,-0.011670351,0.0148144364,-0.09341986,-0.3192203,0.943064749,-0.0261613429,-0.011670351,0.0148144364,-0.09341986,-0.3192203,0.943064749,NaN,NaN,NaN,NaN,-0.107614547,1.24994047E-19,-0.562923133,0.8719045,Plane,XR.DevicePose:Eye Tracking OpenXR
1.19695842,-0.0253337026,-0.011356473,0.0147296786,-0.1251224,0.0344948024,0.991541445,-0.0253337026,-0.011356473,0.0147296786,-0.1251224,0.0344948024,0.991541445,-0.0253337026,-0.011356473,0.0147296786,-0.1251224,0.0344948024,0.991541445,NaN,NaN,NaN,NaN,-2.34596682,0.91841507,17.004755,18.5469055,Grass(Clone),XR.DevicePose:Eye Tracking OpenXR
1.20903385,-0.0242216885,-0.0109657049,0.014697969,-0.114741258,0.03378202,0.992820859,-0.0242216885,-0.0109657049,0.014697969,-0.114741258,0.03378202,0.992820859,-0.0242216885,-0.0109657049,0.014697969,-0.114741258,0.03378202,0.992820859,NaN,NaN,NaN,NaN,-2.15192318,0.9054706,17.0250473,18.5434761,Grass(Clone),XR.DevicePose:Eye Tracking OpenXR
1.21959412,-0.0233967,-0.0107249022,0.0147124529,-0.105118766,0.0352262221,0.993835568,-0.0233967,-0.0107249022,0.0147124529,-0.105118766,0.0352262221,0.993835568,-0.0233967,-0.0107249022,0.0147124529,-0.105118766,0.0352262221,0.993835568,NaN,NaN,NaN,NaN,-1.97287893,0.932563961,17.04591,18.54552,Grass(Clone),XR.DevicePose:Eye Tracking OpenXR
1.23033893,-0.022567153,-0.0105476379,0.0147522688,-0.09825833,0.03435435,0.9945678,-0.022567153,-0.0105476379,0.0147522688,-0.09825833,0.03435435,0.9945678,-0.022567153,-0.0105476379,0.0147522688,-0.09825833,0.03435435,0.9945678,NaN,NaN,NaN,NaN,-1.84468472,0.916525066,17.0581741,18.544157,Grass(Clone),XR.DevicePose:Eye Tracking OpenXR
1.24172711,-0.02171722,-0.0104835033,0.0148406625,-0.09133319,0.03483825,0.9952108,-0.02171722,-0.0104835033,0.0148406625,-0.09133319,0.03483825,0.9952108,-0.02171722,-0.0104835033,0.0148406625,-0.09133319,0.03483825,0.9952108,NaN,NaN,NaN,NaN,-1.7156198,0.92564106,17.0724258,18.5464058,Grass(Clone),XR.DevicePose:Eye Tracking OpenXR
1.25283194,-0.0209602118,-0.01052475,0.0149377584,-0.08528463,0.0334004164,0.9957966,-0.0209602118,-0.01052475,0.0149377584,-0.08528463,0.0334004164,0.9957966,-0.0209602118,-0.01052475,0.0149377584,-0.08528463,0.0334004164,0.9957966,NaN,NaN,NaN,NaN,-1.60258925,0.8988967,17.08229,18.5453053,Grass(Clone),XR.DevicePose:Eye Tracking OpenXR
1.26378834,-0.0201773942,-0.0106265545,0.01500982,-0.08218612,0.0311319046,0.996130645,-0.0201773942,-0.0106265545,0.01500982,-0.08218612,0.0311319046,0.996130645,-0.0201773942,-0.0106265545,0.01500982,-0.08218612,0.0311319046,0.996130645,NaN,NaN,NaN,NaN,-1.54404366,0.856610656,17.0849113,18.5416489,Grass(Clone),XR.DevicePose:Eye Tracking OpenXR
1.27524221,-0.0194728971,-0.0106990337,0.015067637,-0.07694052,0.0320741758,0.9965196,-0.0194728971,-0.0106990337,0.015067637,-0.07694052,0.0320741758,0.9965196,-0.0194728971,-0.0106990337,0.015067637,-0.07694052,0.0320741758,0.9965196,NaN,NaN,NaN,NaN,-1.44609237,0.8740155,17.0923824,18.5418453,Grass(Clone),XR.DevicePose:Eye Tracking OpenXR
1.28672588,-0.01882717,-0.010799408,0.01513797,-0.0714893341,0.0310418215,0.9969582,-0.01882717,-0.010799408,0.01513797,-0.0714893341,0.0310418215,0.9969582,-0.01882717,-0.010799408,0.01513797,-0.0714893341,0.0310418215,0.9969582,NaN,NaN,NaN,NaN,-1.34413922,0.854672849,17.0973434,18.5385971,Grass(Clone),XR.DevicePose:Eye Tracking OpenXR
1.297275,-0.018101424,-0.010846138,0.0152534246,-0.0659451038,0.0303524,0.9973615,-0.018101424,-0.010846138,0.0152534246,-0.0659451038,0.0303524,0.9973615,-0.018101424,-0.010846138,0.0152534246,-0.0659451038,0.0303524,0.9973615,NaN,NaN,NaN,NaN,-1.24049628,0.841782868,17.1028957,18.53655,Grass(Clone),XR.DevicePose:Eye Tracking OpenXR
1.3086164,-0.0174789131,-0.0108801126,0.0153669119,-0.06523448,0.029371215,0.9974376,-0.0174789131,-0.0108801126,0.0153669119,-0.06523448,0.029371215,0.9974376,-0.0174789131,-0.0108801126,0.0153669119,-0.06523448,0.029371215,0.9974376,NaN,NaN,NaN,NaN,-1.226569,0.8235019,17.1023979,18.5345249,Grass(Clone),XR.DevicePose:Eye Tracking OpenXR
1.320246,-0.0168171227,-0.0109579563,0.015522778,-0.0600912459,0.0297501534,0.997749448,-0.0168171227,-0.0109579563,0.015522778,-0.0600912459,0.0297501534,0.997749448,-0.0168171227,-0.0109579563,0.015522778,-0.0600912459,0.0297501534,0.997749448,NaN,NaN,NaN,NaN,-1.13061738,0.8304658,17.1089573,18.53515,Grass(Clone),XR.DevicePose:Eye Tracking OpenXR
1.33109415,-0.0161714256,-0.0110287666,0.0156719089,-0.0555163175,0.02883926,0.9980412,-0.0161714256,-0.0110287666,0.0156719089,-0.0555163175,0.02883926,0.9980412,-0.0161714256,-0.0110287666,0.0156719089,-0.0555163175,0.02883926,0.9980412,NaN,NaN,NaN,NaN,-1.04509366,0.813469768,17.1130619,18.5336952,Grass(Clone),XR.DevicePose:Eye Tracking OpenXR
1.34223819,-0.015499413,-0.01109767,0.015879631,-0.0531842075,0.0286282822,0.99817425,-0.015499413,-0.01109767,0.015879631,-0.0531842075,0.0286282822,0.99817425,-0.015499413,-0.01109767,0.015879631,-0.0531842075,0.0286282822,0.99817425,NaN,NaN,NaN,NaN,-1.00118792,0.8094845,17.1155243,18.5334835,Grass(Clone),XR.DevicePose:Eye Tracking OpenXR
1.353659,-0.0149200261,-0.0111498833,0.016053915,-0.0485260449,0.0283507481,0.998419464,-0.0149200261,-0.0111498833,0.016053915,-0.0485260449,0.0283507481,0.998419464,-0.0149200261,-0.0111498833,0.016053915,-0.0485260449,0.0283507481,0.998419464,NaN,NaN,NaN,NaN,-0.914294,0.8042985,17.1206017,18.5338383,Grass(Clone),XR.DevicePose:Eye Tracking OpenXR
1.36497188,-0.0143939257,-0.0111842155,0.016218245,-0.04538096,0.028938612,0.998550534,-0.0143939257,-0.0111842155,0.016218245,-0.04538096,0.028938612,0.998550534,-0.0143939257,-0.0111842155,0.016218245,-0.04538096,0.028938612,0.998550534,NaN,NaN,NaN,NaN,-0.8555646,0.8152156,17.1251163,18.5357666,Grass(Clone),XR.DevicePose:Eye Tracking OpenXR
1.37657821,-0.0139376819,-0.0112090111,0.0163508058,-0.04707317,0.0285465047,0.9984835,-0.0139376819,-0.0112090111,0.0163508058,-0.04707317,0.0285465047,0.9984835,-0.0139376819,-0.0112090111,0.0163508058,-0.04707317,0.0285465047,0.9984835,NaN,NaN,NaN,NaN,-0.8864097,0.807883143,17.1226254,18.5343838,Grass(Clone),XR.DevicePose:Eye Tracking OpenXR
1.38715124,-0.0135428607,-0.0112327337,0.0164713264,-0.042612914,0.0291570183,0.9986661,-0.0135428607,-0.0112327337,0.0164713264,-0.042612914,0.0291570183,0.9986661,-0.0135428607,-0.0112327337,0.0164713264,-0.042612914,0.0291570183,0.9986661,NaN,NaN,NaN,NaN,-0.803456247,0.8192498,17.1286983,18.536953,Grass(Clone),XR.DevicePose:Eye Tracking OpenXR
1.39801466,-0.0131441951,-0.0112279654,0.01658839,-0.0382225737,0.0293377172,0.9988385,-0.0131441951,-0.0112279654,0.01658839,-0.0382225737,0.0293377172,0.9988385,-0.0131441951,-0.0112279654,0.01658839,-0.0382225737,0.0293377172,0.9988385,NaN,NaN,NaN,NaN,-0.72166574,0.8225976,17.1317863,18.5367279,Grass(Clone),XR.DevicePose:Eye Tracking OpenXR
1.40937078,-0.0127604306,-0.0112826824,0.016679585,-0.0223174486,0.08892183,0.9957886,-0.0127604306,-0.0112826824,0.016679585,-0.0223174486,0.08892183,0.9957886,-0.0127604306,-0.0112826824,0.016679585,-0.0223174486,0.08892183,0.9957886,NaN,NaN,NaN,NaN,-0.4297338,1.94011021,17.2217331,18.6837368,Grass(Clone),XR.DevicePose:Eye Tracking OpenXR
1.42089593,-0.01247102,-0.0113385916,0.01674956,-0.0217797924,0.08564331,0.9960878,-0.01247102,-0.0113385916,0.01674956,-0.0217797924,0.08564331,0.9960878,-0.01247102,-0.0113385916,0.01674956,-0.0217797924,0.08564331,0.9960878,NaN,NaN,NaN,NaN,-0.419178,1.87792969,17.217289,18.6735935,Grass(Clone),XR.DevicePose:Eye Tracking OpenXR
1.43167222,-0.0122035444,-0.0114395618,0.016803503,-0.0246038139,0.0836899951,0.996188045,-0.0122035444,-0.0114395618,0.016803503,-0.0246038139,0.0836899951,0.996188045,-0.0122035444,-0.0114395618,0.016803503,-0.0246038139,0.0836899951,0.996188045,NaN,NaN,NaN,NaN,-0.4715019,1.84086573,17.2134132,18.6677666,Grass(Clone),XR.DevicePose:Eye Tracking OpenXR
1.44274545,-0.0119813383,-0.0115772486,0.016854167,-0.0244863313,0.0839892253,0.996165752,-0.0119813383,-0.0115772486,0.016854167,-0.0244863313,0.0839892253,0.996165752,-0.0119813383,-0.0115772486,0.016854167,-0.0244863313,0.0839892253,0.996165752,NaN,NaN,NaN,NaN,-0.469107,1.84638476,17.2138767,18.6686039,Grass(Clone),XR.DevicePose:Eye Tracking OpenXR
1.45407593,-0.0118077993,-0.0117237568,0.0168820024,-0.0260557737,0.08090207,0.9963814,-0.0118077993,-0.0117237568,0.0168820024,-0.0260557737,0.08090207,0.9963814,-0.0118077993,-0.0117237568,0.0168820024,-0.0260557737,0.08090207,0.9963814,NaN,NaN,NaN,NaN,-0.497996032,1.78787053,17.2088814,18.6595211,Grass(Clone),XR.DevicePose:Eye Tracking OpenXR
1.465107,-0.0117323995,-0.0118973255,0.0169028044,-0.02886874,0.08018913,0.996361554,-0.0117323995,-0.0118973255,0.0169028044,-0.02886874,0.08018913,0.996361554,-0.0117323995,-0.0118973255,0.0169028044,-0.02886874,0.08018913,0.996361554,NaN,NaN,NaN,NaN,-0.550358057,1.77425158,17.2067642,18.6577473,Grass(Clone),XR.DevicePose:Eye Tracking OpenXR
1.47698665,-0.0116150379,-0.0120457411,0.0169027448,-0.0310460124,0.07761674,0.9964998,-0.0116150379,-0.0120457411,0.0169027448,-0.0310460124,0.07761674,0.9964998,-0.0116150379,-0.0120457411,0.0169027448,-0.0310460124,0.07761674,0.9964998,NaN,NaN,NaN,NaN,-0.5906433,1.72555721,17.2022667,18.6506462,Grass(Clone),XR.DevicePose:Eye Tracking OpenXR
1.4877547,-0.0115067959,-0.0121206045,0.0169294477,-0.0323086977,0.07700549,0.996507049,-0.0115067959,-0.0121206045,0.0169294477,-0.0323086977,0.07700549,0.996507049,-0.0115067959,-0.0121206045,0.0169294477,-0.0323086977,0.07700549,0.996507049,NaN,NaN,NaN,NaN,-0.614035547,1.71396363,17.2009068,18.6491165,Grass(Clone),XR.DevicePose:Eye Tracking OpenXR
1.49845612,-0.0114024878,-0.012168169,0.01693505,-0.03378491,0.0769526139,0.996462166,-0.0114024878,-0.012168169,0.01693505,-0.03378491,0.0769526139,0.996462166,-0.0114024878,-0.012168169,0.01693505,-0.03378491,0.0769526139,0.996462166,NaN,NaN,NaN,NaN,-0.641467452,1.71294451,17.2002563,18.6492977,Grass(Clone),XR.DevicePose:Eye Tracking OpenXR
1.50965583,-0.0112639368,-0.0121597052,0.0169688463,-0.0354659334,0.07667167,0.99642545,-0.0112639368,-0.0121597052,0.0169688463,-0.0354659334,0.07667167,0.99642545,-0.0112639368,-0.0121597052,0.0169688463,-0.0354659334,0.07667167,0.99642545,NaN,NaN,NaN,NaN,-0.6726647,1.70768321,17.1992073,18.6489029,Grass(Clone),XR.DevicePose:Eye Tracking OpenXR
1.52098775,-0.0111387074,-0.0121479034,0.0170004964,-0.0367594324,0.0776661038,0.996301532,-0.0111387074,-0.0121479034,0.0170004964,-0.0367594324,0.0776661038,0.996301532,-0.0111387074,-0.0121479034,0.0170004964,-0.0367594324,0.0776661038,0.996301532,NaN,NaN,NaN,NaN,-0.6967794,1.72648859,17.2001133,18.6521,Grass(Clone),XR.DevicePose:Eye Tracking OpenXR
1.53256392,-0.0110651553,-0.0120940208,0.0170378685,-0.03851588,0.07833524,0.9961828,-0.0110651553,-0.0120940208,0.0170378685,-0.03851588,0.07833524,0.9961828,-0.0110651553,-0.0120940208,0.0170378685,-0.03851588,0.07833524,0.9961828,NaN,NaN,NaN,NaN,-0.7295618,1.73921549,17.2003822,18.6545525,Grass(Clone),XR.DevicePose:Eye Tracking OpenXR
1.54324508,-0.0110240579,-0.0120482445,0.0171046853,-0.0396840461,0.0789280161,0.9960901,-0.0110240579,-0.0120482445,0.0171046853,-0.0396840461,0.0789280161,0.9960901,-0.0110240579,-0.0120482445,0.0171046853,-0.0396840461,0.0789280161,0.9960901,NaN,NaN,NaN,NaN,-0.7513939,1.750481,17.20077,18.6566086,Grass(Clone),XR.DevicePose:Eye Tracking OpenXR
1.55435026,-0.0110159218,-0.0119816065,0.0171632171,-0.0417487361,0.08000435,0.9959198,-0.0110159218,-0.0119816065,0.0171632171,-0.0417487361,0.08000435,0.9959198,-0.0110159218,-0.0119816065,0.0171632171,-0.0417487361,0.08000435,0.9959198,NaN,NaN,NaN,NaN,-0.790048242,1.7709024,17.2010574,18.66003,Grass(Clone),XR.DevicePose:Eye Tracking OpenXR
1.5656904,-0.0110558569,-0.0118919611,0.0172297955,-0.0435433947,0.08025684,0.995822668,-0.0110558569,-0.0118919611,0.0172297955,-0.0435433947,0.08025684,0.995822668,-0.0110558569,-0.0118919611,0.0172297955,-0.0435433947,0.08025684,0.995822668,NaN,NaN,NaN,NaN,-0.8235768,1.77570343,17.1993084,18.6600285,Grass(Clone),XR.DevicePose:Eye Tracking OpenXR
1.57679188,-0.0110907257,-0.0118360519,0.0172721148,-0.045365762,0.0813491,0.9956527,-0.0110907257,-0.0118360519,0.0172721148,-0.045365762,0.0813491,0.9956527,-0.0110907257,-0.0118360519,0.0172721148,-0.045365762,0.0813491,0.9956527,NaN,NaN,NaN,NaN,-0.857732356,1.79634821,17.1987114,18.6625729,Grass(Clone),XR.DevicePose:Eye Tracking OpenXR
1.58848834,-0.0110907257,-0.0118360519,0.0172721148,-0.045365762,0.0813491,0.9956527,-0.0110907257,-0.0118360519,0.0172721148,-0.045365762,0.0813491,0.9956527,-0.0110907257,-0.0118360519,0.0172721148,-0.045365762,0.0813491,0.9956527,NaN,NaN,NaN,NaN,-0.857732356,1.79634821,17.1987114,18.6625729,Grass(Clone),XR.DevicePose:Eye Tracking OpenXR
1.599387,-0.011059314,-0.0118002892,0.0173703432,-0.0495336726,0.08219532,0.9953845,-0.011059314,-0.0118002892,0.0173703432,-0.0495336726,0.08219532,0.9953845,-0.011059314,-0.0118002892,0.0173703432,-0.0495336726,0.08219532,0.9953845,NaN,NaN,NaN,NaN,-0.935544968,1.81227648,17.1950111,18.6637859,Grass(Clone),XR.DevicePose:Eye Tracking OpenXR
1.61036944,-0.0110535324,-0.0118125677,0.0173790455,-0.0496559441,0.08229483,0.9953702,-0.0110535324,-0.0118125677,0.0173790455,-0.0496559441,0.08229483,0.9953702,-0.0110535324,-0.0118125677,0.0173790455,-0.0496559441,0.08229483,0.9953702,NaN,NaN,NaN,NaN,-0.9378339,1.81414223,17.1950073,18.6640415,Grass(Clone),XR.DevicePose:Eye Tracking OpenXR
1.62200093,-0.0109981,-0.011862874,0.0174586177,-0.0516201332,0.08206264,0.995289445,-0.0109981,-0.011862874,0.0174586177,-0.0516201332,0.08206264,0.995289445,-0.0109981,-0.011862874,0.0174586177,-0.0516201332,0.08206264,0.995289445,NaN,NaN,NaN,NaN,-0.9743756,1.80965889,17.1923714,18.6628284,Grass(Clone),XR.DevicePose:Eye Tracking OpenXR
1.63259792,-0.0109926164,-0.0118728876,0.017531395,-0.05277684,0.08234019,0.9952059,-0.0109926164,-0.0118728876,0.017531395,-0.05277684,0.08234019,0.9952059,-0.0109926164,-0.0118728876,0.017531395,-0.05277684,0.08234019,0.9952059,NaN,NaN,NaN,NaN,-0.995985031,1.81487179,17.1914043,18.66335,Grass(Clone),XR.DevicePose:Eye Tracking OpenXR
1.6436758,-0.0109689832,-0.0119007826,0.0176217556,-0.0532757044,0.08263991,0.99515444,-0.0109689832,-0.0119007826,0.0176217556,-0.0532757044,0.08263991,0.99515444,-0.0109689832,-0.0119007826,0.0176217556,-0.0532757044,0.08263991,0.99515444,NaN,NaN,NaN,NaN,-1.00530958,1.82049608,17.19124,18.6640587,Grass(Clone),XR.DevicePose:Eye Tracking OpenXR
1.65482342,-0.0109804571,-0.0119122267,0.0177368522,-0.053278517,0.08241973,0.99517256,-0.0109804571,-0.0119122267,0.0177368522,-0.053278517,0.08241973,0.99517256,-0.0109804571,-0.0119122267,0.0177368522,-0.053278517,0.08241973,0.99517256,NaN,NaN,NaN,NaN,-1.00533247,1.81631148,17.1909237,18.6632862,Grass(Clone),XR.DevicePose:Eye Tracking OpenXR
1.66619456,-0.0109819472,-0.0119612217,0.0178304911,-0.05350633,0.0826881155,0.995138049,-0.0109819472,-0.0119612217,0.0178304911,-0.05350633,0.0826881155,0.995138049,-0.0109819472,-0.0119612217,0.0178304911,-0.05350633,0.0826881155,0.995138049,NaN,NaN,NaN,NaN,-1.0096209,1.82132661,17.1910324,18.6639481,Grass(Clone),XR.DevicePose:Eye Tracking OpenXR
1.67705464,-0.010935545,-0.0119808912,0.0178949833,-0.0540809222,0.08175262,0.9951843,-0.010935545,-0.0119808912,0.0178949833,-0.0540809222,0.08175262,0.9951843,-0.010935545,-0.0119808912,0.0178949833,-0.0540809222,0.08175262,0.9951843,NaN,NaN,NaN,NaN,-1.02013993,1.80360627,17.1890373,18.6610088,Grass(Clone),XR.DevicePose:Eye Tracking OpenXR
1.68834114,-0.0108932555,-0.0120174885,0.0179585218,-0.0544285141,0.08178418,0.9951627,-0.0108932555,-0.0120174885,0.0179585218,-0.0544285141,0.08178418,0.9951627,-0.0108932555,-0.0120174885,0.0179585218,-0.0544285141,0.08178418,0.9951627,NaN,NaN,NaN,NaN,-1.02658284,1.80415654,17.1886749,18.660984,Grass(Clone),XR.DevicePose:Eye Tracking OpenXR
1.69956315,-0.0108473,-0.0120352507,0.01800263,-0.0544360057,0.0809876844,0.995227456,-0.0108473,-0.0120352507,0.01800263,-0.0544360057,0.0809876844,0.995227456,-0.0108473,-0.0120352507,0.01800263,-0.0544360057,0.0809876844,0.995227456,NaN,NaN,NaN,NaN,-1.02654636,1.78908157,17.1875439,18.65859,Grass(Clone),XR.DevicePose:Eye Tracking OpenXR
1.71071219,-0.0107842088,-0.0120410919,0.0180363655,-0.0546983145,0.08045016,0.995256662,-0.0107842088,-0.0120410919,0.0180363655,-0.0546983145,0.08045016,0.995256662,-0.0107842088,-0.0120410919,0.0180363655,-0.0546983145,0.08045016,0.995256662,NaN,NaN,NaN,NaN,-1.03128743,1.7789135,17.1864815,18.65694,Grass(Clone),XR.DevicePose:Eye Tracking OpenXR
1.72164214,-0.01072818,-0.01206851,0.0180746913,-0.0542109944,0.0799746662,0.9953217,-0.01072818,-0.01206851,0.0180746913,-0.0542109944,0.0799746662,0.9953217,-0.01072818,-0.01206851,0.0180746913,-0.0542109944,0.0799746662,0.9953217,NaN,NaN,NaN,NaN,-1.02206612,1.76990676,17.1863842,18.65559,Grass(Clone),XR.DevicePose:Eye Tracking OpenXR
1.73308,-0.0107156634,-0.01204133,0.0180652738,-0.0540405065,0.0796117857,0.99536,-0.0107156634,-0.01204133,0.0180652738,-0.0540405065,0.0796117857,0.99536,-0.0107156634,-0.01204133,0.0180652738,-0.0540405065,0.0796117857,0.99536,NaN,NaN,NaN,NaN,-1.018818,1.76308286,17.1860752,18.6545677,Grass(Clone),XR.DevicePose:Eye Tracking OpenXR
1.74411809,-0.0107122958,-0.0120009184,0.0180165768,-0.0538675934,0.07892823,0.995423853,-0.0107122958,-0.0120009184,0.0180165768,-0.0538675934,0.07892823,0.995423853,-0.0107122958,-0.0120009184,0.0180165768,-0.0538675934,0.07892823,0.995423853,NaN,NaN,NaN,NaN,-1.01548612,1.75022113,17.18532,18.65266,Grass(Clone),XR.DevicePose:Eye Tracking OpenXR
1.75519276,-0.0107163489,-0.0119755268,0.0180000067,-0.0548449978,0.07889633,0.995373,-0.0107163489,-0.0119755268,0.0180000067,-0.0548449978,0.07889633,0.995373,-0.0107163489,-0.0119755268,0.0180000067,-0.0548449978,0.07889633,0.995373,NaN,NaN,NaN,NaN,-1.03370893,1.74963355,17.1841278,18.6524334,Grass(Clone),XR.DevicePose:Eye Tracking OpenXR
1.76662135,-0.0107081234,-0.0119677782,0.0180081725,-0.0557712354,0.07921214,0.9952964,-0.0107081234,-0.0119677782,0.0180081725,-0.0557712354,0.07921214,0.9952964,-0.0107081234,-0.0119677782,0.0180081725,-0.0557712354,0.07921214,0.9952964,NaN,NaN,NaN,NaN,-1.05102086,1.75559378,17.1834869,18.6532173,Grass(Clone),XR.DevicePose:Eye Tracking OpenXR
1.77747548,-0.0107195675,-0.011941433,0.01801598,-0.0557459071,0.0795269758,0.995272756,-0.0107195675,-0.011941433,0.01801598,-0.0557459071,0.0795269758,0.995272756,-0.0107195675,-0.011941433,0.01801598,-0.0557459071,0.0795269758,0.995272756,NaN,NaN,NaN,NaN,-1.05061078,1.761566,17.1839619,18.65413,Grass(Clone),XR.DevicePose:Eye Tracking OpenXR
1.78866172,-0.0107344985,-0.0119497776,0.0180196166,-0.0568082333,0.07957514,0.995208859,-0.0107344985,-0.0119497776,0.0180196166,-0.0568082333,0.07957514,0.995208859,-0.0107344985,-0.0119497776,0.0180196166,-0.0568082333,0.07957514,0.995208859,NaN,NaN,NaN,NaN,-1.070443,1.76245654,17.1827812,18.6541367,Grass(Clone),XR.DevicePose:Eye Tracking OpenXR
1.79968166,-0.0107619166,-0.0119633675,0.0180017948,-0.05755526,0.08013087,0.9951213,-0.0107619166,-0.0119633675,0.0180017948,-0.05755526,0.08013087,0.9951213,-0.0107619166,-0.0119633675,0.0180017948,-0.05755526,0.08013087,0.9951213,NaN,NaN,NaN,NaN,-1.08449554,1.77293456,17.1826839,18.6556988,Grass(Clone),XR.DevicePose:Eye Tracking OpenXR
1.81094766,-0.0107852221,-0.0119987726,0.017986238,-0.05826186,0.08030154,0.995066464,-0.0107852221,-0.0119987726,0.017986238,-0.05826186,0.08030154,0.995066464,-0.0107852221,-0.0119987726,0.017986238,-0.05826186,0.08030154,0.995066464,NaN,NaN,NaN,NaN,-1.09772706,1.77611947,17.18209,18.656147,Grass(Clone),XR.DevicePose:Eye Tracking OpenXR
1.82215583,-0.0108326375,-0.0120054483,0.0179578662,-0.05890081,0.08087284,0.994982541,-0.0108326375,-0.0120054483,0.0179578662,-0.05890081,0.08087284,0.994982541,-0.0108326375,-0.0120054483,0.0179578662,-0.05890081,0.08087284,0.994982541,NaN,NaN,NaN,NaN,-1.10979211,1.78690469,17.1821423,18.6578,Grass(Clone),XR.DevicePose:Eye Tracking OpenXR
1.83303154,-0.0108775795,-0.0120409727,0.0179803371,-0.05891185,0.0812322944,0.9949526,-0.0108775795,-0.0120409727,0.0179803371,-0.05891185,0.0812322944,0.9949526,-0.0108775795,-0.0120409727,0.0179803371,-0.05891185,0.0812322944,0.9949526,NaN,NaN,NaN,NaN,-1.11010385,1.79365921,17.18263,18.6588287,Grass(Clone),XR.DevicePose:Eye Tracking OpenXR
1.844485,-0.010943979,-0.0120702982,0.01801312,-0.0599591658,0.08151139,0.9948672,-0.010943979,-0.0120702982,0.01801312,-0.0599591658,0.08151139,0.9948672,-0.010943979,-0.0120702982,0.01801312,-0.0599591658,0.08151139,0.9948672,NaN,NaN,NaN,NaN,-1.129755,1.79889619,17.1817875,18.65955,Grass(Clone),XR.DevicePose:Eye Tracking OpenXR
1.85573685,-0.01104328,-0.0120897293,0.01803255,-0.0599014238,0.0823511556,0.9948015,-0.01104328,-0.0120897293,0.01803255,-0.0599014238,0.0823511556,0.9948015,-0.01104328,-0.0120897293,0.01803255,-0.0599014238,0.0823511556,0.9948015,NaN,NaN,NaN,NaN,-1.12892461,1.81474936,17.1830311,18.662014,Grass(Clone),XR.DevicePose:Eye Tracking OpenXR
1.86687684,-0.01110962,-0.0120794773,0.0179895759,-0.05979591,0.08213608,0.994825661,-0.01110962,-0.0120794773,0.0179895759,-0.05979591,0.08213608,0.994825661,-0.01110962,-0.0120794773,0.0179895759,-0.05979591,0.08213608,0.994825661,NaN,NaN,NaN,NaN,-1.126986,1.8106972,17.182848,18.66142,Grass(Clone),XR.DevicePose:Eye Tracking OpenXR
1.8780272,-0.01118502,-0.0121024847,0.017899096,-0.05993242,0.0822510645,0.994807959,-0.01118502,-0.0121024847,0.017899096,-0.05993242,0.0822510645,0.994807959,-0.01118502,-0.0121024847,0.017899096,-0.05993242,0.0822510645,0.994807959,NaN,NaN,NaN,NaN,-1.12963414,1.81285441,17.1828442,18.66184,Grass(Clone),XR.DevicePose:Eye Tracking OpenXR
1.889483,-0.0112240613,-0.0121124983,0.0178388953,-0.0600998364,0.08222594,0.9947999,-0.0112240613,-0.0121124983,0.0178388953,-0.0600998364,0.08222594,0.9947999,-0.0112240613,-0.0121124983,0.0178388953,-0.0600998364,0.08222594,0.9947999,NaN,NaN,NaN,NaN,-1.13279617,1.8123734,17.18261,18.6618156,Grass(Clone),XR.DevicePose:Eye Tracking OpenXR
1.900273,-0.0112522244,-0.0120794773,0.0177922249,-0.0599390119,0.08245877,0.9947904,-0.0112522244,-0.0120794773,0.0177922249,-0.0599390119,0.08245877,0.9947904,-0.0112522244,-0.0120794773,0.0177922249,-0.0599390119,0.08245877,0.9947904,NaN,NaN,NaN,NaN,-1.12986767,1.816813,17.1831264,18.6625614,Grass(Clone),XR.DevicePose:Eye Tracking OpenXR
1.91168344,-0.0112673938,-0.0120257139,0.01772368,-0.0600043051,0.08382322,0.994672358,-0.0112673938,-0.0120257139,0.01772368,-0.0600043051,0.08382322,0.994672358,-0.0112673938,-0.0120257139,0.01772368,-0.0600043051,0.08382322,0.994672358,NaN,NaN,NaN,NaN,-1.13135,1.84267855,17.1849785,18.6667061,Grass(Clone),XR.DevicePose:Eye Tracking OpenXR
1.92251074,-0.0112842917,-0.0119421482,0.0176582932,-0.0597895831,0.08381112,0.9946863,-0.0112842917,-0.0119421482,0.0176582932,-0.0597895831,0.08381112,0.9946863,-0.0112842917,-0.0119421482,0.0176582932,-0.0597895831,0.08381112,0.9946863,NaN,NaN,NaN,NaN,-1.12736154,1.84253943,17.1852188,18.66675,Grass(Clone),XR.DevicePose:Eye Tracking OpenXR
1.93424678,-0.0113376677,-0.0118545294,0.0175973773,-0.05942014,0.08423527,0.994672656,-0.0113376677,-0.0118545294,0.0175973773,-0.05942014,0.08423527,0.994672656,-0.0113376677,-0.0118545294,0.0175973773,-0.05942014,0.08423527,0.994672656,NaN,NaN,NaN,NaN,-1.12059915,1.85065949,17.1862545,18.668108,Grass(Clone),XR.DevicePose:Eye Tracking OpenXR
1.9447788,-0.0113759935,-0.0117384195,0.0175013542,-0.0591065921,0.0852042,0.9946088,-0.0113759935,-0.0117384195,0.0175013542,-0.0591065921,0.0852042,0.9946088,-0.0113759935,-0.0117384195,0.0175013542,-0.0591065921,0.0852042,0.9946088,NaN,NaN,NaN,NaN,-1.11496425,1.86912286,17.1879959,18.671154,Grass(Clone),XR.DevicePose:Eye Tracking OpenXR
1.95590878,-0.0114288032,-0.0115669966,0.01740253,-0.05900127,0.08589387,0.9945557,-0.0114288032,-0.0115669966,0.01740253,-0.05900127,0.08589387,0.9945557,-0.0114288032,-0.0115669966,0.01740253,-0.05900127,0.08589387,0.9945557,NaN,NaN,NaN,NaN,-1.113181,1.88236129,17.1891022,18.6733646,Grass(Clone),XR.DevicePose:Eye Tracking OpenXR
1.96767163,-0.01148361,-0.0114331245,0.0173249841,-0.0589194745,0.0865980461,0.9944995,-0.01148361,-0.0114331245,0.0173249841,-0.0589194745,0.0865980461,0.9944995,-0.01148361,-0.0114331245,0.0173249841,-0.0589194745,0.0865980461,0.9944995,NaN,NaN,NaN,NaN,-1.11184,1.89583814,17.1902,18.675602,Grass(Clone),XR.DevicePose:Eye Tracking OpenXR
1.978579,-0.01153034,-0.0113284588,0.0172719955,-0.05869849,0.08719109,0.994460762,-0.01153034,-0.0113284588,0.0172719955,-0.05869849,0.08719109,0.994460762,-0.01153034,-0.0113284588,0.0172719955,-0.05869849,0.08719109,0.994460762,NaN,NaN,NaN,NaN,-1.10787094,1.90718317,17.1913013,18.67749,Grass(Clone),XR.DevicePose:Eye Tracking OpenXR
1.98946548,-0.0115455091,-0.0111733675,0.0171850324,-0.0590057559,0.08824387,0.9943497,-0.0115455091,-0.0111733675,0.0171850324,-0.0590057559,0.08824387,0.9943497,-0.0115455091,-0.0111733675,0.0171850324,-0.0590057559,0.08824387,0.9943497,NaN,NaN,NaN,NaN,-1.11382043,1.92729425,17.19244,18.6808071,Grass(Clone),XR.DevicePose:Eye Tracking OpenXR
2.00060415,-0.0115660131,-0.0110890865,0.0171192884,-0.038745977,0.214448184,0.9759666,-0.0115660131,-0.0110890865,0.0171192884,-0.038745977,0.214448184,0.9759666,-0.0115660131,-0.0110890865,0.0171192884,-0.038745977,0.214448184,0.9759666,NaN,NaN,NaN,NaN,-0.7572428,4.406025,17.3998566,19.2452679,Grass(Clone),XR.DevicePose:Eye Tracking OpenXR
2.01180267,-0.0115742385,-0.0109961033,0.0170439482,-0.0385690778,0.21460779,0.9759385,-0.0115742385,-0.0109961033,0.0170439482,-0.0385690778,0.21460779,0.9759385,-0.0115742385,-0.0109961033,0.0170439482,-0.0385690778,0.21460779,0.9759385,NaN,NaN,NaN,NaN,-0.7538835,4.409395,17.4001789,19.2462273,Grass(Clone),XR.DevicePose:Eye Tracking OpenXR
2.02283335,-0.0115734935,-0.0109192133,0.0169377327,-0.03809612,0.2186061,0.9750693,-0.0115734935,-0.0109192133,0.0169377327,-0.03809612,0.2186061,0.9750693,-0.0115734935,-0.0109192133,0.0169377327,-0.03809612,0.2186061,0.9750693,NaN,NaN,NaN,NaN,-0.7456857,4.49162054,17.4065189,19.2699966,Grass(Clone),XR.DevicePose:Eye Tracking OpenXR
2.03394938,-0.011587888,-0.01088953,0.0168712735,-0.0386179537,0.218764141,0.975013256,-0.011587888,-0.01088953,0.0168712735,-0.0386179537,0.218764141,0.975013256,-0.011587888,-0.01088953,0.0168712735,-0.0386179537,0.218764141,0.975013256,NaN,NaN,NaN,NaN,-0.75580287,4.49496126,17.406559,19.2712116,Grass(Clone),XR.DevicePose:Eye Tracking OpenXR
2.04534745,-0.0116139352,-0.0108793974,0.0168151855,-0.03888372,0.220688939,0.974568844,-0.0116139352,-0.0108793974,0.0168151855,-0.03888372,0.220688939,0.974568844,-0.0116139352,-0.0108793974,0.0168151855,-0.03888372,0.220688939,0.974568844,NaN,NaN,NaN,NaN,-0.761408448,4.534664,17.40942,19.28299,Grass(Clone),XR.DevicePose:Eye Tracking OpenXR
2.056718,-0.0116142929,-0.0109003782,0.0167822242,-0.0387268253,0.220325887,0.974657238,-0.0116142929,-0.0109003782,0.0167822242,-0.0387268253,0.220325887,0.974657238,-0.0116142929,-0.0109003782,0.0167822242,-0.0387268253,0.220325887,0.974657238,NaN,NaN,NaN,NaN,-0.7582972,4.52715254,17.40892,19.2807655,Grass(Clone),XR.DevicePose:Eye Tracking OpenXR
2.06732488,-0.01156795,-0.0109217167,0.0167264342,-0.03845042,0.220293373,0.974675536,-0.01156795,-0.0109217167,0.0167264342,-0.03845042,0.220293373,0.974675536,-0.01156795,-0.0109217167,0.0167264342,-0.03845042,0.220293373,0.974675536,NaN,NaN,NaN,NaN,-0.7529123,4.52645063,17.4089813,19.2805233,Grass(Clone),XR.DevicePose:Eye Tracking OpenXR
2.078635,-0.0115383565,-0.0109397173,0.0166820884,-0.0378746875,0.220568746,0.9746358,-0.0115383565,-0.0109397173,0.0166820884,-0.0378746875,0.220568746,0.9746358,-0.0115383565,-0.0109397173,0.0166820884,-0.0378746875,0.220568746,0.9746358,NaN,NaN,NaN,NaN,-0.7418392,4.532074,17.4096355,19.2820263,Grass(Clone),XR.DevicePose:Eye Tracking OpenXR
2.089937,-0.0114834011,-0.0109820366,0.0166453719,-0.0373804867,0.2208506,0.9745911,-0.0114834011,-0.0109820366,0.0166453719,-0.0373804867,0.2208506,0.9745911,-0.0114834011,-0.0109820366,0.0166453719,-0.0373804867,0.2208506,0.9745911,NaN,NaN,NaN,NaN,-0.7323137,4.537812,17.410265,19.2835941,Grass(Clone),XR.DevicePose:Eye Tracking OpenXR
2.10129547,-0.0114507675,-0.0109918118,0.01660508,-0.0367824621,0.220550433,0.9746818,-0.0114507675,-0.0109918118,0.01660508,-0.0367824621,0.220550433,0.9746818,-0.0114507675,-0.0109918118,0.01660508,-0.0367824621,0.220550433,0.9746818,NaN,NaN,NaN,NaN,-0.720676,4.53157663,17.4100418,19.2816086,Grass(Clone),XR.DevicePose:Eye Tracking OpenXR
2.11215973,-0.0113996863,-0.0110393763,0.0165889859,-0.0365237668,0.2202508,0.9747593,-0.0113996863,-0.0110393763,0.0165889859,-0.0365237668,0.2202508,0.9747593,-0.0113996863,-0.0110393763,0.0165889859,-0.0365237668,0.2202508,0.9747593,NaN,NaN,NaN,NaN,-0.715567946,4.525336,17.40968,19.2797241,Grass(Clone),XR.DevicePose:Eye Tracking OpenXR
2.12347269,-0.011399895,-0.0110627413,0.0165724754,-0.03581838,0.220200226,0.974796832,-0.011399895,-0.0110627413,0.0165724754,-0.03581838,0.220200226,0.974796832,-0.011399895,-0.0110627413,0.0165724754,-0.03581838,0.220200226,0.974796832,NaN,NaN,NaN,NaN,-0.701949954,4.52422333,17.4098816,19.2792053,Grass(Clone),XR.DevicePose:Eye Tracking OpenXR
2.13442516,-0.011316061,-0.0111739635,0.0165826678,-0.0351657867,0.219333619,0.975015938,-0.011316061,-0.0111739635,0.0165826678,-0.0351657867,0.219333619,0.975015938,-0.011316061,-0.0111739635,0.0165826678,-0.0351657867,0.219333619,0.975015938,NaN,NaN,NaN,NaN,-0.689092755,4.50620937,17.4088,19.2737522,Grass(Clone),XR.DevicePose:Eye Tracking OpenXR
2.14598131,-0.0112296939,-0.011302948,0.0165941715,0.195956379,0.253005236,0.947411954,-0.0112296939,-0.011302948,0.0165941715,0.195956379,0.253005236,0.947411954,-0.0112296939,-0.011302948,0.0165941715,0.195956379,0.253005236,0.947411954,NaN,NaN,NaN,NaN,3.80879545,5.210848,17.0856915,19.49426,Grass(Clone),XR.DevicePose:Eye Tracking OpenXR
2.156815,-0.01116237,-0.011380434,0.01659578,0.194985047,0.250771821,0.9482058,-0.01116237,-0.011380434,0.01659578,0.194985047,0.250771821,0.9482058,-0.01116237,-0.011380434,0.01659578,0.194985047,0.250771821,0.9482058,NaN,NaN,NaN,NaN,3.78685832,5.1632843,17.0862446,19.4785213,Grass(Clone),XR.DevicePose:Eye Tracking OpenXR
2.16817546,-0.0110892057,-0.0114662647,0.0165991783,0.194312692,0.2493757,0.948711932,-0.0110892057,-0.0114662647,0.0165991783,0.194312692,0.2493757,0.948711932,-0.0110892057,-0.0114662647,0.0165991783,0.194312692,0.2493757,0.948711932,NaN,NaN,NaN,NaN,3.77193332,5.133564,17.0868225,19.4687328,Grass(Clone),XR.DevicePose:Eye Tracking OpenXR
2.179096,-0.0110400319,-0.0114883184,0.0165869,0.194146916,0.249555051,0.9486987,-0.0110400319,-0.0114883184,0.0165869,0.194146916,0.249555051,0.9486987,-0.0110400319,-0.0114883184,0.0165869,0.194146916,0.249555051,0.9486987,NaN,NaN,NaN,NaN,3.76898479,5.137329,17.0876713,19.4699173,Grass(Clone),XR.DevicePose:Eye Tracking OpenXR
2.190302,-0.0110052526,-0.0114784241,0.0165774226,0.193730444,0.2506995,0.9484821,-0.0110052526,-0.0114784241,0.0165774226,0.193730444,0.2506995,0.9484821,-0.0110052526,-0.0114784241,0.0165774226,0.193730444,0.2506995,0.9484821,NaN,NaN,NaN,NaN,3.76240849,5.161559,17.0907764,19.4776459,Grass(Clone),XR.DevicePose:Eye Tracking OpenXR
2.2015543,-0.01096952,-0.0114439726,0.0165604949,0.194403559,0.250255018,0.9484618,-0.01096952,-0.0114439726,0.0165604949,0.194403559,0.250255018,0.9484618,-0.01096952,-0.0114439726,0.0165604949,0.194403559,0.250255018,0.9484618,NaN,NaN,NaN,NaN,3.77500081,5.15222263,17.0876617,19.4747982,Grass(Clone),XR.DevicePose:Eye Tracking OpenXR
2.21270776,-0.010938555,-0.011446476,0.0165335536,0.1943135,0.250789344,0.948339045,-0.010938555,-0.011446476,0.0165335536,0.1943135,0.250789344,0.948339045,-0.010938555,-0.011446476,0.0165335536,0.1943135,0.250789344,0.948339045,NaN,NaN,NaN,NaN,3.7739892,5.16354561,17.0887184,19.4784622,Grass(Clone),XR.DevicePose:Eye Tracking OpenXR
2.22451925,-0.010897845,-0.0114527941,0.01650542,0.194006145,0.250733346,0.94841677,-0.010897845,-0.0114527941,0.01650542,0.194006145,0.250733346,0.94841677,-0.010897845,-0.0114527941,0.01650542,0.194006145,0.250733346,0.94841677,NaN,NaN,NaN,NaN,3.767956,5.162335,17.089777,19.47801,Grass(Clone),XR.DevicePose:Eye Tracking OpenXR
2.235164,-0.0108773112,-0.0115101337,0.0164626241,0.1938429,0.2506697,0.948467,-0.0108773112,-0.0115101337,0.0164626241,0.1938429,0.2506697,0.948467,-0.0108773112,-0.0115101337,0.0164626241,0.1938429,0.2506697,0.948467,NaN,NaN,NaN,NaN,3.76471043,5.16092539,17.0902882,19.477562,Grass(Clone),XR.DevicePose:Eye Tracking OpenXR
2.24611259,-0.0108515322,-0.0115396976,0.0164539814,0.193352848,0.250760585,0.948543,-0.0108515322,-0.0115396976,0.0164539814,0.193352848,0.250760585,0.948543,-0.0108515322,-0.0115396976,0.0164539814,0.193352848,0.250760585,0.948543,NaN,NaN,NaN,NaN,3.755287,5.162791,17.0922279,19.4780579,Grass(Clone),XR.DevicePose:Eye Tracking OpenXR
2.25736785,-0.0108222365,-0.0115709305,0.01643461,0.19439818,0.250741243,0.948334455,-0.0108222365,-0.0115709305,0.01643461,0.19439818,0.250741243,0.948334455,-0.0108222365,-0.0115709305,0.01643461,0.19439818,0.250741243,0.948334455,NaN,NaN,NaN,NaN,3.77570915,5.16242456,17.0883045,19.4782238,Grass(Clone),XR.DevicePose:Eye Tracking OpenXR
2.26862669,-0.0107812583,-0.0115171671,0.0164040923,0.194724843,0.2506102,0.948302031,-0.0107812583,-0.0115171671,0.0164040923,0.194724843,0.2506102,0.948302031,-0.0107812583,-0.0115171671,0.0164040923,0.194724843,0.2506102,0.948302031,NaN,NaN,NaN,NaN,3.78196168,5.15973139,17.0869064,19.4774456,Grass(Clone),XR.DevicePose:Eye Tracking OpenXR
2.27960134,-0.0107203722,-0.0114358664,0.0163752437,0.1949051,0.250962019,0.948172,-0.0107203722,-0.0114358664,0.0163752437,0.1949051,0.250962019,0.948172,-0.0107203722,-0.0114358664,0.0163752437,0.1949051,0.250962019,0.948172,NaN,NaN,NaN,NaN,3.78601956,5.16729069,17.08671,19.47994,Grass(Clone),XR.DevicePose:Eye Tracking OpenXR
2.29143262,-0.0106978118,-0.0113620758,0.016353786,0.194960564,0.251433849,0.948035538,-0.0106978118,-0.0113620758,0.016353786,0.194960564,0.251433849,0.948035538,-0.0106978118,-0.0113620758,0.016353786,0.194960564,0.251433849,0.948035538,NaN,NaN,NaN,NaN,3.78776383,5.177383,17.0871468,19.48323,Grass(Clone),XR.DevicePose:Eye Tracking OpenXR
2.30243,-0.0106486976,-0.0112841129,0.0163251162,0.243748948,0.2155066,0.945591569,-0.0106486976,-0.0112841129,0.0163251162,0.243748948,0.2155066,0.945591569,-0.0106486976,-0.0112841129,0.0163251162,0.243748948,0.2155066,0.945591569,NaN,NaN,NaN,NaN,4.68314457,4.428656,16.8252716,19.2566719,Grass(Clone),XR.DevicePose:Eye Tracking OpenXR
2.31311655,-0.0106316805,-0.0112525225,0.01630348,0.243394375,0.2157324,0.9456314,-0.0106316805,-0.0112525225,0.01630348,0.243394375,0.2157324,0.9456314,-0.0106316805,-0.0112525225,0.01630348,0.243394375,0.2157324,0.9456314,NaN,NaN,NaN,NaN,4.67666626,4.4333334,16.8273048,19.2580357,Grass(Clone),XR.DevicePose:Eye Tracking OpenXR
2.32426429,-0.0106008351,-0.0112075806,0.01627326,0.243369445,0.219279021,0.9448217,-0.0106008351,-0.0112075806,0.01627326,0.243369445,0.219279021,0.9448217,-0.0106008351,-0.0112075806,0.01627326,0.243369445,0.219279021,0.9448217,NaN,NaN,NaN,NaN,4.681399,4.506346,16.8318081,19.279335,Grass(Clone),XR.DevicePose:Eye Tracking OpenXR
2.33546162,-0.0105874836,-0.0112247467,0.0161955357,0.242323115,0.219877675,0.9449515,-0.0105874836,-0.0112247467,0.0161955357,0.242323115,0.219877675,0.9449515,-0.0105874836,-0.0112247467,0.0161955357,0.242323115,0.219877675,0.9449515,NaN,NaN,NaN,NaN,4.66202974,4.5185895,16.8373051,19.282589,Grass(Clone),XR.DevicePose:Eye Tracking OpenXR
2.34692383,-0.0105909109,-0.0112109184,0.0161343217,0.242237836,0.219541267,0.945051551,-0.0105909109,-0.0112109184,0.0161343217,0.242237836,0.219541267,0.945051551,-0.0105909109,-0.0112109184,0.0161343217,0.242237836,0.219541267,0.945051551,NaN,NaN,NaN,NaN,4.65989447,4.511676,16.8372746,19.2805786,Grass(Clone),XR.DevicePose:Eye Tracking OpenXR
2.35771275,-0.0105769336,-0.01121521,0.0160805583,0.242195278,0.219167873,0.9451491,-0.0105769336,-0.01121521,0.0160805583,0.242195278,0.219167873,0.9451491,-0.0105769336,-0.01121521,0.0160805583,0.242195278,0.219167873,0.9451491,NaN,NaN,NaN,NaN,4.658549,4.503984,16.836998,19.27835,Grass(Clone),XR.DevicePose:Eye Tracking OpenXR
2.36911631,-0.0105371773,-0.0111743212,0.016050458,0.242229477,0.22030136,0.9448768,-0.0105371773,-0.0111743212,0.016050458,0.242229477,0.22030136,0.9448768,-0.0105371773,-0.0111743212,0.016050458,0.242229477,0.22030136,0.9448768,NaN,NaN,NaN,NaN,4.66092157,4.52739859,16.8382454,19.2852612,Grass(Clone),XR.DevicePose:Eye Tracking OpenXR
2.3803103,-0.0104602575,-0.0111478567,0.0160266161,0.241563827,0.220409781,0.9450219,-0.0104602575,-0.0111478567,0.0160266161,0.241563827,0.220409781,0.9450219,-0.0104602575,-0.0111478567,0.0160266161,0.241563827,0.220409781,0.9450219,NaN,NaN,NaN,NaN,4.64825439,4.52960157,16.8413849,19.2856483,Grass(Clone),XR.DevicePose:Eye Tracking OpenXR
2.391319,-0.0104240775,-0.0111334324,0.016009748,0.241722718,0.220757887,0.944900036,-0.0104240775,-0.0111334324,0.016009748,0.241722718,0.220757887,0.944900036,-0.0104240775,-0.0111334324,0.016009748,0.241722718,0.220757887,0.944900036,NaN,NaN,NaN,NaN,4.651885,4.53681374,16.84109,19.2878418,Grass(Clone),XR.DevicePose:Eye Tracking OpenXR
2.40239024,-0.010366708,-0.0111281872,0.0160052776,0.241565242,0.220851183,0.9449185,-0.010366708,-0.0111281872,0.0160052776,0.241565242,0.220851183,0.9449185,-0.010366708,-0.0111281872,0.0160052776,0.241565242,0.220851183,0.9449185,NaN,NaN,NaN,NaN,4.649024,4.53872776,16.8419075,19.2883339,Grass(Clone),XR.DevicePose:Eye Tracking OpenXR
2.41351032,-0.0103153586,-0.0111478567,0.0160145164,0.241523534,0.2208969,0.9449185,-0.0103153586,-0.0111478567,0.0160145164,0.241523534,0.2208969,0.9449185,-0.0103153586,-0.0111478567,0.0160145164,0.241523534,0.2208969,0.9449185,NaN,NaN,NaN,NaN,4.648328,4.539642,16.8421421,19.2885723,Grass(Clone),XR.DevicePose:Eye Tracking OpenXR
2.42571974,-0.0102641284,-0.0111427307,0.016022861,0.241384849,0.221388757,0.9448388,-0.0102641284,-0.0111427307,0.016022861,0.241384849,0.221388757,0.9448388,-0.0102641284,-0.0111427307,0.016022861,0.241384849,0.221388757,0.9448388,NaN,NaN,NaN,NaN,4.64641047,4.549781,16.8433723,19.2914925,Grass(Clone),XR.DevicePose:Eye Tracking OpenXR
2.43648767,-0.0102364421,-0.0111815929,0.0160669088,0.241025835,0.2210794,0.9450029,-0.0102364421,-0.0111815929,0.0160669088,0.241025835,0.2210794,0.9450029,-0.0102364421,-0.0111815929,0.0160669088,0.241025835,0.2210794,0.9450029,NaN,NaN,NaN,NaN,4.63900948,4.543313,16.84461,19.2894077,Grass(Clone),XR.DevicePose:Eye Tracking OpenXR
2.44699669,-0.01018247,-0.0112450123,0.0160973668,0.240865216,0.220713064,0.945129454,-0.01018247,-0.0112450123,0.0160973668,0.240865216,0.220713064,0.945129454,-0.01018247,-0.0112450123,0.0160973668,0.240865216,0.220713064,0.945129454,NaN,NaN,NaN,NaN,4.6354003,4.53566551,16.8448677,19.2870636,Grass(Clone),XR.DevicePose:Eye Tracking OpenXR
2.45829058,-0.0101464093,-0.0113142729,0.0161275268,0.2405343,0.2206031,0.9452394,-0.0101464093,-0.0113142729,0.0161275268,0.2405343,0.2206031,0.9452394,-0.0101464093,-0.0113142729,0.0161275268,0.2405343,0.2206031,0.9452394,NaN,NaN,NaN,NaN,4.62885046,4.533289,16.84622,19.2862186,Grass(Clone),XR.DevicePose:Eye Tracking OpenXR
2.4693377,-0.0100955367,-0.0113537312,0.016130805,0.2405429,0.220098779,0.94535476,-0.0100955367,-0.0113537312,0.016130805,0.2405429,0.220098779,0.94535476,-0.0100955367,-0.0113537312,0.016130805,0.2405429,0.220098779,0.94535476,NaN,NaN,NaN,NaN,4.62832737,4.522846,16.84554,19.2831421,Grass(Clone),XR.DevicePose:Eye Tracking OpenXR
2.48029327,-0.0100641251,-0.0114092827,0.0161418319,0.2406509,0.219496325,0.945467353,-0.0100641251,-0.0114092827,0.0161418319,0.2406509,0.219496325,0.945467353,-0.0100641251,-0.0114092827,0.0161418319,0.2406509,0.219496325,0.945467353,NaN,NaN,NaN,NaN,4.629567,4.51037741,16.8442879,19.27951,Grass(Clone),XR.DevicePose:Eye Tracking OpenXR
2.491563,-0.009983271,-0.0114022493,0.0161862969,0.240725413,0.219630316,0.9454173,-0.009983271,-0.0114022493,0.0161862969,0.240725413,0.219630316,0.9454173,-0.009983271,-0.0114022493,0.0161862969,0.240725413,0.219630316,0.9454173,NaN,NaN,NaN,NaN,4.631272,4.513137,16.8441,19.2802868,Grass(Clone),XR.DevicePose:Eye Tracking OpenXR
2.50290561,-0.009927839,-0.011423707,0.0162257552,0.241318241,0.219552532,0.9452842,-0.009927839,-0.011423707,0.0162257552,0.241318241,0.219552532,0.9452842,-0.009927839,-0.011423707,0.0162257552,0.241318241,0.219552532,0.9452842,NaN,NaN,NaN,NaN,4.642687,4.51155233,16.841301,19.2799969,Grass(Clone),XR.DevicePose:Eye Tracking OpenXR
2.51413584,-0.009863585,-0.0113919973,0.0162881017,0.2414688,0.219192579,0.945329249,-0.009863585,-0.0113919973,0.0162881017,0.2414688,0.219192579,0.945329249,-0.009863585,-0.0113919973,0.0162881017,0.2414688,0.219192579,0.945329249,NaN,NaN,NaN,NaN,4.64512539,4.504163,16.84016,19.2778034,Grass(Clone),XR.DevicePose:Eye Tracking OpenXR
2.52496457,-0.00984025,-0.0114142895,0.0163028836,0.241870552,0.21880357,0.9453167,-0.00984025,-0.0114142895,0.0163028836,0.241870552,0.21880357,0.9453167,-0.00984025,-0.0114142895,0.0163028836,0.241870552,0.21880357,0.9453167,NaN,NaN,NaN,NaN,4.652359,4.49616,16.8378468,19.2756,Grass(Clone),XR.DevicePose:Eye Tracking OpenXR
2.536572,-0.009790748,-0.0114388466,0.0163091421,0.242071986,0.218293414,0.9453831,-0.009790748,-0.0114388466,0.0163091421,0.242071986,0.218293414,0.9453831,-0.009790748,-0.0114388466,0.0163091421,0.242071986,0.218293414,0.9453831,NaN,NaN,NaN,NaN,4.655562,4.485645,16.8362846,19.2725887,Grass(Clone),XR.DevicePose:Eye Tracking OpenXR
2.54747772,-0.00973132253,-0.0114748478,0.0163000226,0.24199684,0.217871413,0.945499659,-0.00973132253,-0.0114748478,0.0163000226,0.24199684,0.217871413,0.945499659,-0.00973132253,-0.0114748478,0.0163000226,0.24199684,0.217871413,0.945499659,NaN,NaN,NaN,NaN,4.653549,4.476913,16.8360844,19.2700062,Grass(Clone),XR.DevicePose:Eye Tracking OpenXR
2.558912,-0.009696156,-0.0114630461,0.0162919164,-0.0660932,-0.0320966542,0.9972971,-0.009696156,-0.0114630461,0.0162919164,-0.0660932,-0.0320966542,0.9972971,-0.009696156,-0.0114630461,0.0162919164,-0.0660932,-0.0320966542,0.9972971,NaN,NaN,NaN,NaN,-0.5832574,-1.61446672E-18,7.270911,8.678067,Plane,XR.DevicePose:Eye Tracking OpenXR
2.56980729,-0.009666979,-0.0114041567,0.01630944,-0.0663148239,-0.0318548232,0.997290134,-0.009666979,-0.0114041567,0.01630944,-0.0663148239,-0.0318548232,0.997290134,-0.009666979,-0.0114041567,0.01630944,-0.0663148239,-0.0318548232,0.997290134,NaN,NaN,NaN,NaN,-0.589642942,-1.62945358E-18,7.338406,8.745797,Plane,XR.DevicePose:Eye Tracking OpenXR
2.580868,-0.009646773,-0.0113288164,0.01633364,-0.06929289,-0.0304461345,0.997131646,-0.009646773,-0.0113288164,0.01633364,-0.06929289,-0.0304461345,0.997131646,-0.009646773,-0.0113288164,0.01633364,-0.06929289,-0.0304461345,0.997131646,NaN,NaN,NaN,NaN,-0.643879235,-1.71929284E-18,7.743006,9.152924,Plane,XR.DevicePose:Eye Tracking OpenXR
2.592472,-0.009610236,-0.0112520456,0.01635474,-0.06909454,-0.0329985023,0.997064233,-0.009610236,-0.0112520456,0.01635474,-0.06909454,-0.0329985023,0.997064233,-0.009610236,-0.0112520456,0.01635474,-0.06909454,-0.0329985023,0.997064233,NaN,NaN,NaN,NaN,-0.5932718,-1.56293916E-18,7.03885174,8.44729,Plane,XR.DevicePose:Eye Tracking OpenXR
2.60381818,-0.009604752,-0.0111910105,0.01635027,-0.06816476,-0.0311087556,0.9971889,-0.009604752,-0.0111910105,0.01635027,-0.06816476,-0.0311087556,0.9971889,-0.009604752,-0.0111910105,0.01635027,-0.06816476,-0.0311087556,0.9971889,NaN,NaN,NaN,NaN,-0.620524168,-1.6772275E-18,7.553561,8.962395,Plane,XR.DevicePose:Eye Tracking OpenXR
2.61424041,-0.009589404,-0.0111621618,0.0163416266,-0.06861094,-0.0308333579,0.997166932,-0.009589404,-0.0111621618,0.0163416266,-0.06861094,-0.0308333579,0.997166932,-0.009589404,-0.0111621618,0.0163416266,-0.06861094,-0.0308333579,0.997166932,NaN,NaN,NaN,NaN,-0.6300642,-1.695111E-18,7.634101,9.043382,Plane,XR.DevicePose:Eye Tracking OpenXR
2.625796,-0.009605616,-0.011161685,0.0163028836,-0.06795735,-0.0299923848,0.9972373,-0.009605616,-0.011161685,0.0163028836,-0.06795735,-0.0299923848,0.9972373,-0.009605616,-0.011161685,0.0163028836,-0.06795735,-0.0299923848,0.9972373,NaN,NaN,NaN,NaN,-0.641403,-1.75139737E-18,7.88759232,9.296969,Plane,XR.DevicePose:Eye Tracking OpenXR
2.6372447,-0.009649128,-0.0111706257,0.016284287,-0.0681283,-0.02993947,0.997227252,-0.009649128,-0.0111706257,0.016284287,-0.0681283,-0.02993947,0.997227252,-0.009649128,-0.0111706257,0.016284287,-0.0681283,-0.02993947,0.997227252,NaN,NaN,NaN,NaN,-0.644134939,-1.7549437E-18,7.903564,9.313102,Plane,XR.DevicePose:Eye Tracking OpenXR
2.647912,-0.009725332,-0.0112174749,0.0162540078,-0.06791928,-0.0291563068,0.9972647,-0.009725332,-0.0112174749,0.0162540078,-0.06791928,-0.0291563068,0.9972647,-0.009725332,-0.0112174749,0.0162540078,-0.06791928,-0.0291563068,0.9972647,NaN,NaN,NaN,NaN,-0.6591459,-1.81005213E-18,8.15175,9.561653,Plane,XR.DevicePose:Eye Tracking OpenXR
2.65923786,-0.00981617,-0.0112401247,0.016240418,-0.06825943,-0.0285466351,0.99725914,-0.00981617,-0.0112401247,0.016240418,-0.06825943,-0.0285466351,0.99725914,-0.00981617,-0.0112401247,0.016240418,-0.06825943,-0.0285466351,0.99725914,NaN,NaN,NaN,NaN,-0.676374257,-1.85508053E-18,8.35454,9.765069,Plane,XR.DevicePose:Eye Tracking OpenXR
2.67071271,-0.009830654,-0.0112607479,0.0162126422,-0.06840862,-0.02779923,0.99727,-0.009830654,-0.0112607479,0.0162126422,-0.06840862,-0.02779923,0.99727,-0.009830654,-0.0112607479,0.0162126422,-0.06840862,-0.02779923,0.99727,NaN,NaN,NaN,NaN,-0.695754945,-1.91307251E-18,8.615712,10.0268679,Plane,XR.DevicePose:Eye Tracking OpenXR
2.68192863,-0.009857327,-0.0112364292,0.0161961913,-0.06859047,-0.0266372859,0.99728924,-0.009857327,-0.0112364292,0.0161961913,-0.06859047,-0.0266372859,0.99728924,-0.009857327,-0.0112364292,0.0161961913,-0.06859047,-0.0266372859,0.99728924,NaN,NaN,NaN,NaN,-0.7276678,-2.01016862E-18,9.052995,10.4651632,Plane,XR.DevicePose:Eye Tracking OpenXR
2.69278955,-0.009862959,-0.0112326145,0.01618123,-0.06872155,-0.0266370364,0.9972802,-0.009862959,-0.0112326145,0.01618123,-0.06872155,-0.0266370364,0.9972802,-0.009862959,-0.0112326145,0.01618123,-0.06872155,-0.0266370364,0.9972802,NaN,NaN,NaN,NaN,-0.7290618,-2.01019675E-18,9.053121,10.4654045,Plane,XR.DevicePose:Eye Tracking OpenXR
2.70386958,-0.009902865,-0.0112288,0.0161705017,-0.06871683,-0.0264593158,0.997285247,-0.009902865,-0.0112288,0.0161705017,-0.06871683,-0.0264593158,0.997285247,-0.009902865,-0.0112288,0.0161705017,-0.06871683,-0.0264593158,0.997285247,NaN,NaN,NaN,NaN,-0.7338925,-2.02580254E-18,9.123404,10.5358419,Plane,XR.DevicePose:Eye Tracking OpenXR
2.715154,-0.009917945,-0.0112326145,0.01613909,-0.06883496,-0.0264505744,0.9972774,-0.009917945,-0.0112326145,0.01613909,-0.06883496,-0.0264505744,0.9972774,-0.009917945,-0.0112326145,0.01613909,-0.06883496,-0.0264505744,0.9972774,NaN,NaN,NaN,NaN,-0.735381961,-2.02651867E-18,9.126629,10.53918,Plane,XR.DevicePose:Eye Tracking OpenXR
2.72618842,-0.009976,-0.0112243891,0.0161130428,-0.06910389,-0.0266361479,0.997253835,-0.009976,-0.0112243891,0.0161130428,-0.06910389,-0.0266361479,0.997253835,-0.009976,-0.0112243891,0.0161130428,-0.06910389,-0.0266361479,0.997253835,NaN,NaN,NaN,NaN,-0.733221531,-2.0102683E-18,9.053443,10.4660616,Plane,XR.DevicePose:Eye Tracking OpenXR
2.737594,-0.0100103617,-0.0112614632,0.0160932541,-0.237593487,-0.0122964056,0.971286833,-0.0100103617,-0.0112614632,0.0160932541,-0.237593487,-0.0122964056,0.971286833,-0.0100103617,-0.0112614632,0.0160932541,-0.237593487,-0.0122964056,0.971286833,NaN,NaN,NaN,NaN,-4.39819431,0.0516325831,16.5550728,18.4692917,Grass(Clone),XR.DevicePose:Eye Tracking OpenXR
2.74853921,-0.0100722611,-0.0112947226,0.01608622,-0.237811059,-0.0123982048,0.9712323,-0.0100722611,-0.0112947226,0.01608622,-0.237811059,-0.0123982048,0.9712323,-0.0100722611,-0.0112947226,0.01608622,-0.237811059,-0.0123982048,0.9712323,NaN,NaN,NaN,NaN,-4.402253,0.049720332,16.5539742,18.469202,Grass(Clone),XR.DevicePose:Eye Tracking OpenXR
2.759712,-0.0100983679,-0.0112751722,0.0161061287,-0.240590245,-0.0123016657,0.9705488,-0.0100983679,-0.0112751722,0.0161061287,-0.240590245,-0.0123016657,0.9705488,-0.0100983679,-0.0112751722,0.0161061287,-0.240590245,-0.0123016657,0.9705488,NaN,NaN,NaN,NaN,-4.45377254,0.0515145361,16.5420284,18.4698849,Grass(Clone),XR.DevicePose:Eye Tracking OpenXR
2.77083564,-0.0101670325,-0.011249423,0.01609999,-0.242316067,-0.0114609115,0.970129669,-0.0101670325,-0.011249423,0.01609999,-0.242316067,-0.0114609115,0.970129669,-0.0101670325,-0.011249423,0.01609999,-0.242316067,-0.0114609115,0.970129669,NaN,NaN,NaN,NaN,-4.48605871,0.06705238,16.5356522,18.4712944,Grass(Clone),XR.DevicePose:Eye Tracking OpenXR
2.78209925,-0.0102300942,-0.0112282038,0.01609224,-0.242211461,-0.0139885172,0.970122635,-0.0102300942,-0.0112282038,0.01609224,-0.242211461,-0.0139885172,0.970122635,-0.0102300942,-0.0112282038,0.01609224,-0.242211461,-0.0139885172,0.970122635,NaN,NaN,NaN,NaN,-4.48347855,0.0204269439,16.5326672,18.468359,Grass(Clone),XR.DevicePose:Eye Tracking OpenXR
2.79331326,-0.0103458762,-0.0112720728,0.0160692334,-0.242037937,-0.0141957607,0.9701629,-0.0103458762,-0.0112720728,0.0160692334,-0.242037937,-0.0141957607,0.9701629,-0.0103458762,-0.0112720728,0.0160692334,-0.242037937,-0.0141957607,0.9701629,NaN,NaN,NaN,NaN,-4.48032045,0.0165595412,16.53311,18.4680729,Grass(Clone),XR.DevicePose:Eye Tracking OpenXR
2.80438828,-0.01043424,-0.0112948418,0.01606232,-0.241947174,-0.0142297037,0.9701851,-0.01043424,-0.0112948418,0.01606232,-0.241947174,-0.0142297037,0.9701851,-0.01043424,-0.0112948418,0.01606232,-0.241947174,-0.0142297037,0.9701851,NaN,NaN,NaN,NaN,-4.478714,0.0159112215,16.5334358,18.4679966,Grass(Clone),XR.DevicePose:Eye Tracking OpenXR
2.81542015,-0.0105283856,-0.01132226,0.0160553455,-0.242408752,-0.0141077209,0.9700716,-0.0105283856,-0.01132226,0.0160553455,-0.242408752,-0.0141077209,0.9700716,-0.0105283856,-0.01132226,0.0160553455,-0.242408752,-0.0141077209,0.9700716,NaN,NaN,NaN,NaN,-4.48739147,0.0181328654,16.5315723,18.46824,Grass(Clone),XR.DevicePose:Eye Tracking OpenXR
2.826542,-0.0106395781,-0.0112793446,0.0160571337,-0.242950886,-0.013808649,0.9699403,-0.0106395781,-0.0112793446,0.0160571337,-0.242950886,-0.013808649,0.9699403,-0.0106395781,-0.0112793446,0.0160571337,-0.242950886,-0.013808649,0.9699403,NaN,NaN,NaN,NaN,-4.49762774,0.0236926675,16.5295982,18.4687061,Grass(Clone),XR.DevicePose:Eye Tracking OpenXR
2.83800244,-0.0106630027,-0.0112650394,0.0160508752,-0.242970183,-0.0138510522,0.9699349,-0.0106630027,-0.0112650394,0.0160508752,-0.242970183,-0.0138510522,0.9699349,-0.0106630027,-0.0112650394,0.0160508752,-0.242970183,-0.0138510522,0.9699349,NaN,NaN,NaN,NaN,-4.49799776,0.0229245275,16.5294533,18.4686642,Grass(Clone),XR.DevicePose:Eye Tracking OpenXR
2.84901929,-0.0108210444,-0.01119709,0.0160393119,-0.2445349,-0.0136657972,0.9695442,-0.0108210444,-0.01119709,0.0160393119,-0.2445349,-0.0136657972,0.9695442,-0.0108210444,-0.01119709,0.0160393119,-0.2445349,-0.0136657972,0.9695442,NaN,NaN,NaN,NaN,-4.52721548,0.0264047086,16.52287,18.4693279,Grass(Clone),XR.DevicePose:Eye Tracking OpenXR
2.85986066,-0.0108712018,-0.011195302,0.016027391,-0.4308129,-0.0008131524,0.9024409,-0.0108712018,-0.011195302,0.016027391,-0.4308129,-0.0008131524,0.9024409,-0.0108712018,-0.011195302,0.016027391,-0.4308129,-0.0008131524,0.9024409,NaN,NaN,NaN,NaN,-7.973192,0.2637761,15.2950191,18.4820881,Grass(Clone),XR.DevicePose:Eye Tracking OpenXR
2.87131166,-0.0109701455,-0.0111839771,0.0160065889,-0.43083027,-0.00115330808,0.902432263,-0.0109701455,-0.0111839771,0.0160065889,-0.43083027,-0.00115330808,0.902432263,-0.0109701455,-0.0111839771,0.0160065889,-0.43083027,-0.00115330808,0.902432263,NaN,NaN,NaN,NaN,-7.97340345,0.257501,15.2943993,18.4816,Grass(Clone),XR.DevicePose:Eye Tracking OpenXR
2.8830235,-0.0110111535,-0.0112148523,0.0159826875,-0.4301299,0.00146495539,0.9027658,-0.0110111535,-0.0112148523,0.0159826875,-0.4301299,0.00146495539,0.9027658,-0.0110111535,-0.0112148523,0.0159826875,-0.4301299,0.00146495539,0.9027658,NaN,NaN,NaN,NaN,-7.96203327,0.3058651,15.3037586,18.4851665,Grass(Clone),XR.DevicePose:Eye Tracking OpenXR
2.89370275,-0.0110713243,-0.0112344027,0.01594925,-0.430428147,0.00164727436,0.902623355,-0.0110713243,-0.0112344027,0.01594925,-0.430428147,0.00164727436,0.902623355,-0.0110713243,-0.0112344027,0.01594925,-0.430428147,0.00164727436,0.902623355,NaN,NaN,NaN,NaN,-7.967732,0.3092166,15.3013544,18.4854584,Grass(Clone),XR.DevicePose:Eye Tracking OpenXR
2.90474033,-0.0111107826,-0.0112549067,0.0159438252,-0.431102484,0.00144496956,0.9023018,-0.0111107826,-0.0112549067,0.0159438252,-0.431102484,0.00144496956,0.9023018,-0.0111107826,-0.0112549067,0.0159438252,-0.431102484,0.00144496956,0.9023018,NaN,NaN,NaN,NaN,-7.98014069,0.3054557,15.2952032,18.4852333,Grass(Clone),XR.DevicePose:Eye Tracking OpenXR
2.91589451,-0.01114741,-0.0112808943,0.0159127116,-0.4307609,0.00160150439,0.9024647,-0.01114741,-0.0112808943,0.0159127116,-0.4307609,0.00160150439,0.9024647,-0.01114741,-0.0112808943,0.0159127116,-0.4307609,0.00160150439,0.9024647,NaN,NaN,NaN,NaN,-7.97394562,0.308323473,15.298357,18.485424,Grass(Clone),XR.DevicePose:Eye Tracking OpenXR
2.9270792,-0.0111500025,-0.011282444,0.0158997178,-0.4306577,0.00241047936,0.902512133,-0.0111500025,-0.011282444,0.0158997178,-0.4306577,0.00241047936,0.902512133,-0.0111500025,-0.011282444,0.0158997178,-0.4306577,0.00241047936,0.902512133,NaN,NaN,NaN,NaN,-7.97253656,0.323278964,15.30026,18.4865742,Grass(Clone),XR.DevicePose:Eye Tracking OpenXR
2.937963,-0.0111721456,-0.0112942457,0.015901804,-0.430945784,0.00359958527,0.902370632,-0.0111721456,-0.0112942457,0.015901804,-0.430945784,0.00359958527,0.902370632,-0.0111721456,-0.0112942457,0.015901804,-0.430945784,0.00359958527,0.902370632,NaN,NaN,NaN,NaN,-7.97863245,0.3452559,15.2992125,18.48831,Grass(Clone),XR.DevicePose:Eye Tracking OpenXR
2.94916177,-0.0111701787,-0.0112880468,0.0159016848,-0.43077895,0.00344545115,0.9024509,-0.0111701787,-0.0112880468,0.0159016848,-0.43077895,0.00344545115,0.9024509,-0.0111701787,-0.0112880468,0.0159016848,-0.43077895,0.00344545115,0.9024509,NaN,NaN,NaN,NaN,-7.975442,0.34241122,15.300478,18.4880676,Grass(Clone),XR.DevicePose:Eye Tracking OpenXR
2.961087,-0.0111617744,-0.0113307238,0.015881598,-0.4306458,0.00438629556,0.902510345,-0.0111617744,-0.0113307238,0.015881598,-0.4306458,0.00438629556,0.902510345,-0.0111617744,-0.0113307238,0.015881598,-0.4306458,0.00438629556,0.902510345,NaN,NaN,NaN,NaN,-7.973565,0.3597694,15.3028,18.4894466,Grass(Clone),XR.DevicePose:Eye Tracking OpenXR
2.97201562,-0.011143595,-0.01135087,0.01585865,-0.4302982,0.004122424,0.902677357,-0.011143595,-0.01135087,0.01585865,-0.4302982,0.004122424,0.902677357,-0.011143595,-0.01135087,0.01585865,-0.4302982,0.004122424,0.902677357,NaN,NaN,NaN,NaN,-7.96694946,0.3548689,15.3055067,18.4890518,Grass(Clone),XR.DevicePose:Eye Tracking OpenXR
2.98278284,-0.0111299753,-0.0114067793,0.0158010721,-0.430464238,0.00424037175,0.902597666,-0.0111299753,-0.0114067793,0.0158010721,-0.430464238,0.00424037175,0.902597666,-0.0111299753,-0.0114067793,0.0158010721,-0.430464238,0.00424037175,0.902597666,NaN,NaN,NaN,NaN,-7.970111,0.3569945,15.3041954,18.4892941,Grass(Clone),XR.DevicePose:Eye Tracking OpenXR
2.993777,-0.011133939,-0.0113868713,0.0157699585,-0.4299763,0.00473074662,0.9028278,-0.011133939,-0.0113868713,0.0157699585,-0.4299763,0.00473074662,0.9028278,-0.011133939,-0.0113868713,0.0157699585,-0.4299763,0.00473074662,0.9028278,NaN,NaN,NaN,NaN,-7.96139336,0.3660842,15.3090506,18.4899921,Grass(Clone),XR.DevicePose:Eye Tracking OpenXR
3.00508833,-0.0111522377,-0.0113586187,0.0157370567,-0.4308567,0.00462872256,0.9024085,-0.0111522377,-0.0113586187,0.0157370567,-0.4308567,0.00462872256,0.9024085,-0.0111522377,-0.0113586187,0.0157370567,-0.4308567,0.00462872256,0.9024085,NaN,NaN,NaN,NaN,-7.977676,0.364226162,15.3012352,18.48996,Grass(Clone),XR.DevicePose:Eye Tracking OpenXR
3.01633,-0.0111776888,-0.0112969875,0.0157201886,-0.430826753,0.005052291,0.9024205,-0.0111776888,-0.0112969875,0.0157201886,-0.430826753,0.005052291,0.9024205,-0.0111776888,-0.0112969875,0.0157201886,-0.430826753,0.005052291,0.9024205,NaN,NaN,NaN,NaN,-7.97741938,0.3721226,15.30201,18.49059,Grass(Clone),XR.DevicePose:Eye Tracking OpenXR
3.02732325,-0.0112073123,-0.0112500191,0.0157103539,-0.4307455,0.00539039,0.902457356,-0.0112073123,-0.0112500191,0.0157103539,-0.4307455,0.00539039,0.902457356,-0.0112073123,-0.0112500191,0.0157103539,-0.4307455,0.00539039,0.902457356,NaN,NaN,NaN,NaN,-7.976159,0.3784243,15.3031254,18.4910851,Grass(Clone),XR.DevicePose:Eye Tracking OpenXR
3.0386014,-0.0112413168,-0.01118207,0.0156770349,-0.430754125,0.00551777752,0.902452469,-0.0112413168,-0.01118207,0.0156770349,-0.430754125,0.00551777752,0.902452469,-0.0112413168,-0.01118207,0.0156770349,-0.430754125,0.00551777752,0.902452469,NaN,NaN,NaN,NaN,-7.976443,0.380848885,15.3031931,18.4912968,Grass(Clone),XR.DevicePose:Eye Tracking OpenXR
3.049822,-0.011270225,-0.01112926,0.0156396031,-0.43068,0.005838892,0.9024858,-0.011270225,-0.01112926,0.0156396031,-0.43068,0.005838892,0.9024858,-0.011270225,-0.01112926,0.0156396031,-0.43068,0.005838892,0.9024858,NaN,NaN,NaN,NaN,-7.97531557,0.386842579,15.30422,18.4917927,Grass(Clone),XR.DevicePose:Eye Tracking OpenXR
3.060569,-0.0113121569,-0.011111021,0.0155884624,-0.493093133,0.0423947945,0.8689429,-0.0113121569,-0.011111021,0.0155884624,-0.493093133,0.0423947945,0.8689429,-0.0113121569,-0.011111021,0.0155884624,-0.493093133,0.0423947945,0.8689429,NaN,NaN,NaN,NaN,-9.16268349,1.06569886,14.7423973,18.5591125,Grass(Clone),XR.DevicePose:Eye Tracking OpenXR
3.071786,-0.0113627017,-0.0110605955,0.0155525208,-0.493003,0.042400334,0.8689938,-0.0113627017,-0.0110605955,0.0155525208,-0.493003,0.042400334,0.8689938,-0.0113627017,-0.0110605955,0.0155525208,-0.493003,0.042400334,0.8689938,NaN,NaN,NaN,NaN,-9.161079,1.06585348,14.7433367,18.5591469,Grass(Clone),XR.DevicePose:Eye Tracking OpenXR
3.083071,-0.0114215314,-0.0110127926,0.0155283809,-0.490650833,0.04346049,0.870271742,-0.0114215314,-0.0110127926,0.0155283809,-0.490650833,0.04346049,0.870271742,-0.0114215314,-0.0110127926,0.0155283809,-0.490650833,0.04346049,0.870271742,NaN,NaN,NaN,NaN,-9.118841,1.08569729,14.7694416,18.5619164,Grass(Clone),XR.DevicePose:Eye Tracking OpenXR
3.09448719,-0.0114691854,-0.0109579563,0.015509665,-0.489649326,0.0424934849,0.870883346,-0.0114691854,-0.0109579563,0.015509665,-0.489649326,0.0424934849,0.870883346,-0.0114691854,-0.0109579563,0.015509665,-0.489649326,0.0424934849,0.870883346,NaN,NaN,NaN,NaN,-9.099371,1.0677222,14.7791252,18.5600224,Grass(Clone),XR.DevicePose:Eye Tracking OpenXR
3.10531282,-0.0115382075,-0.0109530687,0.0154773,-0.4909218,0.0437833369,0.870102763,-0.0115382075,-0.0109530687,0.0154773,-0.4909218,0.0437833369,0.870102763,-0.0115382075,-0.0109530687,0.0154773,-0.4909218,0.0437833369,0.870102763,NaN,NaN,NaN,NaN,-9.124305,1.09177792,14.7668133,18.5625629,Grass(Clone),XR.DevicePose:Eye Tracking OpenXR
3.11653519,-0.0116117895,-0.0109293461,0.0154400468,-0.490835,0.04369046,0.8701564,-0.0116117895,-0.0109293461,0.0154400468,-0.490835,0.04369046,0.8701564,-0.0116117895,-0.0109293461,0.0154400468,-0.490835,0.04369046,0.8701564,NaN,NaN,NaN,NaN,-9.122675,1.09006965,14.7676067,18.5623741,Grass(Clone),XR.DevicePose:Eye Tracking OpenXR
3.12794471,-0.0116794705,-0.0109785795,0.0154037476,-0.490901142,0.0445421375,0.870075941,-0.0116794705,-0.0109785795,0.0154037476,-0.490901142,0.0445421375,0.870075941,-0.0116794705,-0.0109785795,0.0154037476,-0.490901142,0.0445421375,0.870075941,NaN,NaN,NaN,NaN,-9.124886,1.10591233,14.7677021,18.56424,Grass(Clone),XR.DevicePose:Eye Tracking OpenXR
3.13903117,-0.0117060542,-0.0109844208,0.0153933764,-0.4910063,0.0445983224,0.870013654,-0.0117060542,-0.0109844208,0.0153933764,-0.4910063,0.0445983224,0.870013654,-0.0117060542,-0.0109844208,0.0153933764,-0.4910063,0.0445983224,0.870013654,NaN,NaN,NaN,NaN,-9.126914,1.10695422,14.7666216,18.5643387,Grass(Clone),XR.DevicePose:Eye Tracking OpenXR
3.1499424,-0.0117083788,-0.0109846592,0.01539278,-0.490968,0.04436143,0.87004745,-0.0117083788,-0.0109846592,0.01539278,-0.490968,0.04436143,0.87004745,-0.0117083788,-0.0109846592,0.01539278,-0.490968,0.04436143,0.87004745,NaN,NaN,NaN,NaN,-9.125949,1.10253322,14.7667961,18.56382,Grass(Clone),XR.DevicePose:Eye Tracking OpenXR
3.16147828,-0.0117022693,-0.0109659433,0.0153960586,-0.49135226,0.04534686,0.869779646,-0.0117022693,-0.0109659433,0.0153960586,-0.49135226,0.04534686,0.869779646,-0.0117022693,-0.0109659433,0.0153960586,-0.49135226,0.04534686,0.869779646,NaN,NaN,NaN,NaN,-9.134119,1.12094116,14.7636728,18.56594,Grass(Clone),XR.DevicePose:Eye Tracking OpenXR
3.172757,-0.011718899,-0.0109517574,0.0153955817,-0.4913427,0.0452158339,0.869791865,-0.011718899,-0.0109517574,0.0153955817,-0.4913427,0.0452158339,0.869791865,-0.011718899,-0.0109517574,0.0153955817,-0.4913427,0.0452158339,0.869791865,NaN,NaN,NaN,NaN,-9.13381,1.11850929,14.76364,18.5656433,Grass(Clone),XR.DevicePose:Eye Tracking OpenXR
3.1838336,-0.0117270052,-0.010923028,0.0153918862,-0.491462678,0.0446402319,0.869753838,-0.0117270052,-0.010923028,0.0153918862,-0.491462678,0.0446402319,0.869753838,-0.0117270052,-0.010923028,0.0153918862,-0.491462678,0.0446402319,0.869753838,NaN,NaN,NaN,NaN,-9.135406,1.10779321,14.7617912,18.5643349,Grass(Clone),XR.DevicePose:Eye Tracking OpenXR
3.19465137,-0.01173991,-0.01093328,0.0153815746,-0.4911811,0.0447855368,0.8699054,-0.01173991,-0.01093328,0.0153815746,-0.4911811,0.0447855368,0.8699054,-0.01173991,-0.01093328,0.0153815746,-0.4911811,0.0447855368,0.8699054,NaN,NaN,NaN,NaN,-9.130378,1.11049771,14.7649288,18.5647163,Grass(Clone),XR.DevicePose:Eye Tracking OpenXR
3.20585918,-0.0117357075,-0.0109379292,0.01537931,-0.490809649,0.0445089974,0.8701292,-0.0117357075,-0.0109379292,0.01537931,-0.490809649,0.0445089974,0.8701292,-0.0117357075,-0.0109379292,0.01537931,-0.490809649,0.0445089974,0.8701292,NaN,NaN,NaN,NaN,-9.123215,1.105335,14.7686167,18.5641823,Grass(Clone),XR.DevicePose:Eye Tracking OpenXR
3.21726561,-0.011716783,-0.01097846,0.0153674483,-0.4903781,0.0443685353,0.8703796,-0.011716783,-0.01097846,0.0153674483,-0.4903781,0.0443685353,0.8703796,-0.011716783,-0.01097846,0.0153674483,-0.4903781,0.0443685353,0.8703796,NaN,NaN,NaN,NaN,-9.115087,1.10267818,14.7730789,18.563982,Grass(Clone),XR.DevicePose:Eye Tracking OpenXR
3.228113,-0.011696279,-0.0109912157,0.0153543353,-0.4905374,0.0438943729,0.870313942,-0.011696279,-0.0109912157,0.0153543353,-0.4905374,0.0438943729,0.870313942,-0.011696279,-0.0109912157,0.0153543353,-0.4905374,0.0438943729,0.870313942,NaN,NaN,NaN,NaN,-9.117499,1.09381652,14.7709188,18.5629177,Grass(Clone),XR.DevicePose:Eye Tracking OpenXR
3.239533,-0.0116764605,-0.0110856295,0.0153483152,-0.490350217,0.04360858,0.870433748,-0.0116764605,-0.0110856295,0.0153483152,-0.490350217,0.04360858,0.870433748,-0.0116764605,-0.0110856295,0.0153483152,-0.490350217,0.04360858,0.870433748,NaN,NaN,NaN,NaN,-9.113721,1.08839178,14.7726307,18.562336,Grass(Clone),XR.DevicePose:Eye Tracking OpenXR
3.25068521,-0.0116563439,-0.0111637115,0.0153313875,-0.490115732,0.04324634,0.8705839,-0.0116563439,-0.0111637115,0.0153313875,-0.490115732,0.04324634,0.8705839,-0.0116563439,-0.0111637115,0.0153313875,-0.490115732,0.04324634,0.8705839,NaN,NaN,NaN,NaN,-9.108994,1.081558,14.7747679,18.5616074,Grass(Clone),XR.DevicePose:Eye Tracking OpenXR
3.26214957,-0.0116332769,-0.0112220049,0.01532805,-0.490130037,0.0426736325,0.8706041,-0.0116332769,-0.0112220049,0.01532805,-0.490130037,0.0426736325,0.8706041,-0.0116332769,-0.0112220049,0.01532805,-0.490130037,0.0426736325,0.8706041,NaN,NaN,NaN,NaN,-9.108622,1.0708164,14.7740526,18.56036,Grass(Clone),XR.DevicePose:Eye Tracking OpenXR
3.27291083,-0.0116127431,-0.0112726688,0.0153495073,-0.489973873,0.0426809452,0.870691657,-0.0116127431,-0.0112726688,0.0153495073,-0.489973873,0.0426809452,0.870691657,-0.0116127431,-0.0112726688,0.0153495073,-0.489973873,0.0426809452,0.870691657,NaN,NaN,NaN,NaN,-9.105723,1.07090282,14.7757339,18.5604,Grass(Clone),XR.DevicePose:Eye Tracking OpenXR
3.28397274,-0.0115931034,-0.0112921,0.0153597593,-0.490032136,0.0419347659,0.8706951,-0.0115931034,-0.0112921,0.0153597593,-0.490032136,0.0419347659,0.8706951,-0.0115931034,-0.0112921,0.0153597593,-0.490032136,0.0419347659,0.8706951,NaN,NaN,NaN,NaN,-9.10598,1.05696511,14.7743788,18.5587578,Grass(Clone),XR.DevicePose:Eye Tracking OpenXR
3.29579568,-0.0115626156,-0.0113366842,0.0153915286,-0.489527464,0.0418282337,0.8709841,-0.0115626156,-0.0113366842,0.0153915286,-0.489527464,0.0418282337,0.8709841,-0.0115626156,-0.0113366842,0.0153915286,-0.489527464,0.0418282337,0.8709841,NaN,NaN,NaN,NaN,-9.096521,1.0549382,14.779664,18.5586319,Grass(Clone),XR.DevicePose:Eye Tracking OpenXR
3.30652714,-0.0115449131,-0.0113420486,0.015414,-0.489483029,0.0420474149,0.8709985,-0.0115449131,-0.0113420486,0.015414,-0.489483029,0.0420474149,0.8709985,-0.0115449131,-0.0113420486,0.015414,-0.489483029,0.0420474149,0.8709985,NaN,NaN,NaN,NaN,-9.095913,1.05902052,14.7803688,18.5591068,Grass(Clone),XR.DevicePose:Eye Tracking OpenXR
3.31773043,-0.01152876,-0.0113140345,0.0154278278,-0.48917532,0.0419824943,0.8711745,-0.01152876,-0.0113140345,0.0154278278,-0.48917532,0.0419824943,0.8711745,-0.01152876,-0.0113140345,0.0154278278,-0.48917532,0.0419824943,0.8711745,NaN,NaN,NaN,NaN,-9.090155,1.05784082,14.7835913,18.559042,Grass(Clone),XR.DevicePose:Eye Tracking OpenXR
3.32889271,-0.0114734769,-0.0113158226,0.0154448748,-0.4893685,0.041786395,0.871075451,-0.0114734769,-0.0113158226,0.0154448748,-0.4893685,0.041786395,0.871075451,-0.0114734769,-0.0113158226,0.0154448748,-0.4893685,0.041786395,0.871075451,NaN,NaN,NaN,NaN,-9.093458,1.05418015,14.7813663,18.5585785,Grass(Clone),XR.DevicePose:Eye Tracking OpenXR
3.33981466,-0.0114210546,-0.0113315582,0.0154625177,-0.489402741,0.041480016,0.8710708,-0.0114210546,-0.0113315582,0.0154625177,-0.489402741,0.041480016,0.8710708,-0.0114210546,-0.0113315582,0.0154625177,-0.489402741,0.041480016,0.8710708,NaN,NaN,NaN,NaN,-9.093716,1.04845107,14.7807217,18.5579166,Grass(Clone),XR.DevicePose:Eye Tracking OpenXR
3.35077429,-0.0113563836,-0.0113728046,0.0154815316,-0.489671677,0.0415102579,0.8709182,-0.0113563836,-0.0113728046,0.0154815316,-0.489671677,0.0415102579,0.8709182,-0.0113563836,-0.0113728046,0.0154815316,-0.489671677,0.0415102579,0.8709182,NaN,NaN,NaN,NaN,-9.098648,1.04897225,14.7779188,18.55793,Grass(Clone),XR.DevicePose:Eye Tracking OpenXR
3.36245561,-0.0112030506,-0.0114402771,0.0155018568,-0.489494324,0.0409922078,0.87104243,-0.0112030506,-0.0114402771,0.0155018568,-0.489494324,0.0409922078,0.87104243,-0.0112030506,-0.0114402771,0.0155018568,-0.489494324,0.0409922078,0.87104243,NaN,NaN,NaN,NaN,-9.094704,1.03924859,14.7793541,18.5569077,Grass(Clone),XR.DevicePose:Eye Tracking OpenXR
3.373153,-0.01116237,-0.0114414692,0.0155248642,-0.489238977,0.0412841477,0.87117213,-0.01116237,-0.0114414692,0.0155248642,-0.489238977,0.0412841477,0.87117213,-0.01116237,-0.0114414692,0.0155248642,-0.489238977,0.0412841477,0.87117213,NaN,NaN,NaN,NaN,-9.090263,1.04469323,14.78239,18.5576,Grass(Clone),XR.DevicePose:Eye Tracking OpenXR
3.38468933,-0.0110953152,-0.0113928318,0.0155679584,-0.488607824,0.04171145,0.8715059,-0.0110953152,-0.0113928318,0.0155679584,-0.488607824,0.04171145,0.8715059,-0.0110953152,-0.0113928318,0.0155679584,-0.488607824,0.04171145,0.8715059,NaN,NaN,NaN,NaN,-9.079017,1.05271709,14.7895775,18.5586929,Grass(Clone),XR.DevicePose:Eye Tracking OpenXR
3.39565039,-0.011053592,-0.0113866329,0.015591681,-0.488305926,0.04221074,0.871651053,-0.011053592,-0.0113866329,0.015591681,-0.488305926,0.04221074,0.871651053,-0.011053592,-0.0113866329,0.015591681,-0.488305926,0.04221074,0.871651053,NaN,NaN,NaN,NaN,-9.073943,1.06203878,14.793314,18.55986,Grass(Clone),XR.DevicePose:Eye Tracking OpenXR
3.40751839,-0.0110225379,-0.0113582611,0.0156151652,-0.4878388,0.0424788259,0.8718996,-0.0110225379,-0.0113582611,0.0156151652,-0.4878388,0.0424788259,0.8718996,-0.0110225379,-0.0113582611,0.0156151652,-0.4878388,0.0424788259,0.8718996,NaN,NaN,NaN,NaN,-9.065592,1.06707323,14.7985716,18.5605736,Grass(Clone),XR.DevicePose:Eye Tracking OpenXR
3.4181273,-0.0109733045,-0.0113315582,0.0156323314,-0.487552524,0.0427544564,0.872046232,-0.0109733045,-0.0113315582,0.0156323314,-0.487552524,0.0427544564,0.872046232,-0.0109733045,-0.0113315582,0.0156323314,-0.487552524,0.0427544564,0.872046232,NaN,NaN,NaN,NaN,-9.060568,1.0722456,14.80192,18.5612717,Grass(Clone),XR.DevicePose:Eye Tracking OpenXR
3.42961526,-0.01091367,-0.0113203526,0.015615344,-0.487415761,0.0421784073,0.8721507,-0.01091367,-0.0113203526,0.015615344,-0.487415761,0.0421784073,0.8721507,-0.01091367,-0.0113203526,0.015615344,-0.487415761,0.0421784073,0.8721507,NaN,NaN,NaN,NaN,-9.0574,1.061515,14.80282,18.5601,Grass(Clone),XR.DevicePose:Eye Tracking OpenXR
3.44051313,-0.0108930767,-0.0113117695,0.0155796409,0.07642973,0.156561881,0.9847065,-0.0108930767,-0.0113117695,0.0155796409,0.07642973,0.156561881,0.9847065,-0.0108930767,-0.0113117695,0.0155796409,0.07642973,0.156561881,0.9847065,NaN,NaN,NaN,NaN,1.43708873,3.24479556,17.2711086,18.94527,Grass(Clone),XR.DevicePose:Eye Tracking OpenXR
3.451614,-0.0108384788,-0.0112677813,0.0155183077,0.0792931244,0.157403663,0.9843458,-0.0108384788,-0.0112677813,0.0155183077,0.0792931244,0.157403663,0.9843458,-0.0108384788,-0.0112677813,0.0155183077,0.0792931244,0.157403663,0.9843458,NaN,NaN,NaN,NaN,1.49177074,3.261541,17.2689266,18.950058,Grass(Clone),XR.DevicePose:Eye Tracking OpenXR
3.46272373,-0.0108289421,-0.0112234354,0.0155006647,0.07944134,0.15595077,0.9845651,-0.0108289421,-0.0112234354,0.0155006647,0.07944134,0.15595077,0.9845651,-0.0108289421,-0.0112234354,0.0155006647,0.07944134,0.15595077,0.9845651,NaN,NaN,NaN,NaN,1.49407053,3.23303533,17.26664,18.9435329,Grass(Clone),XR.DevicePose:Eye Tracking OpenXR
3.47415948,-0.0108048618,-0.0111484528,0.0154824257,0.08010351,0.154410288,0.9847542,-0.0108048618,-0.0111484528,0.0154824257,0.08010351,0.154410288,0.9847542,-0.0108048618,-0.0111484528,0.0154824257,0.08010351,0.154410288,0.9847542,NaN,NaN,NaN,NaN,1.5061028,3.20289516,17.2636185,18.9368458,Grass(Clone),XR.DevicePose:Eye Tracking OpenXR
3.484789,-0.01079917,-0.0110948086,0.0154745579,0.07996509,0.154975817,0.984676659,-0.01079917,-0.0110948086,0.0154745579,0.07996509,0.154975817,0.984676659,-0.01079917,-0.0110948086,0.0154745579,0.07996509,0.154975817,0.984676659,NaN,NaN,NaN,NaN,1.50368762,3.214046,17.2646084,18.9393482,Grass(Clone),XR.DevicePose:Eye Tracking OpenXR
3.49640059,-0.01078403,-0.0110298395,0.01545763,0.07984161,0.155575231,0.98459214,-0.01078403,-0.0110298395,0.01545763,0.07984161,0.155575231,0.98459214,-0.01078403,-0.0110298395,0.01545763,0.07984161,0.155575231,0.98459214,NaN,NaN,NaN,NaN,1.50157809,3.22588062,17.26563,18.94203,Grass(Clone),XR.DevicePose:Eye Tracking OpenXR
3.5074532,-0.0108011663,-0.0109725,0.0154369473,0.07983481,0.155277714,0.984639645,-0.0108011663,-0.0109725,0.0154369473,0.07983481,0.155277714,0.984639645,-0.0108011663,-0.0109725,0.0154369473,0.07983481,0.155277714,0.984639645,NaN,NaN,NaN,NaN,1.501327,3.220097,17.2652111,18.94071,Grass(Clone),XR.DevicePose:Eye Tracking OpenXR
3.51856971,-0.01078549,-0.0109246969,0.0154118538,0.07983337,0.155679345,0.984576344,-0.01078549,-0.0109246969,0.0154118538,0.07983337,0.155679345,0.984576344,-0.01078549,-0.0109246969,0.0154118538,0.07983337,0.155679345,0.984576344,NaN,NaN,NaN,NaN,1.50146246,3.22803974,17.2658,18.9425526,Grass(Clone),XR.DevicePose:Eye Tracking OpenXR
3.52945065,-0.0107904673,-0.0109250546,0.0154147744,0.07985051,0.1561275,0.984504,-0.0107904673,-0.0109250546,0.0154147744,0.07985051,0.1561275,0.984504,-0.0107904673,-0.0109250546,0.0154147744,0.07985051,0.1561275,0.984504,NaN,NaN,NaN,NaN,1.50194407,3.23684478,17.2664318,18.944582,Grass(Clone),XR.DevicePose:Eye Tracking OpenXR
3.54091,-0.01077649,-0.0109434128,0.0154235959,0.0799337253,0.156361267,0.9844601,-0.01077649,-0.0109434128,0.0154235959,0.0799337253,0.156361267,0.9844601,-0.01077649,-0.0109434128,0.0154235959,0.0799337253,0.156361267,0.9844601,NaN,NaN,NaN,NaN,1.50362074,3.24142361,17.26667,18.94566,Grass(Clone),XR.DevicePose:Eye Tracking OpenXR
3.55248785,-0.0107552111,-0.0110133886,0.01544261,0.07993685,0.1564822,0.9844407,-0.0107552111,-0.0110133886,0.01544261,0.07993685,0.1564822,0.9844407,-0.0107552111,-0.0110133886,0.01544261,0.07993685,0.1564822,0.9844407,NaN,NaN,NaN,NaN,1.50374293,3.24372673,17.2668362,18.9461823,Grass(Clone),XR.DevicePose:Eye Tracking OpenXR
3.56286168,-0.0107169747,-0.011056304,0.0154367685,0.07967915,0.156778365,0.984414458,-0.0107169747,-0.011056304,0.0154367685,0.07967915,0.156778365,0.984414458,-0.0107169747,-0.011056304,0.0154367685,0.07967915,0.156778365,0.984414458,NaN,NaN,NaN,NaN,1.49899864,3.24949217,17.2675667,18.9474354,Grass(Clone),XR.DevicePose:Eye Tracking OpenXR
3.574175,-0.010722965,-0.0110831261,0.0153948069,0.0800312161,0.156617641,0.9844115,-0.010722965,-0.0110831261,0.0153948069,0.0800312161,0.156617641,0.9844115,-0.010722965,-0.0110831261,0.0153948069,0.0800312161,0.156617641,0.9844115,NaN,NaN,NaN,NaN,1.50561821,3.24633074,17.2669125,18.9468727,Grass(Clone),XR.DevicePose:Eye Tracking OpenXR
3.58532,-0.0107036829,-0.0110949278,0.01537478,0.07975953,0.15634498,0.984476864,-0.0107036829,-0.0110949278,0.01537478,0.07975953,0.15634498,0.984476864,-0.0107036829,-0.0110949278,0.01537478,0.07975953,0.15634498,0.984476864,NaN,NaN,NaN,NaN,1.500385,3.240948,17.2668381,18.9455566,Grass(Clone),XR.DevicePose:Eye Tracking OpenXR
3.596462,-0.0107045472,-0.0111215115,0.0153349638,0.272528172,0.23892954,0.932009161,-0.0107045472,-0.0111215115,0.0153349638,0.272528172,0.23892954,0.932009161,-0.0107045472,-0.0111215115,0.0153349638,0.272528172,0.23892954,0.932009161,NaN,NaN,NaN,NaN,5.276655,4.91438437,16.697382,19.4011459,Grass(Clone),XR.DevicePose:Eye Tracking OpenXR
3.608012,-0.0107041,-0.0111671686,0.0152888894,0.274190843,0.234808341,0.9325687,-0.0107041,-0.0111671686,0.0152888894,0.274190843,0.234808341,0.9325687,-0.0107041,-0.0111671686,0.0152888894,0.274190843,0.234808341,0.9325687,NaN,NaN,NaN,NaN,5.301705,4.828212,16.6836777,19.3748589,Grass(Clone),XR.DevicePose:Eye Tracking OpenXR
3.618985,-0.010678947,-0.0112054348,0.0152614117,0.275940865,0.232910976,0.9325284,-0.010678947,-0.0112054348,0.0152614117,0.275940865,0.232910976,0.9325284,-0.010678947,-0.0112054348,0.0152614117,0.275940865,0.232910976,0.9325284,NaN,NaN,NaN,NaN,5.332429,4.788703,16.6720238,19.3632317,Grass(Clone),XR.DevicePose:Eye Tracking OpenXR
3.63018751,-0.0106635094,-0.0112705231,0.0152162313,0.276274741,0.23165597,0.932742059,-0.0106635094,-0.0112705231,0.0152162313,0.276274741,0.23165597,0.932742059,-0.0106635094,-0.0112705231,0.0152162313,0.276274741,0.23165597,0.932742059,NaN,NaN,NaN,NaN,5.33673573,4.762517,16.6687813,19.35537,Grass(Clone),XR.DevicePose:Eye Tracking OpenXR
3.641342,-0.0105919838,-0.0112726688,0.0151870847,0.277400881,0.230246648,0.9327568,-0.0105919838,-0.0112726688,0.0151870847,0.277400881,0.230246648,0.9327568,-0.0105919838,-0.0112726688,0.0151870847,0.277400881,0.230246648,0.9327568,NaN,NaN,NaN,NaN,5.35623169,4.73326731,16.66106,19.3468151,Grass(Clone),XR.DevicePose:Eye Tracking OpenXR
3.65215015,-0.0105700791,-0.0112377405,0.0151656866,0.277383,0.230543479,0.9326888,-0.0105700791,-0.0112377405,0.0151656866,0.277383,0.230543479,0.9326888,-0.0105700791,-0.0112377405,0.0151656866,0.277383,0.230543479,0.9326888,NaN,NaN,NaN,NaN,5.35643244,4.73948145,16.66149,19.34871,Grass(Clone),XR.DevicePose:Eye Tracking OpenXR
3.663372,-0.010529846,-0.011195302,0.0151304007,0.2776169,0.229958087,0.9327637,-0.010529846,-0.011195302,0.0151304007,0.2776169,0.229958087,0.9327637,-0.010529846,-0.011195302,0.0151304007,0.2776169,0.229958087,0.9327637,NaN,NaN,NaN,NaN,5.359999,4.72737026,16.65955,19.3451118,Grass(Clone),XR.DevicePose:Eye Tracking OpenXR
3.67473435,-0.0105574727,-0.0111929178,0.0151059031,0.2785099,0.229692414,0.932562947,-0.0105574727,-0.0111929178,0.0151059031,0.2785099,0.229692414,0.932562947,-0.0105574727,-0.0111929178,0.0151059031,0.2785099,0.229692414,0.932562947,NaN,NaN,NaN,NaN,5.37688065,4.7219305,16.6544132,19.3437939,Grass(Clone),XR.DevicePose:Eye Tracking OpenXR
3.68552017,-0.0105619431,-0.011187911,0.0150923729,0.279054165,0.228948832,0.9325831,-0.0105619431,-0.011187911,0.0150923729,0.279054165,0.228948832,0.9325831,-0.0105619431,-0.011187911,0.0150923729,0.279054165,0.228948832,0.9325831,NaN,NaN,NaN,NaN,5.38615751,4.70652866,16.6506233,19.339325,Grass(Clone),XR.DevicePose:Eye Tracking OpenXR
3.69732785,-0.0105582178,-0.0111967325,0.0150539875,0.279620677,0.228687659,0.9324775,-0.0105582178,-0.0111967325,0.0150539875,0.279620677,0.228687659,0.9324775,-0.0105582178,-0.0111967325,0.0150539875,0.279620677,0.228687659,0.9324775,NaN,NaN,NaN,NaN,5.396732,4.701153,16.647253,19.3379459,Grass(Clone),XR.DevicePose:Eye Tracking OpenXR
3.70803332,-0.0105547607,-0.0111808777,0.015042901,0.279356748,0.229079634,0.932460368,-0.0105547607,-0.0111808777,0.015042901,0.279356748,0.229079634,0.932460368,-0.0105547607,-0.0111808777,0.015042901,0.279356748,0.229079634,0.932460368,NaN,NaN,NaN,NaN,5.39229345,4.709292,16.6491261,19.3403187,Grass(Clone),XR.DevicePose:Eye Tracking OpenXR
3.72010183,-0.0105444193,-0.0111210346,0.0150182247,0.278621465,0.229214936,0.9326471,-0.0105444193,-0.0111210346,0.0150182247,0.278621465,0.229214936,0.9326471,-0.0105444193,-0.0111210346,0.0150182247,0.278621465,0.229214936,0.9326471,NaN,NaN,NaN,NaN,5.378249,4.71210527,16.653265,19.3409138,Grass(Clone),XR.DevicePose:Eye Tracking OpenXR
3.730197,-0.0105641782,-0.0110807419,0.0150197744,0.278756052,0.2291882,0.932613432,-0.0105641782,-0.0110807419,0.0150197744,0.278756052,0.2291882,0.932613432,-0.0105641782,-0.0110807419,0.0150197744,0.278756052,0.2291882,0.932613432,NaN,NaN,NaN,NaN,5.38080168,4.711603,16.6525135,19.3408031,Grass(Clone),XR.DevicePose:Eye Tracking OpenXR
3.741809,-0.0105803311,-0.0110189915,0.0150375962,0.2784937,0.22917974,0.9326939,-0.0105803311,-0.0110189915,0.0150375962,0.2784937,0.22917974,0.9326939,-0.0105803311,-0.0110189915,0.0150375962,0.2784937,0.22917974,0.9326939,NaN,NaN,NaN,NaN,5.37566757,4.711465,16.6539364,19.3406448,Grass(Clone),XR.DevicePose:Eye Tracking OpenXR
3.753164,-0.01060167,-0.0109487772,0.01505816,0.2781881,0.229481578,0.9327109,-0.01060167,-0.0109487772,0.01505816,0.2781881,0.229481578,0.9327109,-0.01060167,-0.0109487772,0.01505816,0.2781881,0.229481578,0.9327109,NaN,NaN,NaN,NaN,5.370231,4.71778,16.6559467,19.3424225,Grass(Clone),XR.DevicePose:Eye Tracking OpenXR
3.76361537,-0.0105932951,-0.0109293461,0.0150585771,0.2780566,0.229273558,0.932801247,-0.0105932951,-0.0109293461,0.0150585771,0.2780566,0.229273558,0.932801247,-0.0105932951,-0.0109293461,0.0150585771,0.2780566,0.229273558,0.932801247,NaN,NaN,NaN,NaN,5.36731672,4.71346426,16.6564236,19.34106,Grass(Clone),XR.DevicePose:Eye Tracking OpenXR
3.77521539,-0.0106245875,-0.0109239817,0.0150470138,0.278328419,0.229340479,0.932703733,-0.0106245875,-0.0109239817,0.0150470138,0.278328419,0.229340479,0.932703733,-0.0106245875,-0.0109239817,0.0150470138,0.278328419,0.229340479,0.932703733,NaN,NaN,NaN,NaN,5.37269354,4.714889,16.6550331,19.3416042,Grass(Clone),XR.DevicePose:Eye Tracking OpenXR
3.786189,-0.0106102824,-0.0109130144,0.0150230527,0.2783431,0.228807211,0.932830334,-0.0106102824,-0.0109130144,0.0150230527,0.2783431,0.228807211,0.932830334,-0.0106102824,-0.0109130144,0.0150230527,0.2783431,0.228807211,0.932830334,NaN,NaN,NaN,NaN,5.37206459,4.70382261,16.6543484,19.3382721,Grass(Clone),XR.DevicePose:Eye Tracking OpenXR
3.797372,-0.01059401,-0.0109349489,0.0150120258,0.278591633,0.229354829,0.9326216,-0.01059401,-0.0109349489,0.0150120258,0.278591633,0.229354829,0.9326216,-0.01059401,-0.0109349489,0.0150120258,0.278591633,0.229354829,0.9326216,NaN,NaN,NaN,NaN,5.37787628,4.71520567,16.6536121,19.3418217,Grass(Clone),XR.DevicePose:Eye Tracking OpenXR
3.80857253,-0.0105812252,-0.0109055042,0.0149966478,0.278923362,0.2292041,0.9325595,-0.0105812252,-0.0109055042,0.0149966478,0.278923362,0.2292041,0.9325595,-0.0105812252,-0.0109055042,0.0149966478,0.278923362,0.2292041,0.9325595,NaN,NaN,NaN,NaN,5.3840785,4.712135,16.65164,19.341013,Grass(Clone),XR.DevicePose:Eye Tracking OpenXR
3.8197794,-0.0105851889,-0.01089108,0.014996767,0.2790876,0.22905378,0.932547331,-0.0105851889,-0.01089108,0.014996767,0.2790876,0.22905378,0.932547331,-0.0105851889,-0.01089108,0.014996767,0.2790876,0.22905378,0.932547331,NaN,NaN,NaN,NaN,5.38700533,4.70903826,16.6505814,19.34013,Grass(Clone),XR.DevicePose:Eye Tracking OpenXR
3.83081055,-0.0105594993,-0.0108733177,0.0150000453,0.279479444,0.229073152,0.9324252,-0.0105594993,-0.0108733177,0.0150000453,0.279479444,0.229073152,0.9324252,-0.0105594993,-0.0108733177,0.0150000453,0.279479444,0.229073152,0.9324252,NaN,NaN,NaN,NaN,5.39468336,4.709492,16.6484737,19.3403969,Grass(Clone),XR.DevicePose:Eye Tracking OpenXR
3.8419714,-0.0105379522,-0.0109093189,0.0150051117,0.2797243,0.228975967,0.932375669,-0.0105379522,-0.0109093189,0.0150051117,0.2797243,0.228975967,0.932375669,-0.0105379522,-0.0109093189,0.0150051117,0.2797243,0.228975967,0.932375669,NaN,NaN,NaN,NaN,5.399293,4.707456,16.647028,19.3398685,Grass(Clone),XR.DevicePose:Eye Tracking OpenXR
3.85339,-0.0105186105,-0.0109452009,0.0150229335,0.280113518,0.228932172,0.9322695,-0.0105186105,-0.0109452009,0.0150229335,0.280113518,0.228932172,0.9322695,-0.0105186105,-0.0109452009,0.0150229335,0.280113518,0.228932172,0.9322695,NaN,NaN,NaN,NaN,5.4068,4.70654154,16.6448612,19.3397312,Grass(Clone),XR.DevicePose:Eye Tracking OpenXR
3.8647356,-0.0104958415,-0.010981679,0.0150283575,0.2803958,0.228738725,0.932232141,-0.0104958415,-0.010981679,0.0150283575,0.2803958,0.228738725,0.932232141,-0.0104958415,-0.010981679,0.0150283575,0.2803958,0.228738725,0.932232141,NaN,NaN,NaN,NaN,5.41197,4.70250845,16.6431026,19.3386135,Grass(Clone),XR.DevicePose:Eye Tracking OpenXR
3.87585759,-0.0104707778,-0.0109887123,0.0150613785,0.280990928,0.228347361,0.932148933,-0.0104707778,-0.0109887123,0.0150613785,0.280990928,0.228347361,0.932148933,-0.0104707778,-0.0109887123,0.0150613785,0.280990928,0.228347361,0.932148933,NaN,NaN,NaN,NaN,5.42287159,4.69441843,16.63943,19.3363628,Grass(Clone),XR.DevicePose:Eye Tracking OpenXR
3.886928,-0.0104572177,-0.0110180378,0.0150865912,0.281355172,0.2282278,0.9320683,-0.0104572177,-0.0110180378,0.0150865912,0.281355172,0.2282278,0.9320683,-0.0104572177,-0.0110180378,0.0150865912,0.281355172,0.2282278,0.9320683,NaN,NaN,NaN,NaN,5.4297533,4.691936,16.6373158,19.335741,Grass(Clone),XR.DevicePose:Eye Tracking OpenXR
3.8977077,-0.0104348361,-0.0110294819,0.0151368976,0.281812459,0.228242412,0.9319266,-0.0104348361,-0.0110294819,0.0151368976,0.281812459,0.228242412,0.9319266,-0.0104348361,-0.0110294819,0.0151368976,0.281812459,0.228242412,0.9319266,NaN,NaN,NaN,NaN,5.43868351,4.692261,16.6348476,19.3359776,Grass(Clone),XR.DevicePose:Eye Tracking OpenXR
3.910864,-0.010412544,-0.0110374689,0.0151616335,0.282238454,0.228348315,0.9317717,-0.010412544,-0.0110374689,0.0151616335,0.282238454,0.228348315,0.9317717,-0.010412544,-0.0110374689,0.0151616335,0.282238454,0.228348315,0.9317717,NaN,NaN,NaN,NaN,5.447145,4.6944623,16.6325417,19.336689,Grass(Clone),XR.DevicePose:Eye Tracking OpenXR
3.92206478,-0.0103906095,-0.01102066,0.0152527094,0.282808781,0.228553772,0.931548357,-0.0103906095,-0.01102066,0.0152527094,0.282808781,0.228553772,0.931548357,-0.0103906095,-0.01102066,0.0152527094,0.282808781,0.228553772,0.931548357,NaN,NaN,NaN,NaN,5.45846176,4.69866848,16.6291962,19.3376369,Grass(Clone),XR.DevicePose:Eye Tracking OpenXR
3.93311262,-0.0103278756,-0.011000514,0.0153579116,0.283588827,0.229077891,0.931182444,-0.0103278756,-0.011000514,0.0153579116,0.283588827,0.229077891,0.931182444,-0.0103278756,-0.011000514,0.0153579116,0.283588827,0.229077891,0.931182444,NaN,NaN,NaN,NaN,5.474414,4.709474,16.6248665,19.3404713,Grass(Clone),XR.DevicePose:Eye Tracking OpenXR
3.94320464,-0.0102546513,-0.0109404325,0.0154386163,0.283773363,0.229472026,0.931029141,-0.0102546513,-0.0109404325,0.0154386163,0.283773363,0.229472026,0.931029141,-0.0102546513,-0.0109404325,0.0154386163,0.283773363,0.229472026,0.931029141,NaN,NaN,NaN,NaN,5.47870731,4.717684,16.6241188,19.3427677,Grass(Clone),XR.DevicePose:Eye Tracking OpenXR
3.95385361,-0.0101921856,-0.0109058619,0.0154846907,0.285007,0.229535937,0.930636466,-0.0101921856,-0.0109058619,0.0154846907,0.285007,0.229535937,0.930636466,-0.0101921856,-0.0109058619,0.0154846907,0.285007,0.229535937,0.930636466,NaN,NaN,NaN,NaN,5.502597,4.718926,16.6164532,19.3426437,Grass(Clone),XR.DevicePose:Eye Tracking OpenXR
3.96538377,-0.0100355446,-0.0108345747,0.0155102611,0.2862464,0.2298616,0.9301756,-0.0100355446,-0.0108345747,0.0155102611,0.2862464,0.2298616,0.9301756,-0.0100355446,-0.0108345747,0.0155102611,0.2862464,0.2298616,0.9301756,NaN,NaN,NaN,NaN,5.52716827,4.72565031,16.6090012,19.3441849,Grass(Clone),XR.DevicePose:Eye Tracking OpenXR
3.976205,-0.009851366,-0.0107076168,0.0155158639,0.28828603,0.2307858,0.929316461,-0.009851366,-0.0107076168,0.0155158639,0.28828603,0.2307858,0.929316461,-0.009851366,-0.0107076168,0.0155158639,0.28828603,0.2307858,0.929316461,NaN,NaN,NaN,NaN,5.568286,4.744839,16.5971527,19.3493137,Grass(Clone),XR.DevicePose:Eye Tracking OpenXR
3.98726749,-0.009621084,-0.0104827881,0.01551193,0.2908741,0.2323971,0.9281077,-0.009621084,-0.0104827881,0.01551193,0.2908741,0.2323971,0.9281077,-0.009621084,-0.0104827881,0.01551193,0.2908741,0.2323971,0.9281077,NaN,NaN,NaN,NaN,5.62135124,4.778445,16.5825615,19.358799,Grass(Clone),XR.DevicePose:Eye Tracking OpenXR
3.998742,-0.009293497,-0.0101286173,0.015497148,0.294251472,0.235398725,0.9262848,-0.009293497,-0.0101286173,0.015497148,0.294251472,0.235398725,0.9262848,-0.009293497,-0.0101286173,0.015497148,0.294251472,0.235398725,0.9262848,NaN,NaN,NaN,NaN,5.692506,4.841263,16.5643959,19.3772984,Grass(Clone),XR.DevicePose:Eye Tracking OpenXR
4.00963545,-0.008846402,-0.009651899,0.0154575706,0.297735661,0.239468336,0.924125731,-0.008846402,-0.009651899,0.0154575706,0.297735661,0.239468336,0.924125731,-0.008846402,-0.009651899,0.0154575706,0.297735661,0.239468336,0.924125731,NaN,NaN,NaN,NaN,5.768208,4.92682362,16.5465469,19.4033012,Grass(Clone),XR.DevicePose:Eye Tracking OpenXR
4.020973,-0.008403748,-0.009116173,0.0154032111,0.301363528,0.244124427,0.921728432,-0.008403748,-0.009116173,0.0154032111,0.301363528,0.244124427,0.921728432,-0.008403748,-0.009116173,0.0154032111,0.301363528,0.244124427,0.921728432,NaN,NaN,NaN,NaN,5.8482976,5.02520037,16.5282822,19.4340115,Grass(Clone),XR.DevicePose:Eye Tracking OpenXR
4.031975,-0.00751635432,-0.008029938,0.01520431,0.309586942,0.254526049,0.9161727,-0.00751635432,-0.008029938,0.01520431,0.309586942,0.254526049,0.9161727,-0.00751635432,-0.008029938,0.01520431,0.309586942,0.254526049,0.9161727,NaN,NaN,NaN,NaN,6.03135729,5.2468133,16.4862785,19.5062313,Grass(Clone),XR.DevicePose:Eye Tracking OpenXR
4.043403,-0.00673675537,-0.00705456734,0.0150176883,0.317254722,0.263808161,0.9109087,-0.00673675537,-0.00705456734,0.0150176883,0.317254722,0.263808161,0.9109087,-0.00673675537,-0.00705456734,0.0150176883,0.317254722,0.263808161,0.9109087,NaN,NaN,NaN,NaN,NaN,NaN,NaN,NaN,None,XR.DevicePose:Eye Tracking OpenXR
4.055093,-0.005844742,-0.00601160526,0.0147615075,0.321804017,0.269658029,0.9075939,-0.005844742,-0.00601160526,0.0147615075,0.321804017,0.269658029,0.9075939,-0.005844742,-0.00601160526,0.0147615075,0.321804017,0.269658029,0.9075939,NaN,NaN,NaN,NaN,NaN,NaN,NaN,NaN,None,XR.DevicePose:Eye Tracking OpenXR
4.06534529,-0.00512933731,-0.005116582,0.0145427585,0.329069585,0.278440177,0.9023216,-0.00512933731,-0.005116582,0.0145427585,0.329069585,0.278440177,0.9023216,-0.00512933731,-0.005116582,0.0145427585,0.329069585,0.278440177,0.9023216,NaN,NaN,NaN,NaN,NaN,NaN,NaN,NaN,None,XR.DevicePose:Eye Tracking OpenXR
4.07689142,-0.00382751226,-0.00328218937,0.0140372515,0.339763343,0.292819351,0.893766046,-0.00382751226,-0.00328218937,0.0140372515,0.339763343,0.292819351,0.893766046,-0.00382751226,-0.00328218937,0.0140372515,0.339763343,0.292819351,0.893766046,NaN,NaN,NaN,NaN,NaN,NaN,NaN,NaN,None,XR.DevicePose:Eye Tracking OpenXR
4.088146,-0.00265827775,-0.00135135651,0.0135169029,0.351601869,0.309724867,0.883428931,-0.00265827775,-0.00135135651,0.0135169029,0.351601869,0.309724867,0.883428931,-0.00265827775,-0.00135135651,0.0135169029,0.351601869,0.309724867,0.883428931,NaN,NaN,NaN,NaN,NaN,NaN,NaN,NaN,None,XR.DevicePose:Eye Tracking OpenXR
4.09893465,-0.0017362833,0.000184297562,0.0130518675,0.355786145,0.316708148,0.879268,-0.0017362833,0.000184297562,0.0130518675,0.355786145,0.316708148,0.879268,-0.0017362833,0.000184297562,0.0130518675,0.355786145,0.316708148,0.879268,NaN,NaN,NaN,NaN,NaN,NaN,NaN,NaN,None,XR.DevicePose:Eye Tracking OpenXR
4.11014128,-0.0001962781,0.00252592564,0.01224339,0.12545754,-0.29417327,0.947482169,-0.0001962781,0.00252592564,0.01224339,0.12545754,-0.29417327,0.947482169,-0.0001962781,0.00252592564,0.01224339,0.12545754,-0.29417327,0.947482169,NaN,NaN,NaN,NaN,0.124549851,9.893871E-20,-0.445580333,0.9944,Plane,XR.DevicePose:Eye Tracking OpenXR
4.12145662,0.00141742826,0.004649043,0.0113241076,0.141551092,-0.2742239,0.9511911,0.00141742826,0.004649043,0.0113241076,0.141551092,-0.2742239,0.9511911,0.00141742826,0.004649043,0.0113241076,0.141551092,-0.2742239,0.9511911,NaN,NaN,NaN,NaN,0.153517708,8.140973E-20,-0.366636842,1.07448339,Plane,XR.DevicePose:Eye Tracking OpenXR
4.13269424,0.002914369,0.006345272,0.0103523135,0.156367719,-0.258116215,0.953375638,0.002914369,0.006345272,0.0103523135,0.156367719,-0.258116215,0.953375638,0.002914369,0.006345272,0.0103523135,0.156367719,-0.258116215,0.953375638,NaN,NaN,NaN,NaN,0.1824498,6.55186E-20,-0.295069546,1.14810789,Plane,XR.DevicePose:Eye Tracking OpenXR
4.14356375,0.00445708632,0.00794363,0.009266019,0.145771921,-0.236736476,0.960576057,0.00445708632,0.00794363,0.009266019,0.145771921,-0.236736476,0.960576057,0.00445708632,0.00794363,0.009266019,0.145771921,-0.236736476,0.960576057,NaN,NaN,NaN,NaN,0.187915549,4.03688728E-20,-0.181805253,1.2585454,Plane,XR.DevicePose:Eye Tracking OpenXR
4.154651,0.006052494,0.009572864,0.008032918,0.123935752,-0.345494777,0.9302007,0.006052494,0.009572864,0.008032918,0.123935752,-0.345494777,0.9302007,0.006052494,0.009572864,0.008032918,0.123935752,-0.345494777,0.9302007,NaN,NaN,NaN,NaN,0.11350511,1.29986082E-19,-0.5854053,0.867083549,Plane,XR.DevicePose:Eye Tracking OpenXR
4.16580963,0.00768274069,0.0113992691,0.00660735369,0.1296457,-0.3412562,0.9309867,0.00768274069,0.0113992691,0.00660735369,0.1296457,-0.3412562,0.9309867,0.00768274069,0.0113992691,0.00660735369,0.1296457,-0.3412562,0.9309867,NaN,NaN,NaN,NaN,0.122177586,1.268186E-19,-0.5711402,0.8832052,Plane,XR.DevicePose:Eye Tracking OpenXR
4.176858,0.009282678,0.0132546425,0.00502336025,0.115835361,-0.371782541,0.921064556,0.009282678,0.0132546425,0.00502336025,0.115835361,-0.371782541,0.921064556,0.009282678,0.0132546425,0.00502336025,0.115835361,-0.371782541,0.921064556,NaN,NaN,NaN,NaN,0.103765711,1.429268E-19,-0.6436851,0.815677464,Plane,XR.DevicePose:Eye Tracking OpenXR
4.188416,0.0105385184,0.0146166086,0.003554225,0.112869941,-0.364973754,0.9241507,0.0105385184,0.0146166086,0.003554225,0.112869941,-0.364973754,0.9241507,0.0105385184,0.0146166086,0.003554225,0.112869941,-0.364973754,0.9241507,NaN,NaN,NaN,NaN,0.104749188,1.38805754E-19,-0.6251255,0.834625959,Plane,XR.DevicePose:Eye Tracking OpenXR
4.199337,0.0120627284,0.0159851313,0.001848042,0.110567726,-0.3600733,0.926348746,0.0120627284,0.0159851313,0.001848042,0.110567726,-0.3600733,0.926348746,0.0120627284,0.0159851313,0.001848042,0.110567726,-0.3600733,0.926348746,NaN,NaN,NaN,NaN,0.106024727,1.35659016E-19,-0.610953867,0.8497855,Plane,XR.DevicePose:Eye Tracking OpenXR
4.210263,0.0133833885,0.0171946287,0.000209391117,0.117876269,-0.3617229,0.9248036,0.0133833885,0.0171946287,0.000209391117,0.117876269,-0.3617229,0.9248036,0.0133833885,0.0171946287,0.000209391117,0.117876269,-0.3617229,0.9248036,NaN,NaN,NaN,NaN,0.113493189,1.3642359E-19,-0.6143972,0.849253953,Plane,XR.DevicePose:Eye Tracking OpenXR
4.22156,0.0145391524,0.0183330774,-0.00136709213,0.122492746,-0.3677857,0.9218076,0.0145391524,0.0183330774,-0.00136709213,0.122492746,-0.3677857,0.9218076,0.0145391524,0.0183330774,-0.00136709213,0.122492746,-0.3677857,0.9218076,NaN,NaN,NaN,NaN,0.117236361,1.39570547E-19,-0.628569841,0.8383497,Plane,XR.DevicePose:Eye Tracking OpenXR
4.232714,0.0158137679,0.0196797848,-0.0029155612,0.121443972,-0.368667334,0.921594143,0.0158137679,0.0196797848,-0.0029155612,0.121443972,-0.368667334,0.921594143,0.0158137679,0.0196797848,-0.0029155612,0.121443972,-0.368667334,0.921594143,NaN,NaN,NaN,NaN,0.117820486,1.39616856E-19,-0.6287784,0.839997768,Plane,XR.DevicePose:Eye Tracking OpenXR
4.244295,0.0169540644,0.0209259987,-0.004341781,0.127034754,-0.3614248,0.9237068,0.0169540644,0.0209259987,-0.004341781,0.127034754,-0.3614248,0.9237068,0.0169540644,0.0209259987,-0.004341781,0.127034754,-0.3614248,0.9237068,NaN,NaN,NaN,NaN,0.126242623,1.35379843E-19,-0.6096966,0.8602784,Plane,XR.DevicePose:Eye Tracking OpenXR
4.260439,0.0186595917,0.02270937,-0.00668382645,0.125755563,-0.36841172,0.921117961,0.0186595917,0.02270937,-0.00668382645,0.125755563,-0.36841172,0.921117961,0.0186595917,0.02270937,-0.00668382645,0.125755563,-0.36841172,0.921117961,NaN,NaN,NaN,NaN,0.1254022,1.38741285E-19,-0.6248352,0.848804057,Plane,XR.DevicePose:Eye Tracking OpenXR
4.267059,0.01914376,0.0230900049,-0.00740504265,0.127752319,-0.366055578,0.9217823,0.01914376,0.0230900049,-0.00740504265,0.127752319,-0.366055578,0.9217823,0.01914376,0.0230900049,-0.00740504265,0.127752319,-0.366055578,0.9217823,NaN,NaN,NaN,NaN,0.128412232,1.37445145E-19,-0.618997931,0.8553072,Plane,XR.DevicePose:Eye Tracking OpenXR
4.277881,0.0200946629,0.02380991,-0.008787453,0.124566786,-0.371848166,0.919897854,0.0200946629,0.02380991,-0.008787453,0.124566786,-0.371848166,0.919897854,0.0200946629,0.02380991,-0.008787453,0.124566786,-0.371848166,0.919897854,NaN,NaN,NaN,NaN,0.125217423,1.40436049E-19,-0.632467747,0.843919456,Plane,XR.DevicePose:Eye Tracking OpenXR
4.28970766,0.0212053955,0.0244694948,-0.0104201436,0.13091512,-0.369536459,0.919947863,0.0212053955,0.0244694948,-0.0104201436,0.13091512,-0.369536459,0.919947863,0.0212053955,0.0244694948,-0.0104201436,0.13091512,-0.369536459,0.919947863,NaN,NaN,NaN,NaN,0.1326084,1.39346213E-19,-0.627559543,0.8509836,Plane,XR.DevicePose:Eye Tracking OpenXR
4.299914,0.02181527,0.024795413,-0.0114279985,0.134311691,-0.3550953,0.9251312,0.02181527,0.024795413,-0.0114279985,0.134311691,-0.3550953,0.9251312,0.02181527,0.024795413,-0.0114279985,0.134311691,-0.3550953,0.9251312,NaN,NaN,NaN,NaN,0.140875563,1.31292821E-19,-0.5912903,0.886509657,Plane,XR.DevicePose:Eye Tracking OpenXR
4.311513,0.0225363076,0.0251550674,-0.0126149058,0.149487257,-0.3498241,0.924811661,0.0225363076,0.0251550674,-0.0126149058,0.149487257,-0.3498241,0.924811661,0.0225363076,0.0251550674,-0.0126149058,0.149487257,-0.3498241,0.924811661,NaN,NaN,NaN,NaN,0.157195315,1.28665075E-19,-0.579456031,0.900895834,Plane,XR.DevicePose:Eye Tracking OpenXR
4.3228035,0.0230618417,0.025308013,-0.0135891438,0.154114559,-0.329555243,0.9314731,0.0230618417,0.025308013,-0.0135891438,0.154114559,-0.329555243,0.9314731,0.0230618417,0.025308013,-0.0135891438,0.154114559,-0.329555243,0.9314731,NaN,NaN,NaN,NaN,0.170510992,1.1599281E-19,-0.52238524,0.9567683,Plane,XR.DevicePose:Eye Tracking OpenXR
4.33456755,0.0234652162,0.025385499,-0.0143579841,0.156474143,-0.33373636,0.9295891,0.0234652162,0.025385499,-0.0143579841,0.156474143,-0.33373636,0.9295891,0.0234652162,0.025385499,-0.0143579841,0.156474143,-0.33373636,0.9295891,NaN,NaN,NaN,NaN,0.171345457,1.18989983E-19,-0.535883248,0.9450139,Plane,XR.DevicePose:Eye Tracking OpenXR
4.34524059,0.0237982571,0.0254174471,-0.0150498152,0.1497347,-0.34015128,0.9283731,0.0237982571,0.0254174471,-0.0150498152,0.1497347,-0.34015128,0.9283731,0.0237982571,0.0254174471,-0.0150498152,0.1497347,-0.34015128,0.9283731,NaN,NaN,NaN,NaN,0.16264914,1.23053275E-19,-0.5541827,0.927285731,Plane,XR.DevicePose:Eye Tracking OpenXR
4.35601664,0.0241034329,0.0254122019,-0.0157012939,0.147149086,-0.3269755,0.93350637,0.0241034329,0.0254122019,-0.0157012939,0.147149086,-0.3269755,0.93350637,0.0241034329,0.0254122019,-0.0157012939,0.147149086,-0.3269755,0.93350637,NaN,NaN,NaN,NaN,0.166052565,1.143991E-19,-0.515207767,0.964635551,Plane,XR.DevicePose:Eye Tracking OpenXR
4.367503,0.02444148,0.0253731012,-0.01627791,0.162489176,-0.330041319,0.9298763,0.02444148,0.0253731012,-0.01627791,0.162489176,-0.330041319,0.9298763,0.02444148,0.0253731012,-0.01627791,0.162489176,-0.330041319,0.9298763,NaN,NaN,NaN,NaN,0.17971395,1.171793E-19,-0.5277286,0.955556333,Plane,XR.DevicePose:Eye Tracking OpenXR
4.380039,0.02490434,0.0252789259,-0.0168865323,0.21504283,-0.3072625,0.927009344,0.02490434,0.0252789259,-0.0168865323,0.21504283,-0.3072625,0.927009344,0.02490434,0.0252789259,-0.0168865323,0.21504283,-0.3072625,0.927009344,NaN,NaN,NaN,NaN,0.245553225,1.0340433E-19,-0.4656917,1.02608979,Plane,XR.DevicePose:Eye Tracking OpenXR
4.38979959,0.025210917,0.0250804424,-0.017198503,0.21210672,-0.31233272,0.9259908,0.025210917,0.0250804424,-0.017198503,0.21210672,-0.31233272,0.9259908,0.025210917,0.0250804424,-0.017198503,0.21210672,-0.31233272,0.9259908,NaN,NaN,NaN,NaN,0.239187449,1.07261143E-19,-0.483061224,1.00879741,Plane,XR.DevicePose:Eye Tracking OpenXR
4.40082,0.0256245136,0.0248162746,-0.0175485015,0.205033228,-0.3037464,0.930429757,0.0256245136,0.0248162746,-0.0175485015,0.205033228,-0.3037464,0.930429757,0.0256245136,0.0248162746,-0.0175485015,0.205033228,-0.3037464,0.930429757,NaN,NaN,NaN,NaN,0.238120526,1.00632771E-19,-0.4532097,1.03644454,Plane,XR.DevicePose:Eye Tracking OpenXR
4.41224957,0.0259158313,0.0245958567,-0.01776135,0.202188179,-0.3078649,0.9296984,0.0259158313,0.0245958567,-0.01776135,0.202188179,-0.3078649,0.9296984,0.0259158313,0.0245958567,-0.01776135,0.202188179,-0.3078649,0.9296984,NaN,NaN,NaN,NaN,0.23252365,1.038584E-19,-0.467736661,1.02186334,Plane,XR.DevicePose:Eye Tracking OpenXR
4.42320442,0.0261748135,0.02428031,-0.0178870559,0.1665308,-0.3055108,0.937513,0.0261748135,0.02428031,-0.0178870559,0.1665308,-0.3055108,0.937513,0.0261748135,0.02428031,-0.0178870559,0.1665308,-0.3055108,0.937513,NaN,NaN,NaN,NaN,0.197482079,1.00689071E-19,-0.453463256,1.0287044,Plane,XR.DevicePose:Eye Tracking OpenXR
4.434508,0.0262908638,0.0238515139,-0.0177230239,0.2044357,-0.2977939,0.932483137,0.0262908638,0.0238515139,-0.0177230239,0.2044357,-0.2977939,0.932483137,0.0262908638,0.0238515139,-0.0177230239,0.2044357,-0.2977939,0.932483137,NaN,NaN,NaN,NaN,0.241750449,9.65802254E-20,-0.434958667,1.05392194,Plane,XR.DevicePose:Eye Tracking OpenXR
4.44571972,0.0263763368,0.0236178637,-0.0175755024,0.199501008,-0.301378429,0.932400346,0.0263763368,0.0236178637,-0.0175755024,0.199501008,-0.301378429,0.932400346,0.0263763368,0.0236178637,-0.0175755024,0.199501008,-0.301378429,0.932400346,NaN,NaN,NaN,NaN,0.233978,9.93225359E-20,-0.447308928,1.04061162,Plane,XR.DevicePose:Eye Tracking OpenXR
4.45687962,0.0264261961,0.0233830214,-0.0173821449,0.167500541,-0.309752345,0.9359472,0.0264261961,0.0233830214,-0.0173821449,0.167500541,-0.309752345,0.9359472,0.0264261961,0.0233830214,-0.0173821449,0.167500541,-0.309752345,0.9359472,NaN,NaN,NaN,NaN,0.195890635,1.044641E-19,-0.4704645,1.01172113,Plane,XR.DevicePose:Eye Tracking OpenXR
4.46820927,0.0264148116,0.0231312513,-0.0171498656,0.1901806,-0.301240683,0.934390366,0.0264148116,0.0231312513,-0.0171498656,0.1901806,-0.301240683,0.934390366,0.0264148116,0.0231312513,-0.0171498656,0.1901806,-0.301240683,0.934390366,NaN,NaN,NaN,NaN,0.224095553,9.900463E-20,-0.4458772,1.0394721,Plane,XR.DevicePose:Eye Tracking OpenXR
4.47920942,0.0263594389,0.0228341818,-0.0168590546,0.158693537,-0.318802416,0.934441745,0.0263594389,0.0228341818,-0.0168590546,0.158693537,-0.318802416,0.934441745,0.0263594389,0.0228341818,-0.0168590546,0.158693537,-0.318802416,0.934441745,NaN,NaN,NaN,NaN,0.1820743,1.11002507E-19,-0.499910861,0.9812792,Plane,XR.DevicePose:Eye Tracking OpenXR
4.490247,0.0263119936,0.0226341486,-0.0166422725,0.16448079,-0.3060468,0.9377001,0.0263119936,0.0226341486,-0.0166422725,0.16448079,-0.3060468,0.9377001,0.0263119936,0.0226341486,-0.0166422725,0.16448079,-0.3060468,0.9377001,NaN,NaN,NaN,NaN,0.194340929,1.01864979E-19,-0.458759069,1.02152383,Plane,XR.DevicePose:Eye Tracking OpenXR
4.5022254,0.0261679888,0.0223441124,-0.01622808,0.161430329,-0.325501353,0.931659341,0.0261679888,0.0223441124,-0.01622808,0.161430329,-0.325501353,0.931659341,0.0261679888,0.0223441124,-0.01622808,0.161430329,-0.325501353,0.931659341,NaN,NaN,NaN,NaN,0.1810789,1.15957862E-19,-0.522227764,0.959578454,Plane,XR.DevicePose:Eye Tracking OpenXR
4.512129,0.0260722637,0.02220583,-0.0160241723,0.157256231,-0.32696113,0.931862056,0.0260722637,0.02220583,-0.0160241723,0.157256231,-0.32696113,0.931862056,0.0260722637,0.02220583,-0.0160241723,0.157256231,-0.32696113,0.931862056,NaN,NaN,NaN,NaN,0.176227078,1.1684341E-19,-0.5262159,0.954871237,Plane,XR.DevicePose:Eye Tracking OpenXR
4.5235076,0.0259615183,0.0220062733,-0.0157798529,0.1589967,-0.3232359,0.9328658,0.0259615183,0.0220062733,-0.0157798529,0.1589967,-0.3232359,0.9328658,0.0259615183,0.0220062733,-0.0157798529,0.1589967,-0.3232359,0.9328658,NaN,NaN,NaN,NaN,0.179421887,1.14424708E-19,-0.5153231,0.965258658,Plane,XR.DevicePose:Eye Tracking OpenXR
4.53539658,0.025855273,0.02175653,-0.0155524015,0.153107926,-0.323750734,0.933672,0.025855273,0.02175653,-0.0155524015,0.153107926,-0.323750734,0.933672,0.025855273,0.02175653,-0.0155524015,0.153107926,-0.323750734,0.933672,NaN,NaN,NaN,NaN,0.173294529,1.14679532E-19,-0.51647073,0.9629522,Plane,XR.DevicePose:Eye Tracking OpenXR
4.54585934,0.02578327,0.0215255022,-0.0153877139,0.152616173,-0.32486546,0.9333653,0.02578327,0.0215255022,-0.0153877139,0.152616173,-0.32486546,0.9333653,0.02578327,0.0215255022,-0.0153877139,0.152616173,-0.32486546,0.9333653,NaN,NaN,NaN,NaN,0.1721382,1.1554073E-19,-0.5203492,0.9589368,Plane,XR.DevicePose:Eye Tracking OpenXR
4.55713463,0.0257844329,0.0213640928,-0.0152916312,0.149601564,-0.326136827,0.93341,0.0257844329,0.0213640928,-0.0152916312,0.149601564,-0.326136827,0.93341,0.0257844329,0.0213640928,-0.0152916312,0.149601564,-0.326136827,0.93341,NaN,NaN,NaN,NaN,0.1686096,1.16387233E-19,-0.5241615,0.954703748,Plane,XR.DevicePose:Eye Tracking OpenXR
4.5681777,0.0258228481,0.0213769674,-0.0152585506,0.1478974,-0.32695964,0.933393657,0.0258228481,0.0213769674,-0.0152585506,0.1478974,-0.32695964,0.933393657,0.0258228481,0.0213769674,-0.0152585506,0.1478974,-0.32695964,0.933393657,NaN,NaN,NaN,NaN,0.1666665,1.16873111E-19,-0.5263497,0.9523406,Plane,XR.DevicePose:Eye Tracking OpenXR
4.579451,0.025821954,0.0215637684,-0.0153039694,0.14770624,-0.324584961,0.9342524,0.025821954,0.0215637684,-0.0153039694,0.14770624,-0.324584961,0.9342524,0.025821954,0.0215637684,-0.0153039694,0.14770624,-0.324584961,0.9342524,NaN,NaN,NaN,NaN,0.167596325,1.15136911E-19,-0.518530548,0.9598836,Plane,XR.DevicePose:Eye Tracking OpenXR
4.59051752,0.025806874,0.0218187571,-0.0153924823,0.125936821,-0.297536,0.9463679,0.025806874,0.0218187571,-0.0153924823,0.125936821,-0.297536,0.9463679,0.025806874,0.0218187571,-0.0153924823,0.125936821,-0.297536,0.9463679,NaN,NaN,NaN,NaN,0.157797322,9.40571242E-20,-0.423595637,1.04800332,Plane,XR.DevicePose:Eye Tracking OpenXR
4.60236835,0.0258106,0.02229333,-0.0155915022,0.127090991,-0.2955786,0.9468269,0.0258106,0.02229333,-0.0155915022,0.127090991,-0.2955786,0.9468269,0.0258106,0.02229333,-0.0155915022,0.127090991,-0.2955786,0.9468269,NaN,NaN,NaN,NaN,0.16008614,9.219786E-20,-0.415222257,1.05654907,Plane,XR.DevicePose:Eye Tracking OpenXR
4.613198,0.0258612335,0.0226572752,-0.0158149,0.128684327,-0.296364963,0.9463658,0.0258612335,0.0226572752,-0.0158149,0.128684327,-0.296364963,0.9463658,0.0258612335,0.0226572752,-0.0158149,0.128684327,-0.296364963,0.9463658,NaN,NaN,NaN,NaN,0.16162394,9.268672E-20,-0.417423844,1.05497384,Plane,XR.DevicePose:Eye Tracking OpenXR
4.62425756,0.0258970261,0.0231075287,-0.01615709,0.130451649,-0.292366952,0.947366834,0.0258970261,0.0231075287,-0.01615709,0.130451649,-0.292366952,0.947366834,0.0258970261,0.0231075287,-0.01615709,0.130451649,-0.292366952,0.947366834,NaN,NaN,NaN,NaN,0.165611491,8.91695E-20,-0.401583731,1.07094014,Plane,XR.DevicePose:Eye Tracking OpenXR
4.635122,0.0260358453,0.023651123,-0.0165652037,0.136815414,-0.287792742,0.947869658,0.0260358453,0.023651123,-0.0165652037,0.136815414,-0.287792742,0.947869658,0.0260358453,0.023651123,-0.0165652037,0.136815414,-0.287792742,0.947869658,NaN,NaN,NaN,NaN,0.175142273,8.51604865E-20,-0.383528739,1.08985066,Plane,XR.DevicePose:Eye Tracking OpenXR
4.64637661,0.0261291862,0.02402842,-0.016882658,0.138479561,-0.2839861,0.9487757,0.0261291862,0.02402842,-0.016882658,0.138479561,-0.2839861,0.9487757,0.0261291862,0.02402842,-0.016882658,0.138479561,-0.2839861,0.9487757,NaN,NaN,NaN,NaN,0.179255,8.165423E-20,-0.367737949,1.10578811,Plane,XR.DevicePose:Eye Tracking OpenXR
4.657667,0.02632162,0.0246311426,-0.0174153447,0.149235055,-0.279812068,0.948385,0.02632162,0.0246311426,-0.0174153447,0.149235055,-0.279812068,0.948385,0.02632162,0.0246311426,-0.0174153447,0.149235055,-0.279812068,0.948385,NaN,NaN,NaN,NaN,0.194132313,7.794117E-20,-0.351015866,1.12443733,Plane,XR.DevicePose:Eye Tracking OpenXR
4.669005,0.0265695155,0.0249487162,-0.01795876,0.1519138,-0.280518651,0.947750747,0.0265695155,0.0249487162,-0.01795876,0.1519138,-0.280518651,0.947750747,0.0265695155,0.0249487162,-0.01795876,0.1519138,-0.280518651,0.947750747,NaN,NaN,NaN,NaN,0.197130412,7.857802E-20,-0.353883952,1.122737,Plane,XR.DevicePose:Eye Tracking OpenXR
4.679568,0.02669537,0.025049448,-0.0183033943,0.153876528,-0.280825466,0.9473432,0.02669537,0.025049448,-0.0183033943,0.153876528,-0.280825466,0.9473432,0.02669537,0.025049448,-0.0183033943,0.153876528,-0.280825466,0.9473432,NaN,NaN,NaN,NaN,0.199335784,7.89386666E-20,-0.355508149,1.12186921,Plane,XR.DevicePose:Eye Tracking OpenXR
4.69139147,0.0268513262,0.02505207,-0.0188099742,0.156871438,-0.281288624,0.946714342,0.0268513262,0.02505207,-0.0188099742,0.156871438,-0.281288624,0.946714342,0.0268513262,0.02505207,-0.0188099742,0.156871438,-0.281288624,0.946714342,NaN,NaN,NaN,NaN,0.202548474,7.95941555E-20,-0.358460218,1.12003136,Plane,XR.DevicePose:Eye Tracking OpenXR
4.702235,0.0268878043,0.02497685,-0.019125998,0.156910717,-0.282437,0.9463659,0.0268878043,0.02497685,-0.019125998,0.156910717,-0.282437,0.9463659,0.0268878043,0.02497685,-0.019125998,0.156910717,-0.282437,0.9463659,NaN,NaN,NaN,NaN,0.201874942,8.076393E-20,-0.363728434,1.115211,Plane,XR.DevicePose:Eye Tracking OpenXR
4.713284,0.02686426,0.0248013735,-0.0195005536,0.154884651,-0.285255551,0.9458541,0.02686426,0.0248013735,-0.0195005536,0.154884651,-0.285255551,0.9458541,0.02686426,0.0248013735,-0.0195005536,0.154884651,-0.285255551,0.9458541,NaN,NaN,NaN,NaN,0.197792023,8.34173E-20,-0.375678122,1.10357678,Plane,XR.DevicePose:Eye Tracking OpenXR
4.72460032,0.0267853737,0.0246096849,-0.019743979,0.155457124,-0.285404265,0.9457153,0.0267853737,0.0246096849,-0.019743979,0.155457124,-0.285404265,0.9457153,0.0267853737,0.0246096849,-0.019743979,0.155457124,-0.285404265,0.9457153,NaN,NaN,NaN,NaN,0.198149651,8.376714E-20,-0.377253652,1.10233,Plane,XR.DevicePose:Eye Tracking OpenXR
4.73860645,0.0267502069,0.0243463516,-0.0199018717,0.15313457,-0.288321376,0.945209265,0.0267502069,0.0243463516,-0.0199018717,0.15313457,-0.288321376,0.945209265,0.0267502069,0.0243463516,-0.0199018717,0.15313457,-0.288321376,0.945209265,NaN,NaN,NaN,NaN,0.1936972,8.645853E-20,-0.389374644,1.09026384,Plane,XR.DevicePose:Eye Tracking OpenXR
4.74911,0.02666995,0.02417326,-0.0199363232,0.150404289,-0.290726483,0.944910944,0.02666995,0.02417326,-0.0199363232,0.150404289,-0.290726483,0.944910944,0.02666995,0.02417326,-0.0199363232,0.150404289,-0.290726483,0.944910944,NaN,NaN,NaN,NaN,0.189208969,8.855567E-20,-0.3988193,1.08064878,Plane,XR.DevicePose:Eye Tracking OpenXR
4.75927544,0.026606977,0.0240877867,-0.0199477077,0.1489086,-0.291954279,0.944769263,0.026606977,0.0240877867,-0.0199477077,0.1489086,-0.291954279,0.944769263,0.026606977,0.0240877867,-0.0199477077,0.1489086,-0.291954279,0.944769263,NaN,NaN,NaN,NaN,0.186812863,8.960699E-20,-0.403554,1.07581151,Plane,XR.DevicePose:Eye Tracking OpenXR
4.769461,0.0265831053,0.0240762234,-0.01995349,0.148065448,-0.292322069,0.944788039,0.0265831053,0.0240762234,-0.01995349,0.148065448,-0.292322069,0.944788039,0.0265831053,0.0240762234,-0.01995349,0.148065448,-0.292322069,0.944788039,NaN,NaN,NaN,NaN,0.185668454,8.989604E-20,-0.404855758,1.07441854,Plane,XR.DevicePose:Eye Tracking OpenXR
4.78155947,0.02640742,0.0241061449,-0.019980669,0.14689903,-0.29196924,0.945079148,0.02640742,0.0241061449,-0.019980669,0.14689903,-0.29196924,0.945079148,0.02640742,0.0241061449,-0.019980669,0.14689903,-0.29196924,0.945079148,NaN,NaN,NaN,NaN,0.184446558,8.95386759E-20,-0.403246343,1.07581925,Plane,XR.DevicePose:Eye Tracking OpenXR
4.79142237,0.02627635,0.02424264,-0.0199636221,0.145161837,-0.291848242,0.9453849,0.02627635,0.02424264,-0.0199636221,0.145161837,-0.291848242,0.9453849,0.02627635,0.02424264,-0.0199636221,0.145161837,-0.291848242,0.9453849,NaN,NaN,NaN,NaN,0.182574973,8.927002E-20,-0.402036458,1.076733,Plane,XR.DevicePose:Eye Tracking OpenXR
4.803609,0.0261487663,0.0243923664,-0.0199075937,0.144495577,-0.290499747,0.945902169,0.0261487663,0.0243923664,-0.0199075937,0.144495577,-0.290499747,0.945902169,0.0261487663,0.0243923664,-0.0199075937,0.144495577,-0.290499747,0.945902169,NaN,NaN,NaN,NaN,0.18253921,8.79759E-20,-0.396208227,1.08224654,Plane,XR.DevicePose:Eye Tracking OpenXR
4.81387,0.0260047913,0.02447617,-0.01986742,0.142901152,-0.2901447,0.9462533,0.0260047913,0.02447617,-0.01986742,0.142901152,-0.2901447,0.9462533,0.0260047913,0.02447617,-0.01986742,0.142901152,-0.2901447,0.9462533,NaN,NaN,NaN,NaN,0.1808822,8.754369E-20,-0.394261718,1.08385968,Plane,XR.DevicePose:Eye Tracking OpenXR
4.825255,0.0258695781,0.02451849,-0.0198319554,0.141556844,-0.289599478,0.9466223,0.0258695781,0.02451849,-0.0198319554,0.141556844,-0.289599478,0.9466223,0.0258695781,0.02451849,-0.0198319554,0.141556844,-0.289599478,0.9466223,NaN,NaN,NaN,NaN,0.179606661,8.6987386E-20,-0.391756356,1.08604646,Plane,XR.DevicePose:Eye Tracking OpenXR
4.836163,0.0257571638,0.024533987,-0.0198400617,0.13920638,-0.290169418,0.946796358,0.0257571638,0.024533987,-0.0198400617,0.13920638,-0.290169418,0.946796358,0.0257571638,0.024533987,-0.0198400617,0.13920638,-0.290169418,0.946796358,NaN,NaN,NaN,NaN,0.176656231,8.73844262E-20,-0.393544465,1.08396661,Plane,XR.DevicePose:Eye Tracking OpenXR
4.84722376,0.025595814,0.0245314837,-0.0198528171,0.137920722,-0.290376365,0.946921051,0.025595814,0.0245314837,-0.0198528171,0.137920722,-0.290376365,0.946921051,0.025595814,0.0245314837,-0.0198528171,0.137920722,-0.290376365,0.946921051,NaN,NaN,NaN,NaN,0.174993262,8.75214668E-20,-0.394161642,1.08318555,Plane,XR.DevicePose:Eye Tracking OpenXR
4.85977173,0.0254567564,0.0244573355,-0.0198428035,0.136794612,-0.291014552,0.946888447,0.0254567564,0.0244573355,-0.0198428035,0.136794612,-0.291014552,0.946888447,0.0254567564,0.0244573355,-0.0198428035,0.136794612,-0.291014552,0.946888447,NaN,NaN,NaN,NaN,0.173276648,8.808007E-20,-0.396677375,1.08055532,Plane,XR.DevicePose:Eye Tracking OpenXR
4.87073755,0.0252999067,0.0243754387,-0.0198143125,0.136235833,-0.291738659,0.9467462,0.0252999067,0.0243754387,-0.0198143125,0.136235833,-0.291738659,0.9467462,0.0252999067,0.0243754387,-0.0198143125,0.136235833,-0.291738659,0.9467462,NaN,NaN,NaN,NaN,0.1721084,8.873072E-20,-0.399607658,1.07759261,Plane,XR.DevicePose:Eye Tracking OpenXR
4.881261,0.0251371861,0.0243222713,-0.01977706,0.135358945,-0.2916709,0.946892858,0.0251371861,0.0243222713,-0.01977706,0.135358945,-0.2916709,0.946892858,0.0251371861,0.0243222713,-0.01977706,0.135358945,-0.2916709,0.946892858,NaN,NaN,NaN,NaN,0.171011671,8.8673025E-20,-0.3993478,1.07766068,Plane,XR.DevicePose:Eye Tracking OpenXR
4.89206648,0.0249564946,0.02430749,-0.0197329521,0.133548841,-0.2917305,0.947131455,0.0249564946,0.02430749,-0.0197329521,0.133548841,-0.2917305,0.947131455,0.0249564946,0.02430749,-0.0197329521,0.133548841,-0.2917305,0.947131455,NaN,NaN,NaN,NaN,0.168848023,8.866311E-20,-0.399303168,1.07738984,Plane,XR.DevicePose:Eye Tracking OpenXR
4.903759,0.0248238444,0.024314642,-0.0197021961,0.1320232,-0.291546941,0.9474019,0.0248238444,0.024314642,-0.0197021961,0.1320232,-0.291546941,0.9474019,0.0248238444,0.024314642,-0.0197021961,0.1320232,-0.291546941,0.9474019,NaN,NaN,NaN,NaN,0.167167172,8.844372E-20,-0.398315132,1.07809269,Plane,XR.DevicePose:Eye Tracking OpenXR
4.91468763,0.0246799886,0.0242990255,-0.0196583867,0.132356018,-0.2914643,0.947380841,0.0246799886,0.0242990255,-0.0196583867,0.132356018,-0.2914643,0.947380841,0.0246799886,0.0242990255,-0.0196583867,0.132356018,-0.2914643,0.947380841,NaN,NaN,NaN,NaN,0.167411551,8.83860256E-20,-0.3980553,1.0783447,Plane,XR.DevicePose:Eye Tracking OpenXR
4.9260416,0.024594754,0.0242497921,-0.019611001,0.1318203,-0.292585,0.947110057,0.024594754,0.0242497921,-0.019611001,0.1318203,-0.292585,0.947110057,0.024594754,0.0242497921,-0.019611001,0.1318203,-0.292585,0.947110057,NaN,NaN,NaN,NaN,0.1661837,8.934431E-20,-0.402371,1.07404613,Plane,XR.DevicePose:Eye Tracking OpenXR
4.93694448,0.0245502,0.0242197514,-0.019551456,0.130682468,-0.293205768,0.9470757,0.0245502,0.0242197514,-0.019551456,0.130682468,-0.293205768,0.9470757,0.0245502,0.0242197514,-0.019551456,0.130682468,-0.293205768,0.9470757,NaN,NaN,NaN,NaN,0.164598212,8.983903E-20,-0.404599041,1.07166982,Plane,XR.DevicePose:Eye Tracking OpenXR
4.947558,0.0244990289,0.0241652727,-0.01948005,0.133915767,-0.297832668,0.945178449,0.0244990289,0.0241652727,-0.01948005,0.133915767,-0.297832668,0.945178449,0.0244990289,0.0241652727,-0.01948005,0.133915767,-0.297832668,0.945178449,NaN,NaN,NaN,NaN,0.165754542,9.38071541E-20,-0.422469854,1.05483806,Plane,XR.DevicePose:Eye Tracking OpenXR
4.959297,0.0244166851,0.0240945816,-0.0194218755,0.1284451,-0.2934887,0.9472942,0.0244166851,0.0240945816,-0.0194218755,0.1284451,-0.2934887,0.9472942,0.0244166851,0.0240945816,-0.0194218755,0.1284451,-0.2934887,0.9472942,NaN,NaN,NaN,NaN,0.16188024,9.00653E-20,-0.405618042,1.07021,Plane,XR.DevicePose:Eye Tracking OpenXR
4.97032261,0.02429086,0.0239795446,-0.0193964243,0.128125831,-0.294383675,0.9470597,0.02429086,0.0239795446,-0.0193964243,0.128125831,-0.294383675,0.9470597,0.02429086,0.0239795446,-0.0193964243,0.128125831,-0.294383675,0.9470597,NaN,NaN,NaN,NaN,0.160944447,9.08817264E-20,-0.4092949,1.06656575,Plane,XR.DevicePose:Eye Tracking OpenXR
4.980985,0.0242114067,0.02390635,-0.0193741918,0.128750548,-0.29873237,0.945612133,0.0242114067,0.02390635,-0.0193741918,0.128750548,-0.29873237,0.945612133,0.0242114067,0.02390635,-0.0193741918,0.128750548,-0.29873237,0.945612133,NaN,NaN,NaN,NaN,0.159484133,9.453108E-20,-0.425730139,1.0507946,Plane,XR.DevicePose:Eye Tracking OpenXR
4.99338245,0.023995012,0.0237332582,-0.0193152428,0.1259176,-0.300260246,0.9455097,0.023995012,0.0237332582,-0.0193152428,0.1259176,-0.300260246,0.9455097,0.023995012,0.0237332582,-0.0193152428,0.1259176,-0.300260246,0.9455097,NaN,NaN,NaN,NaN,0.155562147,9.57855E-20,-0.431379527,1.04487109,Plane,XR.DevicePose:Eye Tracking OpenXR
5.00356674,0.0238622427,0.0236008167,-0.0192943811,0.125152484,-0.301650941,0.945168555,0.0238622427,0.0236008167,-0.0192943811,0.125152484,-0.301650941,0.945168555,0.0238622427,0.0236008167,-0.0192943811,0.125152484,-0.301650941,0.945168555,NaN,NaN,NaN,NaN,0.1539707,9.69631066E-20,-0.436683,1.03961492,Plane,XR.DevicePose:Eye Tracking OpenXR
5.01477575,0.0236881971,0.02351904,-0.0192736983,0.125522673,-0.300902,0.945358157,0.0236881971,0.02351904,-0.0192736983,0.125522673,-0.300902,0.945358157,0.0236881971,0.02351904,-0.0192736983,0.125522673,-0.300902,0.945358157,NaN,NaN,NaN,NaN,0.1544833,9.64286251E-20,-0.4342759,1.04193068,Plane,XR.DevicePose:Eye Tracking OpenXR
5.02572727,0.0234975219,0.0234364271,-0.0192473531,0.125744045,-0.301094532,0.945267439,0.0234975219,0.0234364271,-0.0192473531,0.125744045,-0.301094532,0.945267439,0.0234975219,0.0234364271,-0.0192473531,0.125744045,-0.301094532,0.945267439,NaN,NaN,NaN,NaN,0.154399857,9.664122E-20,-0.435233355,1.04099011,Plane,XR.DevicePose:Eye Tracking OpenXR
5.037654,0.0233478248,0.0234519243,-0.0191778541,0.125113159,-0.3015841,0.9451951,0.0233478248,0.0234519243,-0.0191778541,0.125113159,-0.3015841,0.9451951,0.0233478248,0.0234519243,-0.0191778541,0.125113159,-0.3015841,0.9451951,NaN,NaN,NaN,NaN,0.153380617,9.6986384E-20,-0.4367878,1.03935158,Plane,XR.DevicePose:Eye Tracking OpenXR
5.04796171,0.0232259035,0.0234482288,-0.0191292167,0.125213534,-0.302761465,0.9448053,0.0232259035,0.0234482288,-0.0191292167,0.125213534,-0.302761465,0.9448053,0.0232259035,0.0234482288,-0.0191292167,0.125213534,-0.302761465,0.9448053,NaN,NaN,NaN,NaN,0.152850136,9.79160057E-20,-0.440974474,1.03529763,Plane,XR.DevicePose:Eye Tracking OpenXR
5.059799,0.0231051445,0.0234417915,-0.0190697312,0.125460222,-0.302429527,0.9448789,0.0231051445,0.0234417915,-0.0190697312,0.125460222,-0.302429527,0.9448789,0.0231051445,0.0234417915,-0.0190697312,0.125460222,-0.302429527,0.9448789,NaN,NaN,NaN,NaN,0.153118357,9.765198E-20,-0.439785421,1.03641272,Plane,XR.DevicePose:Eye Tracking OpenXR
5.071099,0.0229416788,0.0233736038,-0.0190514922,0.12580727,-0.302035272,0.944958866,0.0229416788,0.0233736038,-0.0190514922,0.12580727,-0.302035272,0.944958866,0.0229416788,0.0233736038,-0.0190514922,0.12580727,-0.302035272,0.944958866,NaN,NaN,NaN,NaN,0.153475985,9.73930337E-20,-0.438619226,1.03753972,Plane,XR.DevicePose:Eye Tracking OpenXR
5.08147049,0.0227930546,0.0233100653,-0.0190361142,0.126303166,-0.301785469,0.9449725,0.0227930546,0.0233100653,-0.0190361142,0.126303166,-0.301785469,0.9449725,0.0227930546,0.0233100653,-0.0190361142,0.126303166,-0.301785469,0.9449725,NaN,NaN,NaN,NaN,0.153917059,9.725045E-20,-0.437977076,1.0381881,Plane,XR.DevicePose:Eye Tracking OpenXR
5.092766,0.0226334929,0.0232436657,-0.0190250874,0.126118988,-0.301578522,0.9450632,0.0226334929,0.0232436657,-0.0190250874,0.126118988,-0.301578522,0.9450632,0.0226334929,0.0232436657,-0.0190250874,0.126118988,-0.301578522,0.9450632,NaN,NaN,NaN,NaN,0.153625,9.71237735E-20,-0.4374066,1.03868032,Plane,XR.DevicePose:Eye Tracking OpenXR
5.10403824,0.02247563,0.0231940746,-0.0189977288,0.126658663,-0.301587343,0.9449882,0.02247563,0.0231940746,-0.0189977288,0.126658663,-0.301587343,0.9449882,0.02247563,0.0231940746,-0.0189977288,0.126658663,-0.301587343,0.9449882,NaN,NaN,NaN,NaN,0.154006466,9.717592E-20,-0.4376414,1.03848553,Plane,XR.DevicePose:Eye Tracking OpenXR
5.11506271,0.0223377049,0.0231895447,-0.01900053,0.126676381,-0.3021666,0.944800735,0.0223377049,0.0231895447,-0.01900053,0.126676381,-0.3021666,0.944800735,0.0223377049,0.0231895447,-0.01900053,0.126676381,-0.3021666,0.944800735,NaN,NaN,NaN,NaN,0.153636917,9.764055E-20,-0.439733922,1.03647971,Plane,XR.DevicePose:Eye Tracking OpenXR
5.125581,0.0221992135,0.02319777,-0.019010365,0.126765624,-0.3017058,0.944936037,0.0221992135,0.02319777,-0.019010365,0.126765624,-0.3017058,0.944936037,0.0221992135,0.02319777,-0.019010365,0.126765624,-0.3017058,0.944936037,NaN,NaN,NaN,NaN,0.153785929,9.727371E-20,-0.438081861,1.03809,Plane,XR.DevicePose:Eye Tracking OpenXR
5.13688755,0.0221339464,0.0232849121,-0.0190283656,0.126642525,-0.302419633,0.9447243,0.0221339464,0.0232849121,-0.0190283656,0.126642525,-0.302419633,0.9447243,0.0221339464,0.0232849121,-0.0190283656,0.126642525,-0.302419633,0.9447243,NaN,NaN,NaN,NaN,0.153332934,9.778003E-20,-0.4403621,1.03592777,Plane,XR.DevicePose:Eye Tracking OpenXR
5.148245,0.0221069753,0.0234011412,-0.0190497637,0.126613036,-0.301974446,0.944870651,0.0221069753,0.0234011412,-0.0190497637,0.126613036,-0.301974446,0.944870651,0.0221069753,0.0234011412,-0.0190497637,0.126613036,-0.301974446,0.944870651,NaN,NaN,NaN,NaN,0.153505787,9.734999E-20,-0.438425362,1.03784,Plane,XR.DevicePose:Eye Tracking OpenXR
5.160102,0.0221013129,0.02353251,-0.0190580487,0.126487046,-0.301816523,0.944938,0.0221013129,0.02353251,-0.0190580487,0.126487046,-0.301816523,0.944938,0.0221013129,0.02353251,-0.0190580487,0.126487046,-0.301816523,0.944938,NaN,NaN,NaN,NaN,0.153493866,9.71310437E-20,-0.437439322,1.03881824,Plane,XR.DevicePose:Eye Tracking OpenXR
5.17088842,0.0220260918,0.02361834,-0.019092977,0.126341015,-0.3014398,0.9450778,0.0220260918,0.02361834,-0.019092977,0.126341015,-0.3014398,0.9450778,0.0220260918,0.02361834,-0.019092977,0.126341015,-0.3014398,0.9450778,NaN,NaN,NaN,NaN,0.153470024,9.67743543E-20,-0.435832947,1.04040122,Plane,XR.DevicePose:Eye Tracking OpenXR
5.181503,0.0219607353,0.023691535,-0.0191375017,0.1269021,-0.301101983,0.9451103,0.0219607353,0.023691535,-0.0191375017,0.1269021,-0.301101983,0.9451103,0.0219607353,0.023691535,-0.0191375017,0.1269021,-0.301101983,0.9451103,NaN,NaN,NaN,NaN,0.1541674,9.648077E-20,-0.434510738,1.04181159,Plane,XR.DevicePose:Eye Tracking OpenXR
5.19264841,0.0219212174,0.0237338543,-0.0191716552,0.126961887,-0.301099747,0.945103,0.0219212174,0.0237338543,-0.0191716552,0.126961887,-0.301099747,0.945103,0.0219212174,0.0237338543,-0.0191716552,0.126961887,-0.301099747,0.945103,NaN,NaN,NaN,NaN,0.154209122,9.645891E-20,-0.4344123,1.04195988,Plane,XR.DevicePose:Eye Tracking OpenXR
5.20351744,0.0219212174,0.0237338543,-0.0191716552,0.126961887,-0.301099747,0.945103,0.0219212174,0.0237338543,-0.0191716552,0.126961887,-0.301099747,0.945103,0.0219212174,0.0237338543,-0.0191716552,0.126961887,-0.301099747,0.945103,NaN,NaN,NaN,NaN,0.154209122,9.645891E-20,-0.4344123,1.04195988,Plane,XR.DevicePose:Eye Tracking OpenXR
5.215471,0.0218113363,0.0237215757,-0.019289434,0.127061859,-0.30188188,0.94484,0.0218113363,0.0237215757,-0.019289434,0.127061859,-0.30188188,0.94484,0.0218113363,0.0237215757,-0.019289434,0.127061859,-0.30188188,0.94484,NaN,NaN,NaN,NaN,0.1538515,9.7120775E-20,-0.4373931,1.03921974,Plane,XR.DevicePose:Eye Tracking OpenXR
5.22641659,0.021789819,0.0236884356,-0.01933211,0.126734212,-0.3024287,0.9447091,0.021789819,0.0236884356,-0.01933211,0.126734212,-0.3024287,0.9447091,0.021789819,0.0236884356,-0.01933211,0.126734212,-0.3024287,0.9447091,NaN,NaN,NaN,NaN,0.1532316,9.757758E-20,-0.439450324,1.03723109,Plane,XR.DevicePose:Eye Tracking OpenXR
5.23771524,0.0217734277,0.023733139,-0.0193734169,0.126706749,-0.3025241,0.94468224,0.0217734277,0.023733139,-0.0193734169,0.126706749,-0.3025241,0.94468224,0.0217734277,0.023733139,-0.0193734169,0.126706749,-0.3025241,0.94468224,NaN,NaN,NaN,NaN,0.153172,9.763057E-20,-0.439688981,1.03705168,Plane,XR.DevicePose:Eye Tracking OpenXR
5.248715,0.0217763186,0.02379191,-0.01941818,0.127055645,-0.302011967,0.944799244,0.0217763186,0.02379191,-0.01941818,0.127055645,-0.302011967,0.944799244,0.0217763186,0.02379191,-0.01941818,0.127055645,-0.302011967,0.944799244,NaN,NaN,NaN,NaN,0.153785929,9.720383E-20,-0.437767118,1.03900492,Plane,XR.DevicePose:Eye Tracking OpenXR
5.259731,0.0218041837,0.0238333941,-0.0194683671,0.1270065,-0.301827729,0.94486475,0.0218041837,0.0238333941,-0.0194683671,0.1270065,-0.301827729,0.94486475,0.0218041837,0.0238333941,-0.0194683671,0.1270065,-0.301827729,0.94486475,NaN,NaN,NaN,NaN,0.153863415,9.70380052E-20,-0.437020332,1.03977656,Plane,XR.DevicePose:Eye Tracking OpenXR
5.271721,0.0218506753,0.0238274336,-0.0195183754,0.12741527,-0.3022952,0.944660246,0.0218506753,0.0238274336,-0.0195183754,0.12741527,-0.3022952,0.944660246,0.0218506753,0.0238274336,-0.0195183754,0.12741527,-0.3022952,0.944660246,NaN,NaN,NaN,NaN,0.154125676,9.74377E-20,-0.4388204,1.03814888,Plane,XR.DevicePose:Eye Tracking OpenXR
5.282578,0.0218737721,0.0237579346,-0.0195727944,0.127598241,-0.302574933,0.944546,0.0218737721,0.0237579346,-0.0195727944,0.127598241,-0.302574933,0.944546,0.0218737721,0.0237579346,-0.0195727944,0.127598241,-0.302574933,0.944546,NaN,NaN,NaN,NaN,0.154191241,9.772561E-20,-0.440117031,1.03695941,Plane,XR.DevicePose:Eye Tracking OpenXR
5.29378557,0.0218947828,0.023701787,-0.01962787,0.127791509,-0.302976638,0.9443911,0.0218947828,0.023701787,-0.01962787,0.127791509,-0.302976638,0.9443911,0.0218947828,0.023701787,-0.01962787,0.127791509,-0.302976638,0.9443911,NaN,NaN,NaN,NaN,0.154203162,9.8100635E-20,-0.441805959,1.03539932,Plane,XR.DevicePose:Eye Tracking OpenXR
5.305062,0.0219249129,0.0236152411,-0.019708097,0.127715424,-0.302745849,0.944475353,0.0219249129,0.0236152411,-0.019708097,0.127715424,-0.302745849,0.944475353,0.0219249129,0.0236152411,-0.019708097,0.127715424,-0.302745849,0.944475353,NaN,NaN,NaN,NaN,0.154215083,9.79934958E-20,-0.441323459,1.03590274,Plane,XR.DevicePose:Eye Tracking OpenXR
5.3161974,0.0219376981,0.0235666037,-0.0197839737,0.128857985,-0.3033805,0.9441165,0.0219376981,0.0235666037,-0.0197839737,0.128857985,-0.3033805,0.9441165,0.0219376981,0.0235666037,-0.0197839737,0.128857985,-0.3033805,0.9441165,NaN,NaN,NaN,NaN,0.155121073,9.858078E-20,-0.443968356,1.03357553,Plane,XR.DevicePose:Eye Tracking OpenXR
5.32775736,0.0219779015,0.0234633684,-0.0198761821,0.1288194,-0.303425729,0.9441072,0.0219779015,0.0234633684,-0.0198761821,0.1288194,-0.303425729,0.9441072,0.0219779015,0.0234633684,-0.0198761821,0.1288194,-0.303425729,0.9441072,NaN,NaN,NaN,NaN,0.155061468,9.870703E-20,-0.444536924,1.03308094,Plane,XR.DevicePose:Eye Tracking OpenXR
5.338554,0.0220066011,0.0233641863,-0.0199032426,0.129901573,-0.303616673,0.9438975,0.0220066011,0.0233641863,-0.0199032426,0.129901573,-0.303616673,0.9438975,0.0220066011,0.0233641863,-0.0199032426,0.129901573,-0.303616673,0.9438975,NaN,NaN,NaN,NaN,0.156080708,9.89657755E-20,-0.4457022,1.03210461,Plane,XR.DevicePose:Eye Tracking OpenXR
5.35014629,0.0220613778,0.023203969,-0.0199238062,0.130440012,-0.3036051,0.943827,0.0220613778,0.023203969,-0.0199238062,0.130440012,-0.3036051,0.943827,0.0220613778,0.023203969,-0.0199238062,0.130440012,-0.3036051,0.943827,NaN,NaN,NaN,NaN,0.15662311,9.908886E-20,-0.446256518,1.03161633,Plane,XR.DevicePose:Eye Tracking OpenXR
5.360935,0.0220901668,0.02310884,-0.0199204087,0.131152838,-0.303965569,0.943612158,0.0220901668,0.02310884,-0.0199204087,0.131152838,-0.303965569,0.943612158,0.0220901668,0.02310884,-0.0199204087,0.131152838,-0.303965569,0.943612158,NaN,NaN,NaN,NaN,0.157189354,9.94592146E-20,-0.4479245,1.03007984,Plane,XR.DevicePose:Eye Tracking OpenXR
5.371497,0.0221200883,0.0230456591,-0.0199388862,0.131403,-0.3037177,0.94365716,0.0221200883,0.0230456591,-0.0199388862,0.131403,-0.3037177,0.94365716,0.0221200883,0.0230456591,-0.0199388862,0.131403,-0.3037177,0.94365716,NaN,NaN,NaN,NaN,0.1575589,9.93204356E-20,-0.44729948,1.0307126,Plane,XR.DevicePose:Eye Tracking OpenXR
5.382768,0.0221374333,0.02303338,-0.0199581981,0.132157415,-0.3036496,0.9435737,0.0221374333,0.02303338,-0.0199581981,0.132157415,-0.3036496,0.9435737,0.0221374333,0.02303338,-0.0199581981,0.132157415,-0.3036496,0.9435737,NaN,NaN,NaN,NaN,0.158369526,9.930389E-20,-0.447224975,1.03090346,Plane,XR.DevicePose:Eye Tracking OpenXR
5.393798,0.02214101,0.0229994059,-0.0199659467,0.13246356,-0.303307146,0.9436409,0.02214101,0.0229994059,-0.0199659467,0.13246356,-0.303307146,0.9436409,0.02214101,0.0229994059,-0.0199659467,0.13246356,-0.303307146,0.9436409,NaN,NaN,NaN,NaN,0.158846363,9.906981E-20,-0.446170747,1.03195524,Plane,XR.DevicePose:Eye Tracking OpenXR
5.40516472,0.0221045911,0.0229249,-0.01994884,0.132670522,-0.303234935,0.943635046,0.0221045911,0.0229249,-0.01994884,0.132670522,-0.303234935,0.943635046,0.0221045911,0.0229249,-0.01994884,0.132670522,-0.303234935,0.943635046,NaN,NaN,NaN,NaN,0.159019217,9.906732E-20,-0.446159542,1.03195536,Plane,XR.DevicePose:Eye Tracking OpenXR
5.41614246,0.0220739245,0.0228453875,-0.0199264288,0.132803708,-0.303934246,0.9433913,0.0220739245,0.0228453875,-0.0199264288,0.132803708,-0.303934246,0.9433913,0.0220739245,0.0228453875,-0.0199264288,0.132803708,-0.303934246,0.9433913,NaN,NaN,NaN,NaN,0.158762917,9.96704E-20,-0.448875546,1.02931929,Plane,XR.DevicePose:Eye Tracking OpenXR
5.427215,0.0220166743,0.0227854252,-0.0199000239,0.132730365,-0.304374725,0.9432596,0.0220166743,0.0227854252,-0.0199000239,0.132730365,-0.304374725,0.9432596,0.0220166743,0.0227854252,-0.0199000239,0.132730365,-0.304374725,0.9432596,NaN,NaN,NaN,NaN,0.15842317,1.00047857E-19,-0.4505755,1.02763271,Plane,XR.DevicePose:Eye Tracking OpenXR
5.438475,0.02195099,0.0227342844,-0.0198630691,0.1325962,-0.305596381,0.9428834,0.02195099,0.0227342844,-0.0198630691,0.1325962,-0.305596381,0.9428834,0.02195099,0.0227342844,-0.0198630691,0.1325962,-0.305596381,0.9428834,NaN,NaN,NaN,NaN,0.157654271,1.010206E-19,-0.454956353,1.02335727,Plane,XR.DevicePose:Eye Tracking OpenXR
5.449443,0.0218781829,0.0226734877,-0.0198031664,0.131919131,-0.3066331,0.942641735,0.0218781829,0.0226734877,-0.0198031664,0.131919131,-0.3066331,0.942641735,0.0218781829,0.0226734877,-0.0198031664,0.131919131,-0.3066331,0.942641735,NaN,NaN,NaN,NaN,0.156402573,1.01827956E-19,-0.458592325,1.019699,Plane,XR.DevicePose:Eye Tracking OpenXR
5.46045732,0.0218006372,0.0226458311,-0.0197338462,0.130820453,-0.3073463,0.9425626,0.0218006372,0.0226458311,-0.0197338462,0.130820453,-0.3073463,0.9425626,0.0218006372,0.0226458311,-0.0197338462,0.130820453,-0.3073463,0.9425626,NaN,NaN,NaN,NaN,0.154888615,1.0234453E-19,-0.460918754,1.01724279,Plane,XR.DevicePose:Eye Tracking OpenXR
5.47174168,0.0216710865,0.022565484,-0.0196434259,0.130157948,-0.308340967,0.9423294,0.0216710865,0.022565484,-0.0196434259,0.130157948,-0.308340967,0.9423294,0.0216710865,0.022565484,-0.0196434259,0.130157948,-0.308340967,0.9423294,NaN,NaN,NaN,NaN,0.153619036,1.03118274E-19,-0.4644034,1.01370084,Plane,XR.DevicePose:Eye Tracking OpenXR
5.48324347,0.0215411186,0.022480607,-0.0195301771,0.128803551,-0.309827775,0.9420278,0.0215411186,0.022480607,-0.0195301771,0.128803551,-0.309827775,0.9420278,0.0215411186,0.022480607,-0.0195301771,0.128803551,-0.309827775,0.9420278,NaN,NaN,NaN,NaN,0.151455387,1.04235834E-19,-0.469436437,1.00856209,Plane,XR.DevicePose:Eye Tracking OpenXR
5.494084,0.021404922,0.0223230124,-0.0194147229,0.1277935,-0.31174472,0.9415328,0.021404922,0.0223230124,-0.0194147229,0.1277935,-0.31174472,0.9415328,0.021404922,0.0223230124,-0.0194147229,0.1277935,-0.31174472,0.9415328,NaN,NaN,NaN,NaN,0.14942883,1.05723305E-19,-0.4761354,1.001855,Plane,XR.DevicePose:Eye Tracking OpenXR
5.505185,0.0212628841,0.0221208334,-0.0192574263,0.126806512,-0.3134833,0.9410889,0.0212628841,0.0221208334,-0.0192574263,0.126806512,-0.3134833,0.9410889,0.0212628841,0.0221208334,-0.0192574263,0.126806512,-0.3134833,0.9410889,NaN,NaN,NaN,NaN,0.14750956,1.07082931E-19,-0.482258618,0.995653749,Plane,XR.DevicePose:Eye Tracking OpenXR
5.5163393,0.0211139321,0.0218478441,-0.0190485716,0.125685468,-0.3159439,0.9404162,0.0211139321,0.0218478441,-0.0190485716,0.125685468,-0.3159439,0.9404162,0.0211139321,0.0218478441,-0.0190485716,0.125685468,-0.3159439,0.9404162,NaN,NaN,NaN,NaN,0.1451671,1.08984884E-19,-0.4908243,0.9870354,Plane,XR.DevicePose:Eye Tracking OpenXR
5.540547,0.0209086537,0.02151668,-0.0185456276,0.122978248,-0.319520444,0.939565361,0.0209086537,0.02151668,-0.0185456276,0.122978248,-0.319520444,0.939565361,0.0209086537,0.02151668,-0.0185456276,0.122978248,-0.319520444,0.939565361,NaN,NaN,NaN,NaN,0.140804037,1.11580913E-19,-0.5025158,0.9749506,Plane,XR.DevicePose:Eye Tracking OpenXR
5.545475,0.02087447,0.0215170383,-0.01848787,0.1217879,-0.3205416,0.93937254,0.02087447,0.0215170383,-0.01848787,0.1217879,-0.3205416,0.93937254,0.02087447,0.0215170383,-0.01848787,0.1217879,-0.3205416,0.93937254,NaN,NaN,NaN,NaN,0.139236435,1.122574E-19,-0.5055624,0.971845865,Plane,XR.DevicePose:Eye Tracking OpenXR
5.54950142,0.0208304822,0.0215306282,-0.0183743238,0.121317387,-0.32035774,0.93949616,0.0208304822,0.0215306282,-0.0183743238,0.121317387,-0.32035774,0.93949616,0.0208304822,0.0215306282,-0.0183743238,0.121317387,-0.32035774,0.93949616,NaN,NaN,NaN,NaN,0.138807282,1.12080349E-19,-0.504765034,0.972445965,Plane,XR.DevicePose:Eye Tracking OpenXR
5.561294,0.0207111239,0.0215358734,-0.0181794167,0.11961209,-0.321288168,0.9393971,0.0207111239,0.0215358734,-0.0181794167,0.11961209,-0.321288168,0.9393971,0.0207111239,0.0215358734,-0.0181794167,0.11961209,-0.321288168,0.9393971,NaN,NaN,NaN,NaN,0.136691317,1.12642483E-19,-0.5072967,0.969646156,Plane,XR.DevicePose:Eye Tracking OpenXR
5.5722003,0.0205372274,0.0215215683,-0.01800716,0.118516132,-0.3208544,0.9396842,0.0205372274,0.0215215683,-0.01800716,0.118516132,-0.3208544,0.9396842,0.0205372274,0.0215215683,-0.01800716,0.118516132,-0.3208544,0.9396842,NaN,NaN,NaN,NaN,0.135606512,1.12278188E-19,-0.505656,0.9709125,Plane,XR.DevicePose:Eye Tracking OpenXR
5.5836916,0.0203311145,0.0214723349,-0.0177798867,0.116800629,-0.32133764,0.939733863,0.0203311145,0.0214723349,-0.0177798867,0.116800629,-0.32133764,0.939733863,0.0203311145,0.0214723349,-0.0177798867,0.116800629,-0.32133764,0.939733863,NaN,NaN,NaN,NaN,0.133538231,1.12553652E-19,-0.5068966,0.9692992,Plane,XR.DevicePose:Eye Tracking OpenXR
5.594404,0.0201123953,0.021351099,-0.01757431,0.115088515,-0.322199941,0.9396498,0.0201123953,0.021351099,-0.01757431,0.115088515,-0.322199941,0.9396498,0.0201123953,0.021351099,-0.01757431,0.115088515,-0.322199941,0.9396498,NaN,NaN,NaN,NaN,0.131309018,1.13145848E-19,-0.5095636,0.96632874,Plane,XR.DevicePose:Eye Tracking OpenXR
5.605759,0.0198926628,0.0212240219,-0.0174092054,0.113624543,-0.322824121,0.93961376,0.0198926628,0.0212240219,-0.0174092054,0.113624543,-0.322824121,0.93961376,0.0198926628,0.0212240219,-0.0174092054,0.113624543,-0.322824121,0.93961376,NaN,NaN,NaN,NaN,0.129425511,1.13588855E-19,-0.5115588,0.9640667,Plane,XR.DevicePose:Eye Tracking OpenXR
5.61687469,0.0196908414,0.0211586952,-0.0172683,0.111405678,-0.3231553,0.939765632,0.0196908414,0.0211586952,-0.0172683,0.111405678,-0.3231553,0.939765632,0.0196908414,0.0211586952,-0.0172683,0.111405678,-0.3231553,0.939765632,NaN,NaN,NaN,NaN,0.126963839,1.1377342E-19,-0.512389958,0.962876439,Plane,XR.DevicePose:Eye Tracking OpenXR
5.63146973,0.0194617212,0.0212427378,-0.0171558857,0.109740354,-0.322563052,0.940165,0.0194617212,0.0212427378,-0.0171558857,0.109740354,-0.322563052,0.940165,0.0194617212,0.0212427378,-0.0171558857,0.109740354,-0.322563052,0.940165,NaN,NaN,NaN,NaN,0.125354514,1.13239643E-19,-0.509986043,0.964904964,Plane,XR.DevicePose:Eye Tracking OpenXR
5.63931656,0.0193778574,0.02135706,-0.0171212554,0.109800786,-0.3211311,0.94064796,0.0193778574,0.02135706,-0.0171212554,0.109800786,-0.3211311,0.94064796,0.0193778574,0.02135706,-0.0171212554,0.109800786,-0.3211311,0.94064796,NaN,NaN,NaN,NaN,0.12582539,1.121554E-19,-0.505103052,0.969563663,Plane,XR.DevicePose:Eye Tracking OpenXR
5.65001726,0.0192349255,0.021679163,-0.0171092153,0.109213866,-0.319979221,0.9411087,0.0192349255,0.021679163,-0.0171092153,0.109213866,-0.319979221,0.9411087,0.0192349255,0.021679163,-0.0171092153,0.109213866,-0.319979221,0.9411087,NaN,NaN,NaN,NaN,0.125610813,1.1111384E-19,-0.5004123,0.9740605,Plane,XR.DevicePose:Eye Tracking OpenXR
5.66150665,0.0191775262,0.022020936,-0.0171154737,0.109210327,-0.31784752,0.941831231,0.0191775262,0.022020936,-0.0171154737,0.109210327,-0.31784752,0.941831231,0.0191775262,0.022020936,-0.0171154737,0.109210327,-0.31784752,0.941831231,NaN,NaN,NaN,NaN,0.126379713,1.09367908E-19,-0.4925493,0.981668532,Plane,XR.DevicePose:Eye Tracking OpenXR
5.67295551,0.0191342235,0.0225251913,-0.0171457529,0.10926158,-0.314411134,0.942978,0.0191342235,0.0225251913,-0.0171457529,0.10926158,-0.314411134,0.942978,0.0191342235,0.0225251913,-0.0171457529,0.10926158,-0.314411134,0.942978,NaN,NaN,NaN,NaN,0.1277387,1.06542349E-19,-0.479824036,0.9940017,Plane,XR.DevicePose:Eye Tracking OpenXR
5.683363,0.01912263,0.0228374,-0.0172145963,0.109725662,-0.311700255,0.943823755,0.01912263,0.0228374,-0.0172145963,0.109725662,-0.311700255,0.943823755,0.01912263,0.0228374,-0.0172145963,0.109725662,-0.311700255,0.943823755,NaN,NaN,NaN,NaN,0.1292467,1.04349332E-19,-0.4699476,1.00364816,Plane,XR.DevicePose:Eye Tracking OpenXR
5.694772,0.0191141069,0.0232588053,-0.0173265934,0.111552916,-0.3087959,0.9445639,0.0191141069,0.0232588053,-0.0173265934,0.111552916,-0.3087959,0.9445639,0.0191141069,0.0232588053,-0.0173265934,0.111552916,-0.3087959,0.9445639,NaN,NaN,NaN,NaN,0.132280573,1.01943193E-19,-0.4591113,1.01445258,Plane,XR.DevicePose:Eye Tracking OpenXR
5.70635128,0.0191653371,0.0236036777,-0.0174765587,0.111894272,-0.3059764,0.9454407,0.0191653371,0.0236036777,-0.0174765587,0.111894272,-0.3059764,0.9454407,0.0191653371,0.0236036777,-0.0174765587,0.111894272,-0.3059764,0.9454407,NaN,NaN,NaN,NaN,0.133848175,9.95799442E-20,-0.448468179,1.02492762,Plane,XR.DevicePose:Eye Tracking OpenXR
5.717356,0.0192228556,0.0239963531,-0.0176547766,0.112302169,-0.30311504,0.9463136,0.0192228556,0.0239963531,-0.0176547766,0.112302169,-0.30311504,0.9463136,0.0192228556,0.0239963531,-0.0176547766,0.112302169,-0.30311504,0.9463136,NaN,NaN,NaN,NaN,0.135564789,9.711566E-20,-0.437370032,1.03589833,Plane,XR.DevicePose:Eye Tracking OpenXR
5.7282505,0.01935494,0.0245119333,-0.0179334879,0.113341339,-0.298822463,0.9475542,0.01935494,0.0245119333,-0.0179334879,0.113341339,-0.298822463,0.9475542,0.01935494,0.0245119333,-0.0179334879,0.113341339,-0.298822463,0.9475542,NaN,NaN,NaN,NaN,0.138640389,9.339831E-20,-0.420628577,1.0525043,Plane,XR.DevicePose:Eye Tracking OpenXR
5.74008,0.0195227861,0.02496171,-0.01823777,0.114239454,-0.295501471,0.948487341,0.0195227861,0.02496171,-0.01823777,0.114239454,-0.295501471,0.948487341,0.0195227861,0.02496171,-0.01823777,0.114239454,-0.295501471,0.948487341,NaN,NaN,NaN,NaN,0.141280875,9.043608E-20,-0.4072879,1.06585491,Plane,XR.DevicePose:Eye Tracking OpenXR
5.75129747,0.0197563767,0.0253654718,-0.0185912251,0.116048187,-0.291328579,0.949558,0.0197563767,0.0253654718,-0.0185912251,0.116048187,-0.291328579,0.949558,0.0197563767,0.0253654718,-0.0185912251,0.116048187,-0.291328579,0.949558,NaN,NaN,NaN,NaN,0.145387635,8.675001E-20,-0.390687317,1.08250785,Plane,XR.DevicePose:Eye Tracking OpenXR
5.76225758,0.0198756456,0.0255807638,-0.0188561082,0.116802514,-0.290718526,0.949652553,0.0198756456,0.0255807638,-0.0188561082,0.116802514,-0.290718526,0.949652553,0.0198756456,0.0255807638,-0.0188561082,0.116802514,-0.290718526,0.949652553,NaN,NaN,NaN,NaN,0.146669134,8.61509642E-20,-0.387989461,1.08551991,Plane,XR.DevicePose:Eye Tracking OpenXR
5.7734623,0.0200115442,0.0257534981,-0.0191213489,0.118216664,-0.2882616,0.9502263,0.0200115442,0.0257534981,-0.0191213489,0.118216664,-0.2882616,0.9502263,0.0200115442,0.0257534981,-0.0191213489,0.118216664,-0.2882616,0.9502263,NaN,NaN,NaN,NaN,0.149500355,8.399296E-20,-0.3782707,1.09537148,Plane,XR.DevicePose:Eye Tracking OpenXR
5.784251,0.02010125,0.0258491039,-0.0193221569,0.11940074,-0.2847169,0.951146543,0.02010125,0.0258491039,-0.0193221569,0.11940074,-0.2847169,0.951146543,0.02010125,0.0258491039,-0.0193221569,0.11940074,-0.2847169,0.951146543,NaN,NaN,NaN,NaN,0.152552113,8.086267E-20,-0.364173084,1.10934448,Plane,XR.DevicePose:Eye Tracking OpenXR
5.79541826,0.0202372372,0.0259885788,-0.0196272731,0.121624738,-0.282208234,0.9516123,0.0202372372,0.0259885788,-0.0196272731,0.121624738,-0.282208234,0.9516123,0.0202372372,0.0259885788,-0.0196272731,0.121624738,-0.282208234,0.9516123,NaN,NaN,NaN,NaN,0.156432375,7.862753E-20,-0.354106933,1.11970007,Plane,XR.DevicePose:Eye Tracking OpenXR
5.8065834,0.0203915834,0.0260449648,-0.0199190974,0.124105856,-0.280744553,0.9517249,0.0203915834,0.0260449648,-0.0199190974,0.124105856,-0.280744553,0.9517249,0.0203915834,0.0260449648,-0.0199190974,0.124105856,-0.280744553,0.9517249,NaN,NaN,NaN,NaN,0.160104021,7.738825E-20,-0.3485257,1.1257385,Plane,XR.DevicePose:Eye Tracking OpenXR
5.81752157,0.0204980671,0.0260907412,-0.0201030374,0.12436147,-0.281731337,0.951399863,0.0204980671,0.0260907412,-0.0201030374,0.12436147,-0.281731337,0.951399863,0.0204980671,0.0260907412,-0.0201030374,0.12436147,-0.281731337,0.951399863,NaN,NaN,NaN,NaN,0.160026535,7.830899E-20,-0.352672338,1.121958,Plane,XR.DevicePose:Eye Tracking OpenXR
5.82914,0.0206025541,0.0260752439,-0.0202832222,0.126629323,-0.280112833,0.9515786,0.0206025541,0.0260752439,-0.0202832222,0.126629323,-0.280112833,0.9515786,0.0206025541,0.0260752439,-0.0202832222,0.126629323,-0.280112833,0.9515786,NaN,NaN,NaN,NaN,0.163495526,7.694641E-20,-0.3465358,1.12838542,Plane,XR.DevicePose:Eye Tracking OpenXR
5.840176,0.0206673145,0.0261399746,-0.0204440951,0.127480716,-0.279224664,0.95172596,0.0206673145,0.0261399746,-0.0204440951,0.127480716,-0.279224664,0.95172596,0.0206673145,0.0261399746,-0.0204440951,0.127480716,-0.279224664,0.95172596,NaN,NaN,NaN,NaN,0.164997563,7.61377167E-20,-0.3428938,1.13220644,Plane,XR.DevicePose:Eye Tracking OpenXR
5.85217762,0.02068913,0.0261551142,-0.0205491185,0.13053681,-0.299482644,0.9451298,0.02068913,0.0261551142,-0.0205491185,0.13053681,-0.299482644,0.9451298,0.02068913,0.0261551142,-0.0205491185,0.13053681,-0.299482644,0.9451298,NaN,NaN,NaN,NaN,0.1584947,9.38811544E-20,-0.422803134,1.05567086,Plane,XR.DevicePose:Eye Tracking OpenXR
5.863196,0.0206807554,0.0261385441,-0.0206432939,0.127518013,-0.304485649,0.9439426,0.0206807554,0.0261385441,-0.0206432939,0.127518013,-0.304485649,0.9439426,0.0206807554,0.0261385441,-0.0206432939,0.127518013,-0.304485649,0.9439426,NaN,NaN,NaN,NaN,0.153076634,9.78273746E-20,-0.440575331,1.03827083,Plane,XR.DevicePose:Eye Tracking OpenXR
5.8747654,0.0206427872,0.0261021852,-0.02070868,0.127539083,-0.3060672,0.943428159,0.0206427872,0.0261021852,-0.02070868,0.127539083,-0.3060672,0.943428159,0.0206427872,0.0261021852,-0.02070868,0.127539083,-0.3060672,0.943428159,NaN,NaN,NaN,NaN,0.152361378,9.910928E-20,-0.4463485,1.03278673,Plane,XR.DevicePose:Eye Tracking OpenXR
5.88854933,0.0205961466,0.026065588,-0.0207739472,0.128330886,-0.306847781,0.943067133,0.0205961466,0.026065588,-0.0207739472,0.128330886,-0.306847781,0.943067133,0.0205961466,0.026065588,-0.0207739472,0.128330886,-0.306847781,0.943067133,NaN,NaN,NaN,NaN,0.15277265,9.97817052E-20,-0.449376822,1.03004038,Plane,XR.DevicePose:Eye Tracking OpenXR
5.8972187,0.020532012,0.0260074139,-0.02078873,0.12746793,-0.306518584,0.9432912,0.020532012,0.0260074139,-0.02078873,0.12746793,-0.306518584,0.9432912,0.020532012,0.0260074139,-0.02078873,0.12746793,-0.306518584,0.9432912,NaN,NaN,NaN,NaN,0.151938185,9.954179E-20,-0.448296368,1.03095675,Plane,XR.DevicePose:Eye Tracking OpenXR
5.90857649,0.0204714537,0.02593112,-0.0207701325,0.126823768,-0.3061426,0.9435001,0.0204714537,0.02593112,-0.0207701325,0.126823768,-0.3061426,0.9435001,0.0204714537,0.02593112,-0.0207701325,0.126823768,-0.3061426,0.9435001,NaN,NaN,NaN,NaN,0.15135406,9.927676E-20,-0.4471028,1.03197372,Plane,XR.DevicePose:Eye Tracking OpenXR
5.9187727,0.02038318,0.0258324146,-0.0207304358,0.126555309,-0.307565033,0.943073452,0.02038318,0.0258324146,-0.0207304358,0.126555309,-0.307565033,0.943073452,0.02038318,0.0258324146,-0.0207304358,0.126555309,-0.307565033,0.943073452,NaN,NaN,NaN,NaN,0.150346741,1.00432315E-19,-0.452306926,1.02688,Plane,XR.DevicePose:Eye Tracking OpenXR
5.92980433,0.0203390718,0.0257872343,-0.0207218528,0.127612248,-0.307227254,0.9430411,0.0203390718,0.0257872343,-0.0207218528,0.127612248,-0.307227254,0.9430411,0.0203390718,0.0257872343,-0.0207218528,0.127612248,-0.307227254,0.9430411,NaN,NaN,NaN,NaN,0.151514992,1.00232189E-19,-0.4514056,1.027862,Plane,XR.DevicePose:Eye Tracking OpenXR
5.94127655,0.0203237534,0.0258228779,-0.0207471848,0.128033146,-0.306751043,0.9431391,0.0203237534,0.0258228779,-0.0207471848,0.128033146,-0.306751043,0.9431391,0.0203237534,0.0258228779,-0.0207471848,0.128033146,-0.306751043,0.9431391,NaN,NaN,NaN,NaN,0.152140841,9.98569657E-20,-0.4497158,1.02957392,Plane,XR.DevicePose:Eye Tracking OpenXR
5.951974,0.020296216,0.0258749723,-0.0207957625,0.129332945,-0.306939185,0.9429005,0.020296216,0.0258749723,-0.0207957625,0.129332945,-0.306939185,0.9429005,0.020296216,0.0258749723,-0.0207957625,0.129332945,-0.306939185,0.9429005,NaN,NaN,NaN,NaN,0.1533985,1.00018867E-19,-0.4504449,1.02911246,Plane,XR.DevicePose:Eye Tracking OpenXR
5.9633956,0.0202634931,0.0258954763,-0.0208286047,0.1301378,-0.3064956,0.942934036,0.0202634931,0.0258954763,-0.0208286047,0.1301378,-0.3064956,0.942934036,0.0202634931,0.0258954763,-0.0208286047,0.1301378,-0.3064956,0.942934036,NaN,NaN,NaN,NaN,0.1543939,9.969265E-20,-0.448975772,1.03066885,Plane,XR.DevicePose:Eye Tracking OpenXR
5.97400045,0.02025634,0.025868535,-0.020819068,0.129732534,-0.3059036,0.9431821,0.02025634,0.025868535,-0.020819068,0.129732534,-0.3059036,0.9431821,0.02025634,0.025868535,-0.020819068,0.129732534,-0.3059036,0.9431821,NaN,NaN,NaN,NaN,0.154227,9.92344735E-20,-0.446912318,1.03257537,Plane,XR.DevicePose:Eye Tracking OpenXR
5.98537827,0.0202116072,0.0257816315,-0.0208147168,0.129359171,-0.306724757,0.94296664,0.0202116072,0.0257816315,-0.0208147168,0.129359171,-0.306724757,0.94296664,0.0202116072,0.0257816315,-0.0208147168,0.129359171,-0.306724757,0.94296664,NaN,NaN,NaN,NaN,0.1533985,9.992105E-20,-0.4500044,1.02952766,Plane,XR.DevicePose:Eye Tracking OpenXR
5.996849,0.02016306,0.0256927013,-0.0208238959,0.128353313,-0.306652,0.943127751,0.02016306,0.0256927013,-0.0208238959,0.128353313,-0.306652,0.943127751,0.02016306,0.0256927013,-0.0208238959,0.128353313,-0.306652,0.943127751,NaN,NaN,NaN,NaN,0.152307734,9.98958367E-20,-0.449890822,1.02948189,Plane,XR.DevicePose:Eye Tracking OpenXR
6.008207,0.0201347172,0.0256358385,-0.0208364725,0.1273457,-0.307240933,0.9430727,0.0201347172,0.0256358385,-0.0208364725,0.1273457,-0.307240933,0.9430727,0.0201347172,0.0256358385,-0.0208364725,0.1273457,-0.307240933,0.9430727,NaN,NaN,NaN,NaN,0.150960669,1.00363181E-19,-0.451995581,1.02732348,Plane,XR.DevicePose:Eye Tracking OpenXR
6.019768,0.0201203227,0.0256515741,-0.020863235,0.127120316,-0.3072487,0.9431006,0.0201203227,0.0256515741,-0.020863235,0.127120316,-0.3072487,0.9431006,0.0201203227,0.0256515741,-0.020863235,0.127120316,-0.3072487,0.9431006,NaN,NaN,NaN,NaN,0.15072225,1.00357507E-19,-0.45197,1.02734864,Plane,XR.DevicePose:Eye Tracking OpenXR
6.029425,0.0201079845,0.02574718,-0.0209158659,0.126337081,-0.30777204,0.9430352,0.0201079845,0.02574718,-0.0209158659,0.126337081,-0.30777204,0.9430352,0.0201079845,0.02574718,-0.0209158659,0.126337081,-0.30777204,0.9430352,NaN,NaN,NaN,NaN,0.149732813,1.00684851E-19,-0.453444242,1.0259124,Plane,XR.DevicePose:Eye Tracking OpenXR
6.041105,0.02010417,0.025829196,-0.0209466219,0.125815332,-0.307714581,0.943123639,0.02010417,0.025829196,-0.0209466219,0.125815332,-0.307714581,0.943123639,0.02010417,0.025829196,-0.0209466219,0.125815332,-0.307714581,0.943123639,NaN,NaN,NaN,NaN,0.149244055,1.00575611E-19,-0.452952266,1.02637053,Plane,XR.DevicePose:Eye Tracking OpenXR
6.05215168,0.02012521,0.0259087086,-0.0209960341,0.126043886,-0.3075374,0.943150938,0.02012521,0.0259087086,-0.0209960341,0.126043886,-0.3075374,0.943150938,0.02012521,0.0259087086,-0.0209960341,0.126043886,-0.3075374,0.943150938,NaN,NaN,NaN,NaN,0.149601683,1.00402362E-19,-0.452172,1.02722037,Plane,XR.DevicePose:Eye Tracking OpenXR
6.063106,0.020116359,0.0258849859,-0.0210649371,0.125807256,-0.308896452,0.9427383,0.020116359,0.0258849859,-0.0210649371,0.125807256,-0.308896452,0.9427383,0.020116359,0.0258849859,-0.0210649371,0.125807256,-0.308896452,0.9427383,NaN,NaN,NaN,NaN,0.148767218,1.014739E-19,-0.4569978,1.02262414,Plane,XR.DevicePose:Eye Tracking OpenXR
6.074446,0.0200970471,0.0258393288,-0.02111423,0.125877544,-0.309609562,0.942495,0.0200970471,0.0258393288,-0.02111423,0.125877544,-0.309609562,0.942495,0.0200970471,0.0258393288,-0.02111423,0.125877544,-0.309609562,0.942495,NaN,NaN,NaN,NaN,0.148516878,1.02063884E-19,-0.459654868,1.02012134,Plane,XR.DevicePose:Eye Tracking OpenXR
6.088892,0.02008593,0.02577746,-0.0212022662,0.12540105,-0.310214579,0.942359567,0.02008593,0.02577746,-0.0212022662,0.12540105,-0.310214579,0.942359567,0.02008593,0.02577746,-0.0212022662,0.12540105,-0.310214579,0.942359567,NaN,NaN,NaN,NaN,0.147742018,1.0257216E-19,-0.461943924,1.01793242,Plane,XR.DevicePose:Eye Tracking OpenXR
6.09667253,0.02008596,0.0257781744,-0.02129078,0.125003427,-0.310158759,0.942430735,0.02008596,0.0257781744,-0.02129078,0.125003427,-0.310158759,0.942430735,0.02008596,0.0257781744,-0.02129078,0.125003427,-0.310158759,0.942430735,NaN,NaN,NaN,NaN,0.147354588,1.02536908E-19,-0.461785167,1.01811779,Plane,XR.DevicePose:Eye Tracking OpenXR
6.10828543,0.0200767517,0.02576375,-0.0213763714,0.1252802,-0.3103376,0.9423351,0.0200767517,0.02576375,-0.0213763714,0.1252802,-0.3103376,0.9423351,0.0200767517,0.02576375,-0.0213763714,0.1252802,-0.3103376,0.9423351,NaN,NaN,NaN,NaN,0.147551283,1.02710041E-19,-0.4625649,1.01748466,Plane,XR.DevicePose:Eye Tracking OpenXR
6.11945772,0.0200882256,0.025758028,-0.0214532018,0.12508072,-0.310890138,0.942179441,0.0200882256,0.025758028,-0.0214532018,0.12508072,-0.310890138,0.942179441,0.0200882256,0.025758028,-0.0214532018,0.12508072,-0.310890138,0.942179441,NaN,NaN,NaN,NaN,0.14712809,1.03144433E-19,-0.4645212,1.0156579,Plane,XR.DevicePose:Eye Tracking OpenXR
6.130027,0.0201160014,0.0257209539,-0.0215340853,0.125241473,-0.310766459,0.942198932,0.0201160014,0.0257209539,-0.0215340853,0.125241473,-0.310766459,0.942198932,0.0201160014,0.0257209539,-0.0215340853,0.125241473,-0.310766459,0.942198932,NaN,NaN,NaN,NaN,0.147354588,1.0309837E-19,-0.464313745,1.01594281,Plane,XR.DevicePose:Eye Tracking OpenXR
6.141405,0.0201574862,0.0256890059,-0.021607101,0.125179932,-0.311630756,0.9419216,0.0201574862,0.0256890059,-0.021607101,0.125179932,-0.311630756,0.9419216,0.0201574862,0.0256890059,-0.021607101,0.125179932,-0.311630756,0.9419216,NaN,NaN,NaN,NaN,0.146967158,1.03787915E-19,-0.4674192,1.01302254,Plane,XR.DevicePose:Eye Tracking OpenXR
6.152814,0.02021256,0.0256178379,-0.021709919,0.124973983,-0.312042445,0.941812634,0.02021256,0.0256178379,-0.021709919,0.124973983,-0.312042445,0.941812634,0.02021256,0.0256178379,-0.021709919,0.124973983,-0.312042445,0.941812634,NaN,NaN,NaN,NaN,0.146621451,1.04162421E-19,-0.46910584,1.011458,Plane,XR.DevicePose:Eye Tracking OpenXR
6.16404867,0.0202274621,0.0255781412,-0.021761179,0.1253866,-0.3121435,0.9417243,0.0202274621,0.0255781412,-0.021761179,0.1253866,-0.3121435,0.9417243,0.0202274621,0.0255781412,-0.021761179,0.1253866,-0.3121435,0.9417243,NaN,NaN,NaN,NaN,0.14699696,1.04288754E-19,-0.469674766,1.01100338,Plane,XR.DevicePose:Eye Tracking OpenXR
6.2090764,NaN,NaN,NaN,NaN,NaN,NaN,NaN,NaN,NaN,NaN,NaN,NaN,NaN,NaN,NaN,NaN,NaN,NaN,NaN,NaN,NaN,NaN,NaN,NaN,NaN,NaN,None,Unavailable
